ISO-10303-21;
HEADER;
FILE_DESCRIPTION(('Open CASCADE Model'),'2;1');
FILE_NAME('Open CASCADE Shape Model','2026-10-03T20:16:11',('Author'),(
    'Open CASCADE'),'Open CASCADE STEP processor 8.0','build123d',
  'Unknown');
FILE_SCHEMA(('AUTOMOTIVE_DESIGN { 1 0 10303 214 1 1 1 1 }'));
ENDSEC;
DATA;
#1 = APPLICATION_PROTOCOL_DEFINITION('international standard',
  'automotive_design',2000,#2);
#2 = APPLICATION_CONTEXT(
  'core data for automotive mechanical design processes');
#3 = SHAPE_DEFINITION_REPRESENTATION(#4,#10);
#4 = PRODUCT_DEFINITION_SHAPE('','',#5);
#5 = PRODUCT_DEFINITION('design','',#6,#9);
#6 = PRODUCT_DEFINITION_FORMATION('','',#7);
#7 = PRODUCT('COMPOUND','COMPOUND','',(#8));
#8 = PRODUCT_CONTEXT('',#2,'mechanical');
#9 = PRODUCT_DEFINITION_CONTEXT('part definition',#2,'design');
#10 = SHAPE_REPRESENTATION('',(#11,#15,#6459),#6945);
#11 = AXIS2_PLACEMENT_3D('',#12,#13,#14);
#12 = CARTESIAN_POINT('',(0.,0.,0.));
#13 = DIRECTION('',(0.,0.,1.));
#14 = DIRECTION('',(1.,0.,-0.));
#15 = MANIFOLD_SOLID_BREP('',#16);
#16 = CLOSED_SHELL('',(#17,#319,#501,#564,#850,#913,#1094,#1143,#1278,
    #1367,#1530,#1639,#1666,#1693,#1700,#1728,#1826,#2389,#2467,#2495,
    #2530,#2585,#2640,#2645,#2650,#2705,#2760,#2940,#3011,#3060,#3109,
    #3158,#3207,#3234,#3239,#3288,#3365,#3672,#3725,#3937,#3942,#3969,
    #3982,#4132,#4167,#4202,#4232,#4262,#4288,#4293,#4373,#4757,#4820,
    #4968,#4995,#5021,#5026,#5052,#5057,#5084,#5111,#5117,#5250,#5389,
    #5422,#5428,#5455,#5568,#5637,#5746,#5773,#5800,#5807,#5842,#5897,
    #5952,#6007,#6062,#6244,#6279,#6314,#6344,#6374,#6400,#6405,#6432));
#17 = ADVANCED_FACE('',(#18),#32,.F.);
#18 = FACE_BOUND('',#19,.F.);
#19 = EDGE_LOOP('',(#20,#55,#83,#111,#139,#173,#202,#230,#264,#293));
#20 = ORIENTED_EDGE('',*,*,#21,.T.);
#21 = EDGE_CURVE('',#22,#24,#26,.T.);
#22 = VERTEX_POINT('',#23);
#23 = CARTESIAN_POINT('',(285.,160.,490.));
#24 = VERTEX_POINT('',#25);
#25 = CARTESIAN_POINT('',(285.,160.,520.));
#26 = SURFACE_CURVE('',#27,(#31,#43),.PCURVE_S1.);
#27 = LINE('',#28,#29);
#28 = CARTESIAN_POINT('',(285.,160.,490.));
#29 = VECTOR('',#30,1.);
#30 = DIRECTION('',(0.,0.,1.));
#31 = PCURVE('',#32,#37);
#32 = PLANE('',#33);
#33 = AXIS2_PLACEMENT_3D('',#34,#35,#36);
#34 = CARTESIAN_POINT('',(285.,-160.,490.));
#35 = DIRECTION('',(1.,0.,-0.));
#36 = DIRECTION('',(0.,0.,1.));
#37 = DEFINITIONAL_REPRESENTATION('',(#38),#42);
#38 = LINE('',#39,#40);
#39 = CARTESIAN_POINT('',(0.,-320.));
#40 = VECTOR('',#41,1.);
#41 = DIRECTION('',(1.,0.));
#42 = ( GEOMETRIC_REPRESENTATION_CONTEXT(2) 
PARAMETRIC_REPRESENTATION_CONTEXT() REPRESENTATION_CONTEXT('2D SPACE',''
  ) );
#43 = PCURVE('',#44,#49);
#44 = PLANE('',#45);
#45 = AXIS2_PLACEMENT_3D('',#46,#47,#48);
#46 = CARTESIAN_POINT('',(285.,160.,490.));
#47 = DIRECTION('',(-0.,1.,0.));
#48 = DIRECTION('',(0.,0.,1.));
#49 = DEFINITIONAL_REPRESENTATION('',(#50),#54);
#50 = LINE('',#51,#52);
#51 = CARTESIAN_POINT('',(0.,0.));
#52 = VECTOR('',#53,1.);
#53 = DIRECTION('',(1.,0.));
#54 = ( GEOMETRIC_REPRESENTATION_CONTEXT(2) 
PARAMETRIC_REPRESENTATION_CONTEXT() REPRESENTATION_CONTEXT('2D SPACE',''
  ) );
#55 = ORIENTED_EDGE('',*,*,#56,.F.);
#56 = EDGE_CURVE('',#57,#24,#59,.T.);
#57 = VERTEX_POINT('',#58);
#58 = CARTESIAN_POINT('',(285.,-160.,520.));
#59 = SURFACE_CURVE('',#60,(#64,#71),.PCURVE_S1.);
#60 = LINE('',#61,#62);
#61 = CARTESIAN_POINT('',(285.,-160.,520.));
#62 = VECTOR('',#63,1.);
#63 = DIRECTION('',(-0.,1.,0.));
#64 = PCURVE('',#32,#65);
#65 = DEFINITIONAL_REPRESENTATION('',(#66),#70);
#66 = LINE('',#67,#68);
#67 = CARTESIAN_POINT('',(30.,0.));
#68 = VECTOR('',#69,1.);
#69 = DIRECTION('',(0.,-1.));
#70 = ( GEOMETRIC_REPRESENTATION_CONTEXT(2) 
PARAMETRIC_REPRESENTATION_CONTEXT() REPRESENTATION_CONTEXT('2D SPACE',''
  ) );
#71 = PCURVE('',#72,#77);
#72 = PLANE('',#73);
#73 = AXIS2_PLACEMENT_3D('',#74,#75,#76);
#74 = CARTESIAN_POINT('',(285.,-160.,520.));
#75 = DIRECTION('',(0.,0.,1.));
#76 = DIRECTION('',(1.,0.,-0.));
#77 = DEFINITIONAL_REPRESENTATION('',(#78),#82);
#78 = LINE('',#79,#80);
#79 = CARTESIAN_POINT('',(0.,0.));
#80 = VECTOR('',#81,1.);
#81 = DIRECTION('',(0.,1.));
#82 = ( GEOMETRIC_REPRESENTATION_CONTEXT(2) 
PARAMETRIC_REPRESENTATION_CONTEXT() REPRESENTATION_CONTEXT('2D SPACE',''
  ) );
#83 = ORIENTED_EDGE('',*,*,#84,.F.);
#84 = EDGE_CURVE('',#85,#57,#87,.T.);
#85 = VERTEX_POINT('',#86);
#86 = CARTESIAN_POINT('',(285.,-160.,490.));
#87 = SURFACE_CURVE('',#88,(#92,#99),.PCURVE_S1.);
#88 = LINE('',#89,#90);
#89 = CARTESIAN_POINT('',(285.,-160.,490.));
#90 = VECTOR('',#91,1.);
#91 = DIRECTION('',(0.,0.,1.));
#92 = PCURVE('',#32,#93);
#93 = DEFINITIONAL_REPRESENTATION('',(#94),#98);
#94 = LINE('',#95,#96);
#95 = CARTESIAN_POINT('',(0.,0.));
#96 = VECTOR('',#97,1.);
#97 = DIRECTION('',(1.,0.));
#98 = ( GEOMETRIC_REPRESENTATION_CONTEXT(2) 
PARAMETRIC_REPRESENTATION_CONTEXT() REPRESENTATION_CONTEXT('2D SPACE',''
  ) );
#99 = PCURVE('',#100,#105);
#100 = PLANE('',#101);
#101 = AXIS2_PLACEMENT_3D('',#102,#103,#104);
#102 = CARTESIAN_POINT('',(285.,-160.,490.));
#103 = DIRECTION('',(-0.,1.,0.));
#104 = DIRECTION('',(0.,0.,1.));
#105 = DEFINITIONAL_REPRESENTATION('',(#106),#110);
#106 = LINE('',#107,#108);
#107 = CARTESIAN_POINT('',(0.,0.));
#108 = VECTOR('',#109,1.);
#109 = DIRECTION('',(1.,0.));
#110 = ( GEOMETRIC_REPRESENTATION_CONTEXT(2) 
PARAMETRIC_REPRESENTATION_CONTEXT() REPRESENTATION_CONTEXT('2D SPACE',''
  ) );
#111 = ORIENTED_EDGE('',*,*,#112,.T.);
#112 = EDGE_CURVE('',#85,#113,#115,.T.);
#113 = VERTEX_POINT('',#114);
#114 = CARTESIAN_POINT('',(285.,-71.17808765547,490.));
#115 = SURFACE_CURVE('',#116,(#120,#127),.PCURVE_S1.);
#116 = LINE('',#117,#118);
#117 = CARTESIAN_POINT('',(285.,-160.,490.));
#118 = VECTOR('',#119,1.);
#119 = DIRECTION('',(-0.,1.,0.));
#120 = PCURVE('',#32,#121);
#121 = DEFINITIONAL_REPRESENTATION('',(#122),#126);
#122 = LINE('',#123,#124);
#123 = CARTESIAN_POINT('',(0.,0.));
#124 = VECTOR('',#125,1.);
#125 = DIRECTION('',(0.,-1.));
#126 = ( GEOMETRIC_REPRESENTATION_CONTEXT(2) 
PARAMETRIC_REPRESENTATION_CONTEXT() REPRESENTATION_CONTEXT('2D SPACE',''
  ) );
#127 = PCURVE('',#128,#133);
#128 = PLANE('',#129);
#129 = AXIS2_PLACEMENT_3D('',#130,#131,#132);
#130 = CARTESIAN_POINT('',(285.,-160.,490.));
#131 = DIRECTION('',(0.,0.,1.));
#132 = DIRECTION('',(1.,0.,-0.));
#133 = DEFINITIONAL_REPRESENTATION('',(#134),#138);
#134 = LINE('',#135,#136);
#135 = CARTESIAN_POINT('',(0.,0.));
#136 = VECTOR('',#137,1.);
#137 = DIRECTION('',(0.,1.));
#138 = ( GEOMETRIC_REPRESENTATION_CONTEXT(2) 
PARAMETRIC_REPRESENTATION_CONTEXT() REPRESENTATION_CONTEXT('2D SPACE',''
  ) );
#139 = ORIENTED_EDGE('',*,*,#140,.F.);
#140 = EDGE_CURVE('',#141,#113,#143,.T.);
#141 = VERTEX_POINT('',#142);
#142 = CARTESIAN_POINT('',(285.,-64.,493.34013248399));
#143 = SURFACE_CURVE('',#144,(#149,#156),.PCURVE_S1.);
#144 = ELLIPSE('',#145,14.079486227004,11.1);
#145 = AXIS2_PLACEMENT_3D('',#146,#147,#148);
#146 = CARTESIAN_POINT('',(285.,-64.,479.26064625699));
#147 = DIRECTION('',(1.,0.,-0.));
#148 = DIRECTION('',(0.,0.,1.));
#149 = PCURVE('',#32,#150);
#150 = DEFINITIONAL_REPRESENTATION('',(#151),#155);
#151 = ELLIPSE('',#152,14.079486227004,11.1);
#152 = AXIS2_PLACEMENT_2D('',#153,#154);
#153 = CARTESIAN_POINT('',(-10.739353743,-96.));
#154 = DIRECTION('',(1.,0.));
#155 = ( GEOMETRIC_REPRESENTATION_CONTEXT(2) 
PARAMETRIC_REPRESENTATION_CONTEXT() REPRESENTATION_CONTEXT('2D SPACE',''
  ) );
#156 = PCURVE('',#157,#162);
#157 = CYLINDRICAL_SURFACE('',#158,11.1);
#158 = AXIS2_PLACEMENT_3D('',#159,#160,#161);
#159 = CARTESIAN_POINT('',(35.539978171693,-64.,284.60271638001));
#160 = DIRECTION('',(0.788381040404,0.,0.615187235833));
#161 = DIRECTION('',(-0.615187235833,0.,0.788381040404));
#162 = DEFINITIONAL_REPRESENTATION('',(#163),#172);
#163 = B_SPLINE_CURVE_WITH_KNOTS('',7,(#164,#165,#166,#167,#168,#169,
    #170,#171),.UNSPECIFIED.,.F.,.F.,(8,8),(0.,0.988803146343),
  .PIECEWISE_BEZIER_KNOTS.);
#164 = CARTESIAN_POINT('',(0.,325.08214557607));
#165 = CARTESIAN_POINT('',(0.141257592335,325.08214557607));
#166 = CARTESIAN_POINT('',(0.282515184669,324.88051096284));
#167 = CARTESIAN_POINT('',(0.423772777004,324.47724392407));
#168 = CARTESIAN_POINT('',(0.565030369339,323.88219299906));
#169 = CARTESIAN_POINT('',(0.706287961673,323.11509667558));
#170 = CARTESIAN_POINT('',(0.847545554008,322.20385516391));
#171 = CARTESIAN_POINT('',(0.988803146343,321.18177699843));
#172 = ( GEOMETRIC_REPRESENTATION_CONTEXT(2) 
PARAMETRIC_REPRESENTATION_CONTEXT() REPRESENTATION_CONTEXT('2D SPACE',''
  ) );
#173 = ORIENTED_EDGE('',*,*,#174,.F.);
#174 = EDGE_CURVE('',#175,#141,#177,.T.);
#175 = VERTEX_POINT('',#176);
#176 = CARTESIAN_POINT('',(285.,-56.82191234452,490.));
#177 = SURFACE_CURVE('',#178,(#183,#190),.PCURVE_S1.);
#178 = ELLIPSE('',#179,14.079486227004,11.1);
#179 = AXIS2_PLACEMENT_3D('',#180,#181,#182);
#180 = CARTESIAN_POINT('',(285.,-64.,479.26064625699));
#181 = DIRECTION('',(1.,0.,-0.));
#182 = DIRECTION('',(0.,0.,1.));
#183 = PCURVE('',#32,#184);
#184 = DEFINITIONAL_REPRESENTATION('',(#185),#189);
#185 = ELLIPSE('',#186,14.079486227004,11.1);
#186 = AXIS2_PLACEMENT_2D('',#187,#188);
#187 = CARTESIAN_POINT('',(-10.739353743,-96.));
#188 = DIRECTION('',(1.,0.));
#189 = ( GEOMETRIC_REPRESENTATION_CONTEXT(2) 
PARAMETRIC_REPRESENTATION_CONTEXT() REPRESENTATION_CONTEXT('2D SPACE',''
  ) );
#190 = PCURVE('',#157,#191);
#191 = DEFINITIONAL_REPRESENTATION('',(#192),#201);
#192 = B_SPLINE_CURVE_WITH_KNOTS('',7,(#193,#194,#195,#196,#197,#198,
    #199,#200),.UNSPECIFIED.,.F.,.F.,(8,8),(5.294382160837,6.28318530718
    ),.PIECEWISE_BEZIER_KNOTS.);
#193 = CARTESIAN_POINT('',(5.294382160837,321.18177699843));
#194 = CARTESIAN_POINT('',(5.435639753171,322.20385516391));
#195 = CARTESIAN_POINT('',(5.576897345506,323.11509667559));
#196 = CARTESIAN_POINT('',(5.718154937841,323.88219299895));
#197 = CARTESIAN_POINT('',(5.859412530175,324.4772439241));
#198 = CARTESIAN_POINT('',(6.00067012251,324.88051096281));
#199 = CARTESIAN_POINT('',(6.141927714845,325.08214557607));
#200 = CARTESIAN_POINT('',(6.28318530718,325.08214557607));
#201 = ( GEOMETRIC_REPRESENTATION_CONTEXT(2) 
PARAMETRIC_REPRESENTATION_CONTEXT() REPRESENTATION_CONTEXT('2D SPACE',''
  ) );
#202 = ORIENTED_EDGE('',*,*,#203,.T.);
#203 = EDGE_CURVE('',#175,#204,#206,.T.);
#204 = VERTEX_POINT('',#205);
#205 = CARTESIAN_POINT('',(285.,56.821912344529,490.));
#206 = SURFACE_CURVE('',#207,(#211,#218),.PCURVE_S1.);
#207 = LINE('',#208,#209);
#208 = CARTESIAN_POINT('',(285.,-160.,490.));
#209 = VECTOR('',#210,1.);
#210 = DIRECTION('',(-0.,1.,0.));
#211 = PCURVE('',#32,#212);
#212 = DEFINITIONAL_REPRESENTATION('',(#213),#217);
#213 = LINE('',#214,#215);
#214 = CARTESIAN_POINT('',(0.,0.));
#215 = VECTOR('',#216,1.);
#216 = DIRECTION('',(0.,-1.));
#217 = ( GEOMETRIC_REPRESENTATION_CONTEXT(2) 
PARAMETRIC_REPRESENTATION_CONTEXT() REPRESENTATION_CONTEXT('2D SPACE',''
  ) );
#218 = PCURVE('',#219,#224);
#219 = PLANE('',#220);
#220 = AXIS2_PLACEMENT_3D('',#221,#222,#223);
#221 = CARTESIAN_POINT('',(285.,-160.,490.));
#222 = DIRECTION('',(0.,0.,1.));
#223 = DIRECTION('',(1.,0.,-0.));
#224 = DEFINITIONAL_REPRESENTATION('',(#225),#229);
#225 = LINE('',#226,#227);
#226 = CARTESIAN_POINT('',(0.,0.));
#227 = VECTOR('',#228,1.);
#228 = DIRECTION('',(0.,1.));
#229 = ( GEOMETRIC_REPRESENTATION_CONTEXT(2) 
PARAMETRIC_REPRESENTATION_CONTEXT() REPRESENTATION_CONTEXT('2D SPACE',''
  ) );
#230 = ORIENTED_EDGE('',*,*,#231,.F.);
#231 = EDGE_CURVE('',#232,#204,#234,.T.);
#232 = VERTEX_POINT('',#233);
#233 = CARTESIAN_POINT('',(285.,64.,493.34013248399));
#234 = SURFACE_CURVE('',#235,(#240,#247),.PCURVE_S1.);
#235 = ELLIPSE('',#236,14.079486227004,11.1);
#236 = AXIS2_PLACEMENT_3D('',#237,#238,#239);
#237 = CARTESIAN_POINT('',(285.,64.,479.26064625699));
#238 = DIRECTION('',(1.,0.,-0.));
#239 = DIRECTION('',(0.,0.,1.));
#240 = PCURVE('',#32,#241);
#241 = DEFINITIONAL_REPRESENTATION('',(#242),#246);
#242 = ELLIPSE('',#243,14.079486227004,11.1);
#243 = AXIS2_PLACEMENT_2D('',#244,#245);
#244 = CARTESIAN_POINT('',(-10.739353743,-224.));
#245 = DIRECTION('',(1.,0.));
#246 = ( GEOMETRIC_REPRESENTATION_CONTEXT(2) 
PARAMETRIC_REPRESENTATION_CONTEXT() REPRESENTATION_CONTEXT('2D SPACE',''
  ) );
#247 = PCURVE('',#248,#253);
#248 = CYLINDRICAL_SURFACE('',#249,11.1);
#249 = AXIS2_PLACEMENT_3D('',#250,#251,#252);
#250 = CARTESIAN_POINT('',(35.539978171693,64.,284.60271638001));
#251 = DIRECTION('',(0.788381040404,0.,0.615187235833));
#252 = DIRECTION('',(-0.615187235833,0.,0.788381040404));
#253 = DEFINITIONAL_REPRESENTATION('',(#254),#263);
#254 = B_SPLINE_CURVE_WITH_KNOTS('',7,(#255,#256,#257,#258,#259,#260,
    #261,#262),.UNSPECIFIED.,.F.,.F.,(8,8),(0.,0.988803146343),
  .PIECEWISE_BEZIER_KNOTS.);
#255 = CARTESIAN_POINT('',(0.,325.08214557607));
#256 = CARTESIAN_POINT('',(0.141257592335,325.08214557607));
#257 = CARTESIAN_POINT('',(0.282515184669,324.88051096284));
#258 = CARTESIAN_POINT('',(0.423772777004,324.47724392407));
#259 = CARTESIAN_POINT('',(0.565030369339,323.88219299906));
#260 = CARTESIAN_POINT('',(0.706287961673,323.11509667558));
#261 = CARTESIAN_POINT('',(0.847545554008,322.20385516391));
#262 = CARTESIAN_POINT('',(0.988803146343,321.18177699843));
#263 = ( GEOMETRIC_REPRESENTATION_CONTEXT(2) 
PARAMETRIC_REPRESENTATION_CONTEXT() REPRESENTATION_CONTEXT('2D SPACE',''
  ) );
#264 = ORIENTED_EDGE('',*,*,#265,.F.);
#265 = EDGE_CURVE('',#266,#232,#268,.T.);
#266 = VERTEX_POINT('',#267);
#267 = CARTESIAN_POINT('',(285.,71.178087655471,490.));
#268 = SURFACE_CURVE('',#269,(#274,#281),.PCURVE_S1.);
#269 = ELLIPSE('',#270,14.079486227004,11.1);
#270 = AXIS2_PLACEMENT_3D('',#271,#272,#273);
#271 = CARTESIAN_POINT('',(285.,64.,479.26064625699));
#272 = DIRECTION('',(1.,0.,-0.));
#273 = DIRECTION('',(0.,0.,1.));
#274 = PCURVE('',#32,#275);
#275 = DEFINITIONAL_REPRESENTATION('',(#276),#280);
#276 = ELLIPSE('',#277,14.079486227004,11.1);
#277 = AXIS2_PLACEMENT_2D('',#278,#279);
#278 = CARTESIAN_POINT('',(-10.739353743,-224.));
#279 = DIRECTION('',(1.,0.));
#280 = ( GEOMETRIC_REPRESENTATION_CONTEXT(2) 
PARAMETRIC_REPRESENTATION_CONTEXT() REPRESENTATION_CONTEXT('2D SPACE',''
  ) );
#281 = PCURVE('',#248,#282);
#282 = DEFINITIONAL_REPRESENTATION('',(#283),#292);
#283 = B_SPLINE_CURVE_WITH_KNOTS('',7,(#284,#285,#286,#287,#288,#289,
    #290,#291),.UNSPECIFIED.,.F.,.F.,(8,8),(5.294382160837,6.28318530718
    ),.PIECEWISE_BEZIER_KNOTS.);
#284 = CARTESIAN_POINT('',(5.294382160837,321.18177699843));
#285 = CARTESIAN_POINT('',(5.435639753171,322.20385516391));
#286 = CARTESIAN_POINT('',(5.576897345506,323.11509667559));
#287 = CARTESIAN_POINT('',(5.718154937841,323.88219299895));
#288 = CARTESIAN_POINT('',(5.859412530176,324.4772439241));
#289 = CARTESIAN_POINT('',(6.00067012251,324.88051096281));
#290 = CARTESIAN_POINT('',(6.141927714845,325.08214557607));
#291 = CARTESIAN_POINT('',(6.28318530718,325.08214557607));
#292 = ( GEOMETRIC_REPRESENTATION_CONTEXT(2) 
PARAMETRIC_REPRESENTATION_CONTEXT() REPRESENTATION_CONTEXT('2D SPACE',''
  ) );
#293 = ORIENTED_EDGE('',*,*,#294,.T.);
#294 = EDGE_CURVE('',#266,#22,#295,.T.);
#295 = SURFACE_CURVE('',#296,(#300,#307),.PCURVE_S1.);
#296 = LINE('',#297,#298);
#297 = CARTESIAN_POINT('',(285.,-160.,490.));
#298 = VECTOR('',#299,1.);
#299 = DIRECTION('',(-0.,1.,0.));
#300 = PCURVE('',#32,#301);
#301 = DEFINITIONAL_REPRESENTATION('',(#302),#306);
#302 = LINE('',#303,#304);
#303 = CARTESIAN_POINT('',(0.,0.));
#304 = VECTOR('',#305,1.);
#305 = DIRECTION('',(0.,-1.));
#306 = ( GEOMETRIC_REPRESENTATION_CONTEXT(2) 
PARAMETRIC_REPRESENTATION_CONTEXT() REPRESENTATION_CONTEXT('2D SPACE',''
  ) );
#307 = PCURVE('',#308,#313);
#308 = PLANE('',#309);
#309 = AXIS2_PLACEMENT_3D('',#310,#311,#312);
#310 = CARTESIAN_POINT('',(285.,-160.,490.));
#311 = DIRECTION('',(0.,0.,1.));
#312 = DIRECTION('',(1.,0.,-0.));
#313 = DEFINITIONAL_REPRESENTATION('',(#314),#318);
#314 = LINE('',#315,#316);
#315 = CARTESIAN_POINT('',(0.,0.));
#316 = VECTOR('',#317,1.);
#317 = DIRECTION('',(0.,1.));
#318 = ( GEOMETRIC_REPRESENTATION_CONTEXT(2) 
PARAMETRIC_REPRESENTATION_CONTEXT() REPRESENTATION_CONTEXT('2D SPACE',''
  ) );
#319 = ADVANCED_FACE('',(#320,#395),#44,.T.);
#320 = FACE_BOUND('',#321,.T.);
#321 = EDGE_LOOP('',(#322,#345,#346,#369));
#322 = ORIENTED_EDGE('',*,*,#323,.F.);
#323 = EDGE_CURVE('',#22,#324,#326,.T.);
#324 = VERTEX_POINT('',#325);
#325 = CARTESIAN_POINT('',(315.,160.,490.));
#326 = SURFACE_CURVE('',#327,(#331,#338),.PCURVE_S1.);
#327 = LINE('',#328,#329);
#328 = CARTESIAN_POINT('',(285.,160.,490.));
#329 = VECTOR('',#330,1.);
#330 = DIRECTION('',(1.,0.,-0.));
#331 = PCURVE('',#44,#332);
#332 = DEFINITIONAL_REPRESENTATION('',(#333),#337);
#333 = LINE('',#334,#335);
#334 = CARTESIAN_POINT('',(0.,0.));
#335 = VECTOR('',#336,1.);
#336 = DIRECTION('',(0.,1.));
#337 = ( GEOMETRIC_REPRESENTATION_CONTEXT(2) 
PARAMETRIC_REPRESENTATION_CONTEXT() REPRESENTATION_CONTEXT('2D SPACE',''
  ) );
#338 = PCURVE('',#308,#339);
#339 = DEFINITIONAL_REPRESENTATION('',(#340),#344);
#340 = LINE('',#341,#342);
#341 = CARTESIAN_POINT('',(0.,320.));
#342 = VECTOR('',#343,1.);
#343 = DIRECTION('',(1.,0.));
#344 = ( GEOMETRIC_REPRESENTATION_CONTEXT(2) 
PARAMETRIC_REPRESENTATION_CONTEXT() REPRESENTATION_CONTEXT('2D SPACE',''
  ) );
#345 = ORIENTED_EDGE('',*,*,#21,.T.);
#346 = ORIENTED_EDGE('',*,*,#347,.T.);
#347 = EDGE_CURVE('',#24,#348,#350,.T.);
#348 = VERTEX_POINT('',#349);
#349 = CARTESIAN_POINT('',(315.,160.,520.));
#350 = SURFACE_CURVE('',#351,(#355,#362),.PCURVE_S1.);
#351 = LINE('',#352,#353);
#352 = CARTESIAN_POINT('',(285.,160.,520.));
#353 = VECTOR('',#354,1.);
#354 = DIRECTION('',(1.,0.,-0.));
#355 = PCURVE('',#44,#356);
#356 = DEFINITIONAL_REPRESENTATION('',(#357),#361);
#357 = LINE('',#358,#359);
#358 = CARTESIAN_POINT('',(30.,0.));
#359 = VECTOR('',#360,1.);
#360 = DIRECTION('',(0.,1.));
#361 = ( GEOMETRIC_REPRESENTATION_CONTEXT(2) 
PARAMETRIC_REPRESENTATION_CONTEXT() REPRESENTATION_CONTEXT('2D SPACE',''
  ) );
#362 = PCURVE('',#72,#363);
#363 = DEFINITIONAL_REPRESENTATION('',(#364),#368);
#364 = LINE('',#365,#366);
#365 = CARTESIAN_POINT('',(0.,320.));
#366 = VECTOR('',#367,1.);
#367 = DIRECTION('',(1.,0.));
#368 = ( GEOMETRIC_REPRESENTATION_CONTEXT(2) 
PARAMETRIC_REPRESENTATION_CONTEXT() REPRESENTATION_CONTEXT('2D SPACE',''
  ) );
#369 = ORIENTED_EDGE('',*,*,#370,.F.);
#370 = EDGE_CURVE('',#324,#348,#371,.T.);
#371 = SURFACE_CURVE('',#372,(#376,#383),.PCURVE_S1.);
#372 = LINE('',#373,#374);
#373 = CARTESIAN_POINT('',(315.,160.,490.));
#374 = VECTOR('',#375,1.);
#375 = DIRECTION('',(0.,0.,1.));
#376 = PCURVE('',#44,#377);
#377 = DEFINITIONAL_REPRESENTATION('',(#378),#382);
#378 = LINE('',#379,#380);
#379 = CARTESIAN_POINT('',(0.,30.));
#380 = VECTOR('',#381,1.);
#381 = DIRECTION('',(1.,0.));
#382 = ( GEOMETRIC_REPRESENTATION_CONTEXT(2) 
PARAMETRIC_REPRESENTATION_CONTEXT() REPRESENTATION_CONTEXT('2D SPACE',''
  ) );
#383 = PCURVE('',#384,#389);
#384 = PLANE('',#385);
#385 = AXIS2_PLACEMENT_3D('',#386,#387,#388);
#386 = CARTESIAN_POINT('',(315.,-160.,490.));
#387 = DIRECTION('',(1.,0.,-0.));
#388 = DIRECTION('',(0.,0.,1.));
#389 = DEFINITIONAL_REPRESENTATION('',(#390),#394);
#390 = LINE('',#391,#392);
#391 = CARTESIAN_POINT('',(0.,-320.));
#392 = VECTOR('',#393,1.);
#393 = DIRECTION('',(1.,0.));
#394 = ( GEOMETRIC_REPRESENTATION_CONTEXT(2) 
PARAMETRIC_REPRESENTATION_CONTEXT() REPRESENTATION_CONTEXT('2D SPACE',''
  ) );
#395 = FACE_BOUND('',#396,.T.);
#396 = EDGE_LOOP('',(#397,#425,#451,#477));
#397 = ORIENTED_EDGE('',*,*,#398,.F.);
#398 = EDGE_CURVE('',#399,#401,#403,.T.);
#399 = VERTEX_POINT('',#400);
#400 = CARTESIAN_POINT('',(287.,160.,518.));
#401 = VERTEX_POINT('',#402);
#402 = CARTESIAN_POINT('',(313.,160.,518.));
#403 = SURFACE_CURVE('',#404,(#408,#414),.PCURVE_S1.);
#404 = LINE('',#405,#406);
#405 = CARTESIAN_POINT('',(286.,160.,518.));
#406 = VECTOR('',#407,1.);
#407 = DIRECTION('',(1.,0.,-0.));
#408 = PCURVE('',#44,#409);
#409 = DEFINITIONAL_REPRESENTATION('',(#410),#413);
#410 = B_SPLINE_CURVE_WITH_KNOTS('',1,(#411,#412),.UNSPECIFIED.,.F.,.F.,
  (2,2),(1.,27.),.PIECEWISE_BEZIER_KNOTS.);
#411 = CARTESIAN_POINT('',(28.,2.));
#412 = CARTESIAN_POINT('',(28.,28.));
#413 = ( GEOMETRIC_REPRESENTATION_CONTEXT(2) 
PARAMETRIC_REPRESENTATION_CONTEXT() REPRESENTATION_CONTEXT('2D SPACE',''
  ) );
#414 = PCURVE('',#415,#420);
#415 = PLANE('',#416);
#416 = AXIS2_PLACEMENT_3D('',#417,#418,#419);
#417 = CARTESIAN_POINT('',(287.,-161.,518.));
#418 = DIRECTION('',(0.,0.,1.));
#419 = DIRECTION('',(1.,0.,-0.));
#420 = DEFINITIONAL_REPRESENTATION('',(#421),#424);
#421 = B_SPLINE_CURVE_WITH_KNOTS('',1,(#422,#423),.UNSPECIFIED.,.F.,.F.,
  (2,2),(1.,27.),.PIECEWISE_BEZIER_KNOTS.);
#422 = CARTESIAN_POINT('',(0.,321.));
#423 = CARTESIAN_POINT('',(26.,321.));
#424 = ( GEOMETRIC_REPRESENTATION_CONTEXT(2) 
PARAMETRIC_REPRESENTATION_CONTEXT() REPRESENTATION_CONTEXT('2D SPACE',''
  ) );
#425 = ORIENTED_EDGE('',*,*,#426,.T.);
#426 = EDGE_CURVE('',#399,#427,#429,.T.);
#427 = VERTEX_POINT('',#428);
#428 = CARTESIAN_POINT('',(287.,160.,492.));
#429 = SURFACE_CURVE('',#430,(#434,#440),.PCURVE_S1.);
#430 = LINE('',#431,#432);
#431 = CARTESIAN_POINT('',(287.,160.,491.));
#432 = VECTOR('',#433,1.);
#433 = DIRECTION('',(-0.,0.,-1.));
#434 = PCURVE('',#44,#435);
#435 = DEFINITIONAL_REPRESENTATION('',(#436),#439);
#436 = B_SPLINE_CURVE_WITH_KNOTS('',1,(#437,#438),.UNSPECIFIED.,.F.,.F.,
  (2,2),(-27.,-1.),.PIECEWISE_BEZIER_KNOTS.);
#437 = CARTESIAN_POINT('',(28.,2.));
#438 = CARTESIAN_POINT('',(2.,2.));
#439 = ( GEOMETRIC_REPRESENTATION_CONTEXT(2) 
PARAMETRIC_REPRESENTATION_CONTEXT() REPRESENTATION_CONTEXT('2D SPACE',''
  ) );
#440 = PCURVE('',#441,#446);
#441 = PLANE('',#442);
#442 = AXIS2_PLACEMENT_3D('',#443,#444,#445);
#443 = CARTESIAN_POINT('',(287.,-161.,492.));
#444 = DIRECTION('',(1.,0.,-0.));
#445 = DIRECTION('',(0.,0.,1.));
#446 = DEFINITIONAL_REPRESENTATION('',(#447),#450);
#447 = B_SPLINE_CURVE_WITH_KNOTS('',1,(#448,#449),.UNSPECIFIED.,.F.,.F.,
  (2,2),(-27.,-1.),.PIECEWISE_BEZIER_KNOTS.);
#448 = CARTESIAN_POINT('',(26.,-321.));
#449 = CARTESIAN_POINT('',(0.,-321.));
#450 = ( GEOMETRIC_REPRESENTATION_CONTEXT(2) 
PARAMETRIC_REPRESENTATION_CONTEXT() REPRESENTATION_CONTEXT('2D SPACE',''
  ) );
#451 = ORIENTED_EDGE('',*,*,#452,.T.);
#452 = EDGE_CURVE('',#427,#453,#455,.T.);
#453 = VERTEX_POINT('',#454);
#454 = CARTESIAN_POINT('',(313.,160.,492.));
#455 = SURFACE_CURVE('',#456,(#460,#466),.PCURVE_S1.);
#456 = LINE('',#457,#458);
#457 = CARTESIAN_POINT('',(286.,160.,492.));
#458 = VECTOR('',#459,1.);
#459 = DIRECTION('',(1.,0.,-0.));
#460 = PCURVE('',#44,#461);
#461 = DEFINITIONAL_REPRESENTATION('',(#462),#465);
#462 = B_SPLINE_CURVE_WITH_KNOTS('',1,(#463,#464),.UNSPECIFIED.,.F.,.F.,
  (2,2),(1.,27.),.PIECEWISE_BEZIER_KNOTS.);
#463 = CARTESIAN_POINT('',(2.,2.));
#464 = CARTESIAN_POINT('',(2.,28.));
#465 = ( GEOMETRIC_REPRESENTATION_CONTEXT(2) 
PARAMETRIC_REPRESENTATION_CONTEXT() REPRESENTATION_CONTEXT('2D SPACE',''
  ) );
#466 = PCURVE('',#467,#472);
#467 = PLANE('',#468);
#468 = AXIS2_PLACEMENT_3D('',#469,#470,#471);
#469 = CARTESIAN_POINT('',(287.,-161.,492.));
#470 = DIRECTION('',(0.,0.,1.));
#471 = DIRECTION('',(1.,0.,-0.));
#472 = DEFINITIONAL_REPRESENTATION('',(#473),#476);
#473 = B_SPLINE_CURVE_WITH_KNOTS('',1,(#474,#475),.UNSPECIFIED.,.F.,.F.,
  (2,2),(1.,27.),.PIECEWISE_BEZIER_KNOTS.);
#474 = CARTESIAN_POINT('',(0.,321.));
#475 = CARTESIAN_POINT('',(26.,321.));
#476 = ( GEOMETRIC_REPRESENTATION_CONTEXT(2) 
PARAMETRIC_REPRESENTATION_CONTEXT() REPRESENTATION_CONTEXT('2D SPACE',''
  ) );
#477 = ORIENTED_EDGE('',*,*,#478,.F.);
#478 = EDGE_CURVE('',#401,#453,#479,.T.);
#479 = SURFACE_CURVE('',#480,(#484,#490),.PCURVE_S1.);
#480 = LINE('',#481,#482);
#481 = CARTESIAN_POINT('',(313.,160.,491.));
#482 = VECTOR('',#483,1.);
#483 = DIRECTION('',(-0.,0.,-1.));
#484 = PCURVE('',#44,#485);
#485 = DEFINITIONAL_REPRESENTATION('',(#486),#489);
#486 = B_SPLINE_CURVE_WITH_KNOTS('',1,(#487,#488),.UNSPECIFIED.,.F.,.F.,
  (2,2),(-27.,-1.),.PIECEWISE_BEZIER_KNOTS.);
#487 = CARTESIAN_POINT('',(28.,28.));
#488 = CARTESIAN_POINT('',(2.,28.));
#489 = ( GEOMETRIC_REPRESENTATION_CONTEXT(2) 
PARAMETRIC_REPRESENTATION_CONTEXT() REPRESENTATION_CONTEXT('2D SPACE',''
  ) );
#490 = PCURVE('',#491,#496);
#491 = PLANE('',#492);
#492 = AXIS2_PLACEMENT_3D('',#493,#494,#495);
#493 = CARTESIAN_POINT('',(313.,-161.,492.));
#494 = DIRECTION('',(1.,0.,-0.));
#495 = DIRECTION('',(0.,0.,1.));
#496 = DEFINITIONAL_REPRESENTATION('',(#497),#500);
#497 = B_SPLINE_CURVE_WITH_KNOTS('',1,(#498,#499),.UNSPECIFIED.,.F.,.F.,
  (2,2),(-27.,-1.),.PIECEWISE_BEZIER_KNOTS.);
#498 = CARTESIAN_POINT('',(26.,-321.));
#499 = CARTESIAN_POINT('',(0.,-321.));
#500 = ( GEOMETRIC_REPRESENTATION_CONTEXT(2) 
PARAMETRIC_REPRESENTATION_CONTEXT() REPRESENTATION_CONTEXT('2D SPACE',''
  ) );
#501 = ADVANCED_FACE('',(#502),#308,.F.);
#502 = FACE_BOUND('',#503,.F.);
#503 = EDGE_LOOP('',(#504,#541,#562,#563));
#504 = ORIENTED_EDGE('',*,*,#505,.F.);
#505 = EDGE_CURVE('',#506,#266,#508,.T.);
#506 = VERTEX_POINT('',#507);
#507 = CARTESIAN_POINT('',(315.,68.840619087366,490.));
#508 = SURFACE_CURVE('',#509,(#514,#521),.PCURVE_S1.);
#509 = ELLIPSE('',#510,18.043287235919,11.1);
#510 = AXIS2_PLACEMENT_3D('',#511,#512,#513);
#511 = CARTESIAN_POINT('',(298.76280648235,64.,490.));
#512 = DIRECTION('',(0.,0.,1.));
#513 = DIRECTION('',(1.,0.,-0.));
#514 = PCURVE('',#308,#515);
#515 = DEFINITIONAL_REPRESENTATION('',(#516),#520);
#516 = ELLIPSE('',#517,18.043287235919,11.1);
#517 = AXIS2_PLACEMENT_2D('',#518,#519);
#518 = CARTESIAN_POINT('',(13.762806482351,224.));
#519 = DIRECTION('',(1.,0.));
#520 = ( GEOMETRIC_REPRESENTATION_CONTEXT(2) 
PARAMETRIC_REPRESENTATION_CONTEXT() REPRESENTATION_CONTEXT('2D SPACE',''
  ) );
#521 = PCURVE('',#248,#522);
#522 = DEFINITIONAL_REPRESENTATION('',(#523),#540);
#523 = B_SPLINE_CURVE_WITH_KNOTS('',8,(#524,#525,#526,#527,#528,#529,
    #530,#531,#532,#533,#534,#535,#536,#537,#538,#539),.UNSPECIFIED.,.F.
  ,.F.,(9,7,9),(0.299788454499,1.531187518613,2.762586582726),
  .UNSPECIFIED.);
#524 = CARTESIAN_POINT('',(3.441381108089,347.46821115002));
#525 = CARTESIAN_POINT('',(3.595305991103,346.82158876306));
#526 = CARTESIAN_POINT('',(3.749230874118,345.80696765257));
#527 = CARTESIAN_POINT('',(3.903155757129,344.44769379228));
#528 = CARTESIAN_POINT('',(4.057080640148,342.7857099378));
#529 = CARTESIAN_POINT('',(4.211005523153,340.8798003369));
#530 = CARTESIAN_POINT('',(4.364930406172,338.80143322912));
#531 = CARTESIAN_POINT('',(4.518855289188,336.62882370483));
#532 = CARTESIAN_POINT('',(4.826705055217,332.25309991653));
#533 = CARTESIAN_POINT('',(4.980629938224,330.0499854836));
#534 = CARTESIAN_POINT('',(5.134554821254,327.91060860152));
#535 = CARTESIAN_POINT('',(5.288479704217,325.91472605243));
#536 = CARTESIAN_POINT('',(5.442404587277,324.13689025444));
#537 = CARTESIAN_POINT('',(5.596329470281,322.64031529211));
#538 = CARTESIAN_POINT('',(5.750254353302,321.47233390253));
#539 = CARTESIAN_POINT('',(5.904179236316,320.66219558472));
#540 = ( GEOMETRIC_REPRESENTATION_CONTEXT(2) 
PARAMETRIC_REPRESENTATION_CONTEXT() REPRESENTATION_CONTEXT('2D SPACE',''
  ) );
#541 = ORIENTED_EDGE('',*,*,#542,.T.);
#542 = EDGE_CURVE('',#506,#324,#543,.T.);
#543 = SURFACE_CURVE('',#544,(#548,#555),.PCURVE_S1.);
#544 = LINE('',#545,#546);
#545 = CARTESIAN_POINT('',(315.,-160.,490.));
#546 = VECTOR('',#547,1.);
#547 = DIRECTION('',(-0.,1.,0.));
#548 = PCURVE('',#308,#549);
#549 = DEFINITIONAL_REPRESENTATION('',(#550),#554);
#550 = LINE('',#551,#552);
#551 = CARTESIAN_POINT('',(30.,0.));
#552 = VECTOR('',#553,1.);
#553 = DIRECTION('',(0.,1.));
#554 = ( GEOMETRIC_REPRESENTATION_CONTEXT(2) 
PARAMETRIC_REPRESENTATION_CONTEXT() REPRESENTATION_CONTEXT('2D SPACE',''
  ) );
#555 = PCURVE('',#384,#556);
#556 = DEFINITIONAL_REPRESENTATION('',(#557),#561);
#557 = LINE('',#558,#559);
#558 = CARTESIAN_POINT('',(0.,0.));
#559 = VECTOR('',#560,1.);
#560 = DIRECTION('',(0.,-1.));
#561 = ( GEOMETRIC_REPRESENTATION_CONTEXT(2) 
PARAMETRIC_REPRESENTATION_CONTEXT() REPRESENTATION_CONTEXT('2D SPACE',''
  ) );
#562 = ORIENTED_EDGE('',*,*,#323,.F.);
#563 = ORIENTED_EDGE('',*,*,#294,.F.);
#564 = ADVANCED_FACE('',(#565),#248,.T.);
#565 = FACE_BOUND('',#566,.T.);
#566 = EDGE_LOOP('',(#567,#598,#628,#663,#664,#687,#716,#742,#776,#797,
    #819,#820,#821,#822));
#567 = ORIENTED_EDGE('',*,*,#568,.F.);
#568 = EDGE_CURVE('',#569,#571,#573,.T.);
#569 = VERTEX_POINT('',#570);
#570 = CARTESIAN_POINT('',(315.,57.47164015646,491.28325261966));
#571 = VERTEX_POINT('',#572);
#572 = CARTESIAN_POINT('',(315.,70.52835984354,491.28325261966));
#573 = SURFACE_CURVE('',#574,(#579,#586),.PCURVE_S1.);
#574 = CIRCLE('',#575,11.1);
#575 = AXIS2_PLACEMENT_3D('',#576,#577,#578);
#576 = CARTESIAN_POINT('',(309.47732751245,64.,498.360724368));
#577 = DIRECTION('',(0.788381040404,0.,0.615187235833));
#578 = DIRECTION('',(-0.615187235833,0.,0.788381040404));
#579 = PCURVE('',#248,#580);
#580 = DEFINITIONAL_REPRESENTATION('',(#581),#585);
#581 = LINE('',#582,#583);
#582 = CARTESIAN_POINT('',(0.,347.46821055002));
#583 = VECTOR('',#584,1.);
#584 = DIRECTION('',(1.,0.));
#585 = ( GEOMETRIC_REPRESENTATION_CONTEXT(2) 
PARAMETRIC_REPRESENTATION_CONTEXT() REPRESENTATION_CONTEXT('2D SPACE',''
  ) );
#586 = PCURVE('',#587,#592);
#587 = PLANE('',#588);
#588 = AXIS2_PLACEMENT_3D('',#589,#590,#591);
#589 = CARTESIAN_POINT('',(309.47732751245,64.,498.360724368));
#590 = DIRECTION('',(0.788381040404,0.,0.615187235833));
#591 = DIRECTION('',(-0.615187235833,0.,0.788381040404));
#592 = DEFINITIONAL_REPRESENTATION('',(#593),#597);
#593 = CIRCLE('',#594,11.1);
#594 = AXIS2_PLACEMENT_2D('',#595,#596);
#595 = CARTESIAN_POINT('',(0.,0.));
#596 = DIRECTION('',(1.,0.));
#597 = ( GEOMETRIC_REPRESENTATION_CONTEXT(2) 
PARAMETRIC_REPRESENTATION_CONTEXT() REPRESENTATION_CONTEXT('2D SPACE',''
  ) );
#598 = ORIENTED_EDGE('',*,*,#599,.T.);
#599 = EDGE_CURVE('',#569,#600,#602,.T.);
#600 = VERTEX_POINT('',#601);
#601 = CARTESIAN_POINT('',(315.,59.159380912634,490.));
#602 = SURFACE_CURVE('',#603,(#608,#621),.PCURVE_S1.);
#603 = ELLIPSE('',#604,14.079486227004,11.1);
#604 = AXIS2_PLACEMENT_3D('',#605,#606,#607);
#605 = CARTESIAN_POINT('',(315.,64.,502.67016034871));
#606 = DIRECTION('',(1.,0.,-0.));
#607 = DIRECTION('',(0.,0.,1.));
#608 = PCURVE('',#248,#609);
#609 = DEFINITIONAL_REPRESENTATION('',(#610),#620);
#610 = B_SPLINE_CURVE_WITH_KNOTS('',8,(#611,#612,#613,#614,#615,#616,
    #617,#618,#619),.UNSPECIFIED.,.F.,.F.,(9,9),(2.512834791995,
    3.770350515184),.PIECEWISE_BEZIER_KNOTS.);
#611 = CARTESIAN_POINT('',(2.512834791995,347.46821115002));
#612 = CARTESIAN_POINT('',(2.670024257394,346.66745785121));
#613 = CARTESIAN_POINT('',(2.827213722795,346.06451621541));
#614 = CARTESIAN_POINT('',(2.984403188175,345.68953551258));
#615 = CARTESIAN_POINT('',(3.141592653601,345.56223781243));
#616 = CARTESIAN_POINT('',(3.298782118974,345.68953551282));
#617 = CARTESIAN_POINT('',(3.455971584391,346.06451621541));
#618 = CARTESIAN_POINT('',(3.613161049786,346.66745785121));
#619 = CARTESIAN_POINT('',(3.770350515184,347.46821115002));
#620 = ( GEOMETRIC_REPRESENTATION_CONTEXT(2) 
PARAMETRIC_REPRESENTATION_CONTEXT() REPRESENTATION_CONTEXT('2D SPACE',''
  ) );
#621 = PCURVE('',#384,#622);
#622 = DEFINITIONAL_REPRESENTATION('',(#623),#627);
#623 = ELLIPSE('',#624,14.079486227004,11.1);
#624 = AXIS2_PLACEMENT_2D('',#625,#626);
#625 = CARTESIAN_POINT('',(12.670160348711,-224.));
#626 = DIRECTION('',(1.,0.));
#627 = ( GEOMETRIC_REPRESENTATION_CONTEXT(2) 
PARAMETRIC_REPRESENTATION_CONTEXT() REPRESENTATION_CONTEXT('2D SPACE',''
  ) );
#628 = ORIENTED_EDGE('',*,*,#629,.F.);
#629 = EDGE_CURVE('',#204,#600,#630,.T.);
#630 = SURFACE_CURVE('',#631,(#636,#656),.PCURVE_S1.);
#631 = ELLIPSE('',#632,18.043287235919,11.1);
#632 = AXIS2_PLACEMENT_3D('',#633,#634,#635);
#633 = CARTESIAN_POINT('',(298.76280648235,64.,490.));
#634 = DIRECTION('',(0.,0.,1.));
#635 = DIRECTION('',(1.,0.,-0.));
#636 = PCURVE('',#248,#637);
#637 = DEFINITIONAL_REPRESENTATION('',(#638),#655);
#638 = B_SPLINE_CURVE_WITH_KNOTS('',8,(#639,#640,#641,#642,#643,#644,
    #645,#646,#647,#648,#649,#650,#651,#652,#653,#654),.UNSPECIFIED.,.F.
  ,.F.,(9,7,9),(3.520598724453,4.751997788567,5.98339685268),
  .UNSPECIFIED.);
#639 = CARTESIAN_POINT('',(0.379006070864,320.66219558472));
#640 = CARTESIAN_POINT('',(0.532930953878,321.47233390253));
#641 = CARTESIAN_POINT('',(0.686855836891,322.64031529269));
#642 = CARTESIAN_POINT('',(0.84078071991,324.13689025247));
#643 = CARTESIAN_POINT('',(0.994705602915,325.91472605569));
#644 = CARTESIAN_POINT('',(1.148630485937,327.91060859989));
#645 = CARTESIAN_POINT('',(1.302555368948,330.04998548445));
#646 = CARTESIAN_POINT('',(1.456480251963,332.25309991653));
#647 = CARTESIAN_POINT('',(1.764330017991,336.62882370483));
#648 = CARTESIAN_POINT('',(1.918254901007,338.80143322941));
#649 = CARTESIAN_POINT('',(2.072179784009,340.87980033562));
#650 = CARTESIAN_POINT('',(2.226104667037,342.78570993896));
#651 = CARTESIAN_POINT('',(2.380029550037,344.4476937917));
#652 = CARTESIAN_POINT('',(2.533954433063,345.80696765304));
#653 = CARTESIAN_POINT('',(2.687879316076,346.82158876306));
#654 = CARTESIAN_POINT('',(2.841804199091,347.46821115002));
#655 = ( GEOMETRIC_REPRESENTATION_CONTEXT(2) 
PARAMETRIC_REPRESENTATION_CONTEXT() REPRESENTATION_CONTEXT('2D SPACE',''
  ) );
#656 = PCURVE('',#219,#657);
#657 = DEFINITIONAL_REPRESENTATION('',(#658),#662);
#658 = ELLIPSE('',#659,18.043287235919,11.1);
#659 = AXIS2_PLACEMENT_2D('',#660,#661);
#660 = CARTESIAN_POINT('',(13.762806482351,224.));
#661 = DIRECTION('',(1.,0.));
#662 = ( GEOMETRIC_REPRESENTATION_CONTEXT(2) 
PARAMETRIC_REPRESENTATION_CONTEXT() REPRESENTATION_CONTEXT('2D SPACE',''
  ) );
#663 = ORIENTED_EDGE('',*,*,#231,.F.);
#664 = ORIENTED_EDGE('',*,*,#665,.F.);
#665 = EDGE_CURVE('',#666,#232,#668,.T.);
#666 = VERTEX_POINT('',#667);
#667 = CARTESIAN_POINT('',(28.711399853951,64.,293.3537459285));
#668 = SEAM_CURVE('',#669,(#673,#680),.PCURVE_S1.);
#669 = LINE('',#670,#671);
#670 = CARTESIAN_POINT('',(28.711399853951,64.,293.3537459285));
#671 = VECTOR('',#672,1.);
#672 = DIRECTION('',(0.788381040404,-2.465190328816E-32,0.615187235833)
  );
#673 = PCURVE('',#248,#674);
#674 = DEFINITIONAL_REPRESENTATION('',(#675),#679);
#675 = LINE('',#676,#677);
#676 = CARTESIAN_POINT('',(6.28318530718,-0.));
#677 = VECTOR('',#678,1.);
#678 = DIRECTION('',(0.,1.));
#679 = ( GEOMETRIC_REPRESENTATION_CONTEXT(2) 
PARAMETRIC_REPRESENTATION_CONTEXT() REPRESENTATION_CONTEXT('2D SPACE',''
  ) );
#680 = PCURVE('',#248,#681);
#681 = DEFINITIONAL_REPRESENTATION('',(#682),#686);
#682 = LINE('',#683,#684);
#683 = CARTESIAN_POINT('',(0.,-0.));
#684 = VECTOR('',#685,1.);
#685 = DIRECTION('',(0.,1.));
#686 = ( GEOMETRIC_REPRESENTATION_CONTEXT(2) 
PARAMETRIC_REPRESENTATION_CONTEXT() REPRESENTATION_CONTEXT('2D SPACE',''
  ) );
#687 = ORIENTED_EDGE('',*,*,#688,.T.);
#688 = EDGE_CURVE('',#666,#689,#691,.T.);
#689 = VERTEX_POINT('',#690);
#690 = CARTESIAN_POINT('',(31.543154470816,55.,289.7247667804));
#691 = SURFACE_CURVE('',#692,(#697,#704),.PCURVE_S1.);
#692 = CIRCLE('',#693,11.1);
#693 = AXIS2_PLACEMENT_3D('',#694,#695,#696);
#694 = CARTESIAN_POINT('',(35.539978171693,64.,284.60271638001));
#695 = DIRECTION('',(0.788381040404,0.,0.615187235833));
#696 = DIRECTION('',(-0.615187235833,0.,0.788381040404));
#697 = PCURVE('',#248,#698);
#698 = DEFINITIONAL_REPRESENTATION('',(#699),#703);
#699 = LINE('',#700,#701);
#700 = CARTESIAN_POINT('',(0.,0.));
#701 = VECTOR('',#702,1.);
#702 = DIRECTION('',(1.,0.));
#703 = ( GEOMETRIC_REPRESENTATION_CONTEXT(2) 
PARAMETRIC_REPRESENTATION_CONTEXT() REPRESENTATION_CONTEXT('2D SPACE',''
  ) );
#704 = PCURVE('',#705,#710);
#705 = PLANE('',#706);
#706 = AXIS2_PLACEMENT_3D('',#707,#708,#709);
#707 = CARTESIAN_POINT('',(35.539978171693,64.,284.60271638001));
#708 = DIRECTION('',(0.788381040404,0.,0.615187235833));
#709 = DIRECTION('',(-0.615187235833,0.,0.788381040404));
#710 = DEFINITIONAL_REPRESENTATION('',(#711),#715);
#711 = CIRCLE('',#712,11.1);
#712 = AXIS2_PLACEMENT_2D('',#713,#714);
#713 = CARTESIAN_POINT('',(0.,0.));
#714 = DIRECTION('',(1.,0.));
#715 = ( GEOMETRIC_REPRESENTATION_CONTEXT(2) 
PARAMETRIC_REPRESENTATION_CONTEXT() REPRESENTATION_CONTEXT('2D SPACE',''
  ) );
#716 = ORIENTED_EDGE('',*,*,#717,.T.);
#717 = EDGE_CURVE('',#689,#718,#720,.T.);
#718 = VERTEX_POINT('',#719);
#719 = CARTESIAN_POINT('',(43.248593336132,55.,298.85872131598));
#720 = SURFACE_CURVE('',#721,(#725,#731),.PCURVE_S1.);
#721 = LINE('',#722,#723);
#722 = CARTESIAN_POINT('',(31.543154470816,55.,289.7247667804));
#723 = VECTOR('',#724,1.);
#724 = DIRECTION('',(0.788381040404,0.,0.615187235833));
#725 = PCURVE('',#248,#726);
#726 = DEFINITIONAL_REPRESENTATION('',(#727),#730);
#727 = B_SPLINE_CURVE_WITH_KNOTS('',1,(#728,#729),.UNSPECIFIED.,.F.,.F.,
  (2,2),(-2.400000002473E-06,36.09529411641),.PIECEWISE_BEZIER_KNOTS.);
#728 = CARTESIAN_POINT('',(0.945536060278,-2.400000015352E-06));
#729 = CARTESIAN_POINT('',(0.945536060278,36.09529411641));
#730 = ( GEOMETRIC_REPRESENTATION_CONTEXT(2) 
PARAMETRIC_REPRESENTATION_CONTEXT() REPRESENTATION_CONTEXT('2D SPACE',''
  ) );
#731 = PCURVE('',#732,#737);
#732 = PLANE('',#733);
#733 = AXIS2_PLACEMENT_3D('',#734,#735,#736);
#734 = CARTESIAN_POINT('',(2.754811817151E-16,55.,269.6548181198));
#735 = DIRECTION('',(0.,1.,0.));
#736 = DIRECTION('',(0.,-0.,1.));
#737 = DEFINITIONAL_REPRESENTATION('',(#738),#741);
#738 = B_SPLINE_CURVE_WITH_KNOTS('',1,(#739,#740),.UNSPECIFIED.,.F.,.F.,
  (2,2),(-2.400000002473E-06,36.09529411641),.PIECEWISE_BEZIER_KNOTS.);
#739 = CARTESIAN_POINT('',(20.069947184148,31.543152578701));
#740 = CARTESIAN_POINT('',(42.275312874638,60.000000000001));
#741 = ( GEOMETRIC_REPRESENTATION_CONTEXT(2) 
PARAMETRIC_REPRESENTATION_CONTEXT() REPRESENTATION_CONTEXT('2D SPACE',''
  ) );
#742 = ORIENTED_EDGE('',*,*,#743,.F.);
#743 = EDGE_CURVE('',#744,#718,#746,.T.);
#744 = VERTEX_POINT('',#745);
#745 = CARTESIAN_POINT('',(45.609758384738,55.,284.21949801462));
#746 = SURFACE_CURVE('',#747,(#752,#764),.PCURVE_S1.);
#747 = ELLIPSE('',#748,12.667184789005,11.1);
#748 = AXIS2_PLACEMENT_3D('',#749,#750,#751);
#749 = CARTESIAN_POINT('',(44.429175860435,64.,291.5391096653));
#750 = DIRECTION('',(-0.987241120713,0.,-0.159232438825));
#751 = DIRECTION('',(-0.159232438825,0.,0.987241120713));
#752 = PCURVE('',#248,#753);
#753 = DEFINITIONAL_REPRESENTATION('',(#754),#763);
#754 = B_SPLINE_CURVE_WITH_KNOTS('',7,(#755,#756,#757,#758,#759,#760,
    #761,#762),.UNSPECIFIED.,.F.,.F.,(8,8),(4.013823846519,
    5.410954114251),.PIECEWISE_BEZIER_KNOTS.);
#755 = CARTESIAN_POINT('',(2.269361460661,7.350246088877));
#756 = CARTESIAN_POINT('',(2.069771422413,8.283035878467));
#757 = CARTESIAN_POINT('',(1.870181384166,9.39824280544));
#758 = CARTESIAN_POINT('',(1.67059134592,10.63517226657));
#759 = CARTESIAN_POINT('',(1.471001307671,11.915338801495));
#760 = CARTESIAN_POINT('',(1.271411269424,13.152268262625));
#761 = CARTESIAN_POINT('',(1.071821231176,14.267475189597));
#762 = CARTESIAN_POINT('',(0.872231192929,15.200264979187));
#763 = ( GEOMETRIC_REPRESENTATION_CONTEXT(2) 
PARAMETRIC_REPRESENTATION_CONTEXT() REPRESENTATION_CONTEXT('2D SPACE',''
  ) );
#764 = PCURVE('',#765,#770);
#765 = PLANE('',#766);
#766 = AXIS2_PLACEMENT_3D('',#767,#768,#769);
#767 = CARTESIAN_POINT('',(40.,50.,319.));
#768 = DIRECTION('',(-0.987241120713,0.,-0.159232438825));
#769 = DIRECTION('',(0.159232438825,0.,-0.987241120713));
#770 = DEFINITIONAL_REPRESENTATION('',(#771),#775);
#771 = ELLIPSE('',#772,12.667184789005,11.1);
#772 = AXIS2_PLACEMENT_2D('',#773,#774);
#773 = CARTESIAN_POINT('',(27.815788624033,-14.));
#774 = DIRECTION('',(-1.,-0.));
#775 = ( GEOMETRIC_REPRESENTATION_CONTEXT(2) 
PARAMETRIC_REPRESENTATION_CONTEXT() REPRESENTATION_CONTEXT('2D SPACE',''
  ) );
#776 = ORIENTED_EDGE('',*,*,#777,.F.);
#777 = EDGE_CURVE('',#778,#744,#780,.T.);
#778 = VERTEX_POINT('',#779);
#779 = CARTESIAN_POINT('',(39.536801872571,55.,279.48066597962));
#780 = SURFACE_CURVE('',#781,(#785,#791),.PCURVE_S1.);
#781 = LINE('',#782,#783);
#782 = CARTESIAN_POINT('',(39.536801872571,55.,279.48066597962));
#783 = VECTOR('',#784,1.);
#784 = DIRECTION('',(0.788381040404,0.,0.615187235833));
#785 = PCURVE('',#248,#786);
#786 = DEFINITIONAL_REPRESENTATION('',(#787),#790);
#787 = B_SPLINE_CURVE_WITH_KNOTS('',1,(#788,#789),.UNSPECIFIED.,.F.,.F.,
  (2,2),(-2.400000002473E-06,25.955974432035),.PIECEWISE_BEZIER_KNOTS.);
#788 = CARTESIAN_POINT('',(2.196056593312,-2.399999986486E-06));
#789 = CARTESIAN_POINT('',(2.196056593312,25.955974432035));
#790 = ( GEOMETRIC_REPRESENTATION_CONTEXT(2) 
PARAMETRIC_REPRESENTATION_CONTEXT() REPRESENTATION_CONTEXT('2D SPACE',''
  ) );
#791 = PCURVE('',#732,#792);
#792 = DEFINITIONAL_REPRESENTATION('',(#793),#796);
#793 = B_SPLINE_CURVE_WITH_KNOTS('',1,(#794,#795),.UNSPECIFIED.,.F.,.F.,
  (2,2),(-2.400000002473E-06,25.955974432035),.PIECEWISE_BEZIER_KNOTS.);
#794 = CARTESIAN_POINT('',(9.825846383374,39.536799980457));
#795 = CARTESIAN_POINT('',(25.79363202401,59.999999999999));
#796 = ( GEOMETRIC_REPRESENTATION_CONTEXT(2) 
PARAMETRIC_REPRESENTATION_CONTEXT() REPRESENTATION_CONTEXT('2D SPACE',''
  ) );
#797 = ORIENTED_EDGE('',*,*,#798,.T.);
#798 = EDGE_CURVE('',#778,#666,#799,.T.);
#799 = SURFACE_CURVE('',#800,(#805,#812),.PCURVE_S1.);
#800 = CIRCLE('',#801,11.1);
#801 = AXIS2_PLACEMENT_3D('',#802,#803,#804);
#802 = CARTESIAN_POINT('',(35.539978171693,64.,284.60271638001));
#803 = DIRECTION('',(0.788381040404,0.,0.615187235833));
#804 = DIRECTION('',(-0.615187235833,0.,0.788381040404));
#805 = PCURVE('',#248,#806);
#806 = DEFINITIONAL_REPRESENTATION('',(#807),#811);
#807 = LINE('',#808,#809);
#808 = CARTESIAN_POINT('',(0.,0.));
#809 = VECTOR('',#810,1.);
#810 = DIRECTION('',(1.,0.));
#811 = ( GEOMETRIC_REPRESENTATION_CONTEXT(2) 
PARAMETRIC_REPRESENTATION_CONTEXT() REPRESENTATION_CONTEXT('2D SPACE',''
  ) );
#812 = PCURVE('',#705,#813);
#813 = DEFINITIONAL_REPRESENTATION('',(#814),#818);
#814 = CIRCLE('',#815,11.1);
#815 = AXIS2_PLACEMENT_2D('',#816,#817);
#816 = CARTESIAN_POINT('',(0.,0.));
#817 = DIRECTION('',(1.,0.));
#818 = ( GEOMETRIC_REPRESENTATION_CONTEXT(2) 
PARAMETRIC_REPRESENTATION_CONTEXT() REPRESENTATION_CONTEXT('2D SPACE',''
  ) );
#819 = ORIENTED_EDGE('',*,*,#665,.T.);
#820 = ORIENTED_EDGE('',*,*,#265,.F.);
#821 = ORIENTED_EDGE('',*,*,#505,.F.);
#822 = ORIENTED_EDGE('',*,*,#823,.T.);
#823 = EDGE_CURVE('',#506,#571,#824,.T.);
#824 = SURFACE_CURVE('',#825,(#830,#843),.PCURVE_S1.);
#825 = ELLIPSE('',#826,14.079486227004,11.1);
#826 = AXIS2_PLACEMENT_3D('',#827,#828,#829);
#827 = CARTESIAN_POINT('',(315.,64.,502.67016034871));
#828 = DIRECTION('',(1.,0.,-0.));
#829 = DIRECTION('',(0.,0.,1.));
#830 = PCURVE('',#248,#831);
#831 = DEFINITIONAL_REPRESENTATION('',(#832),#842);
#832 = B_SPLINE_CURVE_WITH_KNOTS('',8,(#833,#834,#835,#836,#837,#838,
    #839,#840,#841),.UNSPECIFIED.,.F.,.F.,(9,9),(2.512834791995,
    3.770350515184),.PIECEWISE_BEZIER_KNOTS.);
#833 = CARTESIAN_POINT('',(2.512834791995,347.46821115002));
#834 = CARTESIAN_POINT('',(2.670024257394,346.66745785121));
#835 = CARTESIAN_POINT('',(2.827213722795,346.06451621541));
#836 = CARTESIAN_POINT('',(2.984403188175,345.68953551258));
#837 = CARTESIAN_POINT('',(3.141592653601,345.56223781243));
#838 = CARTESIAN_POINT('',(3.298782118974,345.68953551282));
#839 = CARTESIAN_POINT('',(3.455971584391,346.06451621541));
#840 = CARTESIAN_POINT('',(3.613161049786,346.66745785121));
#841 = CARTESIAN_POINT('',(3.770350515184,347.46821115002));
#842 = ( GEOMETRIC_REPRESENTATION_CONTEXT(2) 
PARAMETRIC_REPRESENTATION_CONTEXT() REPRESENTATION_CONTEXT('2D SPACE',''
  ) );
#843 = PCURVE('',#384,#844);
#844 = DEFINITIONAL_REPRESENTATION('',(#845),#849);
#845 = ELLIPSE('',#846,14.079486227004,11.1);
#846 = AXIS2_PLACEMENT_2D('',#847,#848);
#847 = CARTESIAN_POINT('',(12.670160348711,-224.));
#848 = DIRECTION('',(1.,0.));
#849 = ( GEOMETRIC_REPRESENTATION_CONTEXT(2) 
PARAMETRIC_REPRESENTATION_CONTEXT() REPRESENTATION_CONTEXT('2D SPACE',''
  ) );
#850 = ADVANCED_FACE('',(#851),#219,.F.);
#851 = FACE_BOUND('',#852,.F.);
#852 = EDGE_LOOP('',(#853,#890,#911,#912));
#853 = ORIENTED_EDGE('',*,*,#854,.F.);
#854 = EDGE_CURVE('',#855,#175,#857,.T.);
#855 = VERTEX_POINT('',#856);
#856 = CARTESIAN_POINT('',(315.,-59.15938091263,490.));
#857 = SURFACE_CURVE('',#858,(#863,#870),.PCURVE_S1.);
#858 = ELLIPSE('',#859,18.043287235919,11.1);
#859 = AXIS2_PLACEMENT_3D('',#860,#861,#862);
#860 = CARTESIAN_POINT('',(298.76280648235,-64.,490.));
#861 = DIRECTION('',(0.,0.,1.));
#862 = DIRECTION('',(1.,0.,-0.));
#863 = PCURVE('',#219,#864);
#864 = DEFINITIONAL_REPRESENTATION('',(#865),#869);
#865 = ELLIPSE('',#866,18.043287235919,11.1);
#866 = AXIS2_PLACEMENT_2D('',#867,#868);
#867 = CARTESIAN_POINT('',(13.762806482351,96.));
#868 = DIRECTION('',(1.,0.));
#869 = ( GEOMETRIC_REPRESENTATION_CONTEXT(2) 
PARAMETRIC_REPRESENTATION_CONTEXT() REPRESENTATION_CONTEXT('2D SPACE',''
  ) );
#870 = PCURVE('',#157,#871);
#871 = DEFINITIONAL_REPRESENTATION('',(#872),#889);
#872 = B_SPLINE_CURVE_WITH_KNOTS('',8,(#873,#874,#875,#876,#877,#878,
    #879,#880,#881,#882,#883,#884,#885,#886,#887,#888),.UNSPECIFIED.,.F.
  ,.F.,(9,7,9),(0.299788454499,1.531187518613,2.762586582726),
  .UNSPECIFIED.);
#873 = CARTESIAN_POINT('',(3.441381108089,347.46821115002));
#874 = CARTESIAN_POINT('',(3.595305991103,346.82158876306));
#875 = CARTESIAN_POINT('',(3.749230874114,345.80696765257));
#876 = CARTESIAN_POINT('',(3.903155757136,344.44769379228));
#877 = CARTESIAN_POINT('',(4.057080640127,342.7857099378));
#878 = CARTESIAN_POINT('',(4.211005523161,340.8798003369));
#879 = CARTESIAN_POINT('',(4.364930406171,338.80143322912));
#880 = CARTESIAN_POINT('',(4.518855289188,336.62882370483));
#881 = CARTESIAN_POINT('',(4.826705055217,332.25309991653));
#882 = CARTESIAN_POINT('',(4.980629938224,330.0499854836));
#883 = CARTESIAN_POINT('',(5.134554821254,327.91060860152));
#884 = CARTESIAN_POINT('',(5.288479704217,325.91472605243));
#885 = CARTESIAN_POINT('',(5.442404587277,324.13689025444));
#886 = CARTESIAN_POINT('',(5.596329470281,322.64031529211));
#887 = CARTESIAN_POINT('',(5.750254353302,321.47233390253));
#888 = CARTESIAN_POINT('',(5.904179236316,320.66219558472));
#889 = ( GEOMETRIC_REPRESENTATION_CONTEXT(2) 
PARAMETRIC_REPRESENTATION_CONTEXT() REPRESENTATION_CONTEXT('2D SPACE',''
  ) );
#890 = ORIENTED_EDGE('',*,*,#891,.T.);
#891 = EDGE_CURVE('',#855,#600,#892,.T.);
#892 = SURFACE_CURVE('',#893,(#897,#904),.PCURVE_S1.);
#893 = LINE('',#894,#895);
#894 = CARTESIAN_POINT('',(315.,-160.,490.));
#895 = VECTOR('',#896,1.);
#896 = DIRECTION('',(-0.,1.,0.));
#897 = PCURVE('',#219,#898);
#898 = DEFINITIONAL_REPRESENTATION('',(#899),#903);
#899 = LINE('',#900,#901);
#900 = CARTESIAN_POINT('',(30.,0.));
#901 = VECTOR('',#902,1.);
#902 = DIRECTION('',(0.,1.));
#903 = ( GEOMETRIC_REPRESENTATION_CONTEXT(2) 
PARAMETRIC_REPRESENTATION_CONTEXT() REPRESENTATION_CONTEXT('2D SPACE',''
  ) );
#904 = PCURVE('',#384,#905);
#905 = DEFINITIONAL_REPRESENTATION('',(#906),#910);
#906 = LINE('',#907,#908);
#907 = CARTESIAN_POINT('',(0.,0.));
#908 = VECTOR('',#909,1.);
#909 = DIRECTION('',(0.,-1.));
#910 = ( GEOMETRIC_REPRESENTATION_CONTEXT(2) 
PARAMETRIC_REPRESENTATION_CONTEXT() REPRESENTATION_CONTEXT('2D SPACE',''
  ) );
#911 = ORIENTED_EDGE('',*,*,#629,.F.);
#912 = ORIENTED_EDGE('',*,*,#203,.F.);
#913 = ADVANCED_FACE('',(#914),#157,.T.);
#914 = FACE_BOUND('',#915,.T.);
#915 = EDGE_LOOP('',(#916,#947,#977,#1012,#1013,#1036,#1063,#1064,#1065,
    #1066));
#916 = ORIENTED_EDGE('',*,*,#917,.F.);
#917 = EDGE_CURVE('',#918,#920,#922,.T.);
#918 = VERTEX_POINT('',#919);
#919 = CARTESIAN_POINT('',(315.,-70.52835984354,491.28325261966));
#920 = VERTEX_POINT('',#921);
#921 = CARTESIAN_POINT('',(315.,-57.47164015646,491.28325261966));
#922 = SURFACE_CURVE('',#923,(#928,#935),.PCURVE_S1.);
#923 = CIRCLE('',#924,11.1);
#924 = AXIS2_PLACEMENT_3D('',#925,#926,#927);
#925 = CARTESIAN_POINT('',(309.47732751245,-64.,498.360724368));
#926 = DIRECTION('',(0.788381040404,0.,0.615187235833));
#927 = DIRECTION('',(-0.615187235833,0.,0.788381040404));
#928 = PCURVE('',#157,#929);
#929 = DEFINITIONAL_REPRESENTATION('',(#930),#934);
#930 = LINE('',#931,#932);
#931 = CARTESIAN_POINT('',(0.,347.46821055002));
#932 = VECTOR('',#933,1.);
#933 = DIRECTION('',(1.,0.));
#934 = ( GEOMETRIC_REPRESENTATION_CONTEXT(2) 
PARAMETRIC_REPRESENTATION_CONTEXT() REPRESENTATION_CONTEXT('2D SPACE',''
  ) );
#935 = PCURVE('',#936,#941);
#936 = PLANE('',#937);
#937 = AXIS2_PLACEMENT_3D('',#938,#939,#940);
#938 = CARTESIAN_POINT('',(309.47732751245,-64.,498.360724368));
#939 = DIRECTION('',(0.788381040404,0.,0.615187235833));
#940 = DIRECTION('',(-0.615187235833,0.,0.788381040404));
#941 = DEFINITIONAL_REPRESENTATION('',(#942),#946);
#942 = CIRCLE('',#943,11.1);
#943 = AXIS2_PLACEMENT_2D('',#944,#945);
#944 = CARTESIAN_POINT('',(0.,0.));
#945 = DIRECTION('',(1.,0.));
#946 = ( GEOMETRIC_REPRESENTATION_CONTEXT(2) 
PARAMETRIC_REPRESENTATION_CONTEXT() REPRESENTATION_CONTEXT('2D SPACE',''
  ) );
#947 = ORIENTED_EDGE('',*,*,#948,.T.);
#948 = EDGE_CURVE('',#918,#949,#951,.T.);
#949 = VERTEX_POINT('',#950);
#950 = CARTESIAN_POINT('',(315.,-68.84061908736,490.));
#951 = SURFACE_CURVE('',#952,(#957,#970),.PCURVE_S1.);
#952 = ELLIPSE('',#953,14.079486227004,11.1);
#953 = AXIS2_PLACEMENT_3D('',#954,#955,#956);
#954 = CARTESIAN_POINT('',(315.,-64.,502.67016034871));
#955 = DIRECTION('',(1.,0.,-0.));
#956 = DIRECTION('',(0.,0.,1.));
#957 = PCURVE('',#157,#958);
#958 = DEFINITIONAL_REPRESENTATION('',(#959),#969);
#959 = B_SPLINE_CURVE_WITH_KNOTS('',8,(#960,#961,#962,#963,#964,#965,
    #966,#967,#968),.UNSPECIFIED.,.F.,.F.,(9,9),(2.512834791995,
    3.770350515184),.PIECEWISE_BEZIER_KNOTS.);
#960 = CARTESIAN_POINT('',(2.512834791995,347.46821115002));
#961 = CARTESIAN_POINT('',(2.670024257394,346.66745785121));
#962 = CARTESIAN_POINT('',(2.827213722788,346.06451621541));
#963 = CARTESIAN_POINT('',(2.984403188197,345.68953551258));
#964 = CARTESIAN_POINT('',(3.141592653572,345.56223781243));
#965 = CARTESIAN_POINT('',(3.298782118996,345.68953551282));
#966 = CARTESIAN_POINT('',(3.455971584383,346.06451621541));
#967 = CARTESIAN_POINT('',(3.613161049786,346.66745785121));
#968 = CARTESIAN_POINT('',(3.770350515184,347.46821115002));
#969 = ( GEOMETRIC_REPRESENTATION_CONTEXT(2) 
PARAMETRIC_REPRESENTATION_CONTEXT() REPRESENTATION_CONTEXT('2D SPACE',''
  ) );
#970 = PCURVE('',#384,#971);
#971 = DEFINITIONAL_REPRESENTATION('',(#972),#976);
#972 = ELLIPSE('',#973,14.079486227004,11.1);
#973 = AXIS2_PLACEMENT_2D('',#974,#975);
#974 = CARTESIAN_POINT('',(12.670160348711,-96.));
#975 = DIRECTION('',(1.,0.));
#976 = ( GEOMETRIC_REPRESENTATION_CONTEXT(2) 
PARAMETRIC_REPRESENTATION_CONTEXT() REPRESENTATION_CONTEXT('2D SPACE',''
  ) );
#977 = ORIENTED_EDGE('',*,*,#978,.F.);
#978 = EDGE_CURVE('',#113,#949,#979,.T.);
#979 = SURFACE_CURVE('',#980,(#985,#1005),.PCURVE_S1.);
#980 = ELLIPSE('',#981,18.043287235919,11.1);
#981 = AXIS2_PLACEMENT_3D('',#982,#983,#984);
#982 = CARTESIAN_POINT('',(298.76280648235,-64.,490.));
#983 = DIRECTION('',(0.,0.,1.));
#984 = DIRECTION('',(1.,0.,-0.));
#985 = PCURVE('',#157,#986);
#986 = DEFINITIONAL_REPRESENTATION('',(#987),#1004);
#987 = B_SPLINE_CURVE_WITH_KNOTS('',8,(#988,#989,#990,#991,#992,#993,
    #994,#995,#996,#997,#998,#999,#1000,#1001,#1002,#1003),
  .UNSPECIFIED.,.F.,.F.,(9,7,9),(3.520598724453,4.751997788567,
    5.98339685268),.UNSPECIFIED.);
#988 = CARTESIAN_POINT('',(0.379006070864,320.66219558472));
#989 = CARTESIAN_POINT('',(0.532930953878,321.47233390253));
#990 = CARTESIAN_POINT('',(0.686855836891,322.64031529269));
#991 = CARTESIAN_POINT('',(0.840780719906,324.13689025247));
#992 = CARTESIAN_POINT('',(0.994705602917,325.91472605569));
#993 = CARTESIAN_POINT('',(1.148630485937,327.91060859989));
#994 = CARTESIAN_POINT('',(1.302555368949,330.04998548445));
#995 = CARTESIAN_POINT('',(1.456480251963,332.25309991653));
#996 = CARTESIAN_POINT('',(1.764330017991,336.62882370483));
#997 = CARTESIAN_POINT('',(1.918254901006,338.80143322941));
#998 = CARTESIAN_POINT('',(2.072179784005,340.87980033562));
#999 = CARTESIAN_POINT('',(2.226104667052,342.78570993896));
#1000 = CARTESIAN_POINT('',(2.380029550033,344.4476937917));
#1001 = CARTESIAN_POINT('',(2.533954433063,345.80696765304));
#1002 = CARTESIAN_POINT('',(2.687879316076,346.82158876306));
#1003 = CARTESIAN_POINT('',(2.841804199091,347.46821115002));
#1004 = ( GEOMETRIC_REPRESENTATION_CONTEXT(2) 
PARAMETRIC_REPRESENTATION_CONTEXT() REPRESENTATION_CONTEXT('2D SPACE',''
  ) );
#1005 = PCURVE('',#128,#1006);
#1006 = DEFINITIONAL_REPRESENTATION('',(#1007),#1011);
#1007 = ELLIPSE('',#1008,18.043287235919,11.1);
#1008 = AXIS2_PLACEMENT_2D('',#1009,#1010);
#1009 = CARTESIAN_POINT('',(13.762806482351,96.));
#1010 = DIRECTION('',(1.,0.));
#1011 = ( GEOMETRIC_REPRESENTATION_CONTEXT(2) 
PARAMETRIC_REPRESENTATION_CONTEXT() REPRESENTATION_CONTEXT('2D SPACE',''
  ) );
#1012 = ORIENTED_EDGE('',*,*,#140,.F.);
#1013 = ORIENTED_EDGE('',*,*,#1014,.F.);
#1014 = EDGE_CURVE('',#1015,#141,#1017,.T.);
#1015 = VERTEX_POINT('',#1016);
#1016 = CARTESIAN_POINT('',(28.711399853951,-64.,293.3537459285));
#1017 = SEAM_CURVE('',#1018,(#1022,#1029),.PCURVE_S1.);
#1018 = LINE('',#1019,#1020);
#1019 = CARTESIAN_POINT('',(28.711399853951,-64.,293.3537459285));
#1020 = VECTOR('',#1021,1.);
#1021 = DIRECTION('',(0.788381040404,-2.465190328816E-32,0.615187235833)
  );
#1022 = PCURVE('',#157,#1023);
#1023 = DEFINITIONAL_REPRESENTATION('',(#1024),#1028);
#1024 = LINE('',#1025,#1026);
#1025 = CARTESIAN_POINT('',(6.28318530718,-0.));
#1026 = VECTOR('',#1027,1.);
#1027 = DIRECTION('',(0.,1.));
#1028 = ( GEOMETRIC_REPRESENTATION_CONTEXT(2) 
PARAMETRIC_REPRESENTATION_CONTEXT() REPRESENTATION_CONTEXT('2D SPACE',''
  ) );
#1029 = PCURVE('',#157,#1030);
#1030 = DEFINITIONAL_REPRESENTATION('',(#1031),#1035);
#1031 = LINE('',#1032,#1033);
#1032 = CARTESIAN_POINT('',(0.,-0.));
#1033 = VECTOR('',#1034,1.);
#1034 = DIRECTION('',(0.,1.));
#1035 = ( GEOMETRIC_REPRESENTATION_CONTEXT(2) 
PARAMETRIC_REPRESENTATION_CONTEXT() REPRESENTATION_CONTEXT('2D SPACE',''
  ) );
#1036 = ORIENTED_EDGE('',*,*,#1037,.T.);
#1037 = EDGE_CURVE('',#1015,#1015,#1038,.T.);
#1038 = SURFACE_CURVE('',#1039,(#1044,#1051),.PCURVE_S1.);
#1039 = CIRCLE('',#1040,11.1);
#1040 = AXIS2_PLACEMENT_3D('',#1041,#1042,#1043);
#1041 = CARTESIAN_POINT('',(35.539978171693,-64.,284.60271638001));
#1042 = DIRECTION('',(0.788381040404,0.,0.615187235833));
#1043 = DIRECTION('',(-0.615187235833,0.,0.788381040404));
#1044 = PCURVE('',#157,#1045);
#1045 = DEFINITIONAL_REPRESENTATION('',(#1046),#1050);
#1046 = LINE('',#1047,#1048);
#1047 = CARTESIAN_POINT('',(0.,0.));
#1048 = VECTOR('',#1049,1.);
#1049 = DIRECTION('',(1.,0.));
#1050 = ( GEOMETRIC_REPRESENTATION_CONTEXT(2) 
PARAMETRIC_REPRESENTATION_CONTEXT() REPRESENTATION_CONTEXT('2D SPACE',''
  ) );
#1051 = PCURVE('',#1052,#1057);
#1052 = PLANE('',#1053);
#1053 = AXIS2_PLACEMENT_3D('',#1054,#1055,#1056);
#1054 = CARTESIAN_POINT('',(35.539978171693,-64.,284.60271638001));
#1055 = DIRECTION('',(0.788381040404,0.,0.615187235833));
#1056 = DIRECTION('',(-0.615187235833,0.,0.788381040404));
#1057 = DEFINITIONAL_REPRESENTATION('',(#1058),#1062);
#1058 = CIRCLE('',#1059,11.1);
#1059 = AXIS2_PLACEMENT_2D('',#1060,#1061);
#1060 = CARTESIAN_POINT('',(0.,0.));
#1061 = DIRECTION('',(1.,0.));
#1062 = ( GEOMETRIC_REPRESENTATION_CONTEXT(2) 
PARAMETRIC_REPRESENTATION_CONTEXT() REPRESENTATION_CONTEXT('2D SPACE',''
  ) );
#1063 = ORIENTED_EDGE('',*,*,#1014,.T.);
#1064 = ORIENTED_EDGE('',*,*,#174,.F.);
#1065 = ORIENTED_EDGE('',*,*,#854,.F.);
#1066 = ORIENTED_EDGE('',*,*,#1067,.T.);
#1067 = EDGE_CURVE('',#855,#920,#1068,.T.);
#1068 = SURFACE_CURVE('',#1069,(#1074,#1087),.PCURVE_S1.);
#1069 = ELLIPSE('',#1070,14.079486227004,11.1);
#1070 = AXIS2_PLACEMENT_3D('',#1071,#1072,#1073);
#1071 = CARTESIAN_POINT('',(315.,-64.,502.67016034871));
#1072 = DIRECTION('',(1.,0.,-0.));
#1073 = DIRECTION('',(0.,0.,1.));
#1074 = PCURVE('',#157,#1075);
#1075 = DEFINITIONAL_REPRESENTATION('',(#1076),#1086);
#1076 = B_SPLINE_CURVE_WITH_KNOTS('',8,(#1077,#1078,#1079,#1080,#1081,
    #1082,#1083,#1084,#1085),.UNSPECIFIED.,.F.,.F.,(9,9),(2.512834791995
    ,3.770350515184),.PIECEWISE_BEZIER_KNOTS.);
#1077 = CARTESIAN_POINT('',(2.512834791995,347.46821115002));
#1078 = CARTESIAN_POINT('',(2.670024257394,346.66745785121));
#1079 = CARTESIAN_POINT('',(2.827213722788,346.06451621541));
#1080 = CARTESIAN_POINT('',(2.984403188197,345.68953551258));
#1081 = CARTESIAN_POINT('',(3.141592653572,345.56223781243));
#1082 = CARTESIAN_POINT('',(3.298782118996,345.68953551282));
#1083 = CARTESIAN_POINT('',(3.455971584383,346.06451621541));
#1084 = CARTESIAN_POINT('',(3.613161049786,346.66745785121));
#1085 = CARTESIAN_POINT('',(3.770350515184,347.46821115002));
#1086 = ( GEOMETRIC_REPRESENTATION_CONTEXT(2) 
PARAMETRIC_REPRESENTATION_CONTEXT() REPRESENTATION_CONTEXT('2D SPACE',''
  ) );
#1087 = PCURVE('',#384,#1088);
#1088 = DEFINITIONAL_REPRESENTATION('',(#1089),#1093);
#1089 = ELLIPSE('',#1090,14.079486227004,11.1);
#1090 = AXIS2_PLACEMENT_2D('',#1091,#1092);
#1091 = CARTESIAN_POINT('',(12.670160348711,-96.));
#1092 = DIRECTION('',(1.,0.));
#1093 = ( GEOMETRIC_REPRESENTATION_CONTEXT(2) 
PARAMETRIC_REPRESENTATION_CONTEXT() REPRESENTATION_CONTEXT('2D SPACE',''
  ) );
#1094 = ADVANCED_FACE('',(#1095),#128,.F.);
#1095 = FACE_BOUND('',#1096,.F.);
#1096 = EDGE_LOOP('',(#1097,#1098,#1121,#1142));
#1097 = ORIENTED_EDGE('',*,*,#112,.F.);
#1098 = ORIENTED_EDGE('',*,*,#1099,.T.);
#1099 = EDGE_CURVE('',#85,#1100,#1102,.T.);
#1100 = VERTEX_POINT('',#1101);
#1101 = CARTESIAN_POINT('',(315.,-160.,490.));
#1102 = SURFACE_CURVE('',#1103,(#1107,#1114),.PCURVE_S1.);
#1103 = LINE('',#1104,#1105);
#1104 = CARTESIAN_POINT('',(285.,-160.,490.));
#1105 = VECTOR('',#1106,1.);
#1106 = DIRECTION('',(1.,0.,-0.));
#1107 = PCURVE('',#128,#1108);
#1108 = DEFINITIONAL_REPRESENTATION('',(#1109),#1113);
#1109 = LINE('',#1110,#1111);
#1110 = CARTESIAN_POINT('',(0.,0.));
#1111 = VECTOR('',#1112,1.);
#1112 = DIRECTION('',(1.,0.));
#1113 = ( GEOMETRIC_REPRESENTATION_CONTEXT(2) 
PARAMETRIC_REPRESENTATION_CONTEXT() REPRESENTATION_CONTEXT('2D SPACE',''
  ) );
#1114 = PCURVE('',#100,#1115);
#1115 = DEFINITIONAL_REPRESENTATION('',(#1116),#1120);
#1116 = LINE('',#1117,#1118);
#1117 = CARTESIAN_POINT('',(0.,0.));
#1118 = VECTOR('',#1119,1.);
#1119 = DIRECTION('',(0.,1.));
#1120 = ( GEOMETRIC_REPRESENTATION_CONTEXT(2) 
PARAMETRIC_REPRESENTATION_CONTEXT() REPRESENTATION_CONTEXT('2D SPACE',''
  ) );
#1121 = ORIENTED_EDGE('',*,*,#1122,.T.);
#1122 = EDGE_CURVE('',#1100,#949,#1123,.T.);
#1123 = SURFACE_CURVE('',#1124,(#1128,#1135),.PCURVE_S1.);
#1124 = LINE('',#1125,#1126);
#1125 = CARTESIAN_POINT('',(315.,-160.,490.));
#1126 = VECTOR('',#1127,1.);
#1127 = DIRECTION('',(-0.,1.,0.));
#1128 = PCURVE('',#128,#1129);
#1129 = DEFINITIONAL_REPRESENTATION('',(#1130),#1134);
#1130 = LINE('',#1131,#1132);
#1131 = CARTESIAN_POINT('',(30.,0.));
#1132 = VECTOR('',#1133,1.);
#1133 = DIRECTION('',(0.,1.));
#1134 = ( GEOMETRIC_REPRESENTATION_CONTEXT(2) 
PARAMETRIC_REPRESENTATION_CONTEXT() REPRESENTATION_CONTEXT('2D SPACE',''
  ) );
#1135 = PCURVE('',#384,#1136);
#1136 = DEFINITIONAL_REPRESENTATION('',(#1137),#1141);
#1137 = LINE('',#1138,#1139);
#1138 = CARTESIAN_POINT('',(0.,0.));
#1139 = VECTOR('',#1140,1.);
#1140 = DIRECTION('',(0.,-1.));
#1141 = ( GEOMETRIC_REPRESENTATION_CONTEXT(2) 
PARAMETRIC_REPRESENTATION_CONTEXT() REPRESENTATION_CONTEXT('2D SPACE',''
  ) );
#1142 = ORIENTED_EDGE('',*,*,#978,.F.);
#1143 = ADVANCED_FACE('',(#1144,#1192),#100,.F.);
#1144 = FACE_BOUND('',#1145,.F.);
#1145 = EDGE_LOOP('',(#1146,#1147,#1148,#1171));
#1146 = ORIENTED_EDGE('',*,*,#1099,.F.);
#1147 = ORIENTED_EDGE('',*,*,#84,.T.);
#1148 = ORIENTED_EDGE('',*,*,#1149,.T.);
#1149 = EDGE_CURVE('',#57,#1150,#1152,.T.);
#1150 = VERTEX_POINT('',#1151);
#1151 = CARTESIAN_POINT('',(315.,-160.,520.));
#1152 = SURFACE_CURVE('',#1153,(#1157,#1164),.PCURVE_S1.);
#1153 = LINE('',#1154,#1155);
#1154 = CARTESIAN_POINT('',(285.,-160.,520.));
#1155 = VECTOR('',#1156,1.);
#1156 = DIRECTION('',(1.,0.,-0.));
#1157 = PCURVE('',#100,#1158);
#1158 = DEFINITIONAL_REPRESENTATION('',(#1159),#1163);
#1159 = LINE('',#1160,#1161);
#1160 = CARTESIAN_POINT('',(30.,0.));
#1161 = VECTOR('',#1162,1.);
#1162 = DIRECTION('',(0.,1.));
#1163 = ( GEOMETRIC_REPRESENTATION_CONTEXT(2) 
PARAMETRIC_REPRESENTATION_CONTEXT() REPRESENTATION_CONTEXT('2D SPACE',''
  ) );
#1164 = PCURVE('',#72,#1165);
#1165 = DEFINITIONAL_REPRESENTATION('',(#1166),#1170);
#1166 = LINE('',#1167,#1168);
#1167 = CARTESIAN_POINT('',(0.,0.));
#1168 = VECTOR('',#1169,1.);
#1169 = DIRECTION('',(1.,0.));
#1170 = ( GEOMETRIC_REPRESENTATION_CONTEXT(2) 
PARAMETRIC_REPRESENTATION_CONTEXT() REPRESENTATION_CONTEXT('2D SPACE',''
  ) );
#1171 = ORIENTED_EDGE('',*,*,#1172,.F.);
#1172 = EDGE_CURVE('',#1100,#1150,#1173,.T.);
#1173 = SURFACE_CURVE('',#1174,(#1178,#1185),.PCURVE_S1.);
#1174 = LINE('',#1175,#1176);
#1175 = CARTESIAN_POINT('',(315.,-160.,490.));
#1176 = VECTOR('',#1177,1.);
#1177 = DIRECTION('',(0.,0.,1.));
#1178 = PCURVE('',#100,#1179);
#1179 = DEFINITIONAL_REPRESENTATION('',(#1180),#1184);
#1180 = LINE('',#1181,#1182);
#1181 = CARTESIAN_POINT('',(0.,30.));
#1182 = VECTOR('',#1183,1.);
#1183 = DIRECTION('',(1.,0.));
#1184 = ( GEOMETRIC_REPRESENTATION_CONTEXT(2) 
PARAMETRIC_REPRESENTATION_CONTEXT() REPRESENTATION_CONTEXT('2D SPACE',''
  ) );
#1185 = PCURVE('',#384,#1186);
#1186 = DEFINITIONAL_REPRESENTATION('',(#1187),#1191);
#1187 = LINE('',#1188,#1189);
#1188 = CARTESIAN_POINT('',(0.,0.));
#1189 = VECTOR('',#1190,1.);
#1190 = DIRECTION('',(1.,0.));
#1191 = ( GEOMETRIC_REPRESENTATION_CONTEXT(2) 
PARAMETRIC_REPRESENTATION_CONTEXT() REPRESENTATION_CONTEXT('2D SPACE',''
  ) );
#1192 = FACE_BOUND('',#1193,.F.);
#1193 = EDGE_LOOP('',(#1194,#1217,#1238,#1259));
#1194 = ORIENTED_EDGE('',*,*,#1195,.F.);
#1195 = EDGE_CURVE('',#1196,#1198,#1200,.T.);
#1196 = VERTEX_POINT('',#1197);
#1197 = CARTESIAN_POINT('',(287.,-160.,518.));
#1198 = VERTEX_POINT('',#1199);
#1199 = CARTESIAN_POINT('',(313.,-160.,518.));
#1200 = SURFACE_CURVE('',#1201,(#1205,#1211),.PCURVE_S1.);
#1201 = LINE('',#1202,#1203);
#1202 = CARTESIAN_POINT('',(286.,-160.,518.));
#1203 = VECTOR('',#1204,1.);
#1204 = DIRECTION('',(1.,0.,-0.));
#1205 = PCURVE('',#100,#1206);
#1206 = DEFINITIONAL_REPRESENTATION('',(#1207),#1210);
#1207 = B_SPLINE_CURVE_WITH_KNOTS('',1,(#1208,#1209),.UNSPECIFIED.,.F.,
  .F.,(2,2),(1.,27.),.PIECEWISE_BEZIER_KNOTS.);
#1208 = CARTESIAN_POINT('',(28.,2.));
#1209 = CARTESIAN_POINT('',(28.,28.));
#1210 = ( GEOMETRIC_REPRESENTATION_CONTEXT(2) 
PARAMETRIC_REPRESENTATION_CONTEXT() REPRESENTATION_CONTEXT('2D SPACE',''
  ) );
#1211 = PCURVE('',#415,#1212);
#1212 = DEFINITIONAL_REPRESENTATION('',(#1213),#1216);
#1213 = B_SPLINE_CURVE_WITH_KNOTS('',1,(#1214,#1215),.UNSPECIFIED.,.F.,
  .F.,(2,2),(1.,27.),.PIECEWISE_BEZIER_KNOTS.);
#1214 = CARTESIAN_POINT('',(0.,1.));
#1215 = CARTESIAN_POINT('',(26.,1.));
#1216 = ( GEOMETRIC_REPRESENTATION_CONTEXT(2) 
PARAMETRIC_REPRESENTATION_CONTEXT() REPRESENTATION_CONTEXT('2D SPACE',''
  ) );
#1217 = ORIENTED_EDGE('',*,*,#1218,.T.);
#1218 = EDGE_CURVE('',#1196,#1219,#1221,.T.);
#1219 = VERTEX_POINT('',#1220);
#1220 = CARTESIAN_POINT('',(287.,-160.,492.));
#1221 = SURFACE_CURVE('',#1222,(#1226,#1232),.PCURVE_S1.);
#1222 = LINE('',#1223,#1224);
#1223 = CARTESIAN_POINT('',(287.,-160.,491.));
#1224 = VECTOR('',#1225,1.);
#1225 = DIRECTION('',(-0.,0.,-1.));
#1226 = PCURVE('',#100,#1227);
#1227 = DEFINITIONAL_REPRESENTATION('',(#1228),#1231);
#1228 = B_SPLINE_CURVE_WITH_KNOTS('',1,(#1229,#1230),.UNSPECIFIED.,.F.,
  .F.,(2,2),(-27.,-1.),.PIECEWISE_BEZIER_KNOTS.);
#1229 = CARTESIAN_POINT('',(28.,2.));
#1230 = CARTESIAN_POINT('',(2.,2.));
#1231 = ( GEOMETRIC_REPRESENTATION_CONTEXT(2) 
PARAMETRIC_REPRESENTATION_CONTEXT() REPRESENTATION_CONTEXT('2D SPACE',''
  ) );
#1232 = PCURVE('',#441,#1233);
#1233 = DEFINITIONAL_REPRESENTATION('',(#1234),#1237);
#1234 = B_SPLINE_CURVE_WITH_KNOTS('',1,(#1235,#1236),.UNSPECIFIED.,.F.,
  .F.,(2,2),(-27.,-1.),.PIECEWISE_BEZIER_KNOTS.);
#1235 = CARTESIAN_POINT('',(26.,-1.));
#1236 = CARTESIAN_POINT('',(0.,-1.));
#1237 = ( GEOMETRIC_REPRESENTATION_CONTEXT(2) 
PARAMETRIC_REPRESENTATION_CONTEXT() REPRESENTATION_CONTEXT('2D SPACE',''
  ) );
#1238 = ORIENTED_EDGE('',*,*,#1239,.T.);
#1239 = EDGE_CURVE('',#1219,#1240,#1242,.T.);
#1240 = VERTEX_POINT('',#1241);
#1241 = CARTESIAN_POINT('',(313.,-160.,492.));
#1242 = SURFACE_CURVE('',#1243,(#1247,#1253),.PCURVE_S1.);
#1243 = LINE('',#1244,#1245);
#1244 = CARTESIAN_POINT('',(286.,-160.,492.));
#1245 = VECTOR('',#1246,1.);
#1246 = DIRECTION('',(1.,0.,-0.));
#1247 = PCURVE('',#100,#1248);
#1248 = DEFINITIONAL_REPRESENTATION('',(#1249),#1252);
#1249 = B_SPLINE_CURVE_WITH_KNOTS('',1,(#1250,#1251),.UNSPECIFIED.,.F.,
  .F.,(2,2),(1.,27.),.PIECEWISE_BEZIER_KNOTS.);
#1250 = CARTESIAN_POINT('',(2.,2.));
#1251 = CARTESIAN_POINT('',(2.,28.));
#1252 = ( GEOMETRIC_REPRESENTATION_CONTEXT(2) 
PARAMETRIC_REPRESENTATION_CONTEXT() REPRESENTATION_CONTEXT('2D SPACE',''
  ) );
#1253 = PCURVE('',#467,#1254);
#1254 = DEFINITIONAL_REPRESENTATION('',(#1255),#1258);
#1255 = B_SPLINE_CURVE_WITH_KNOTS('',1,(#1256,#1257),.UNSPECIFIED.,.F.,
  .F.,(2,2),(1.,27.),.PIECEWISE_BEZIER_KNOTS.);
#1256 = CARTESIAN_POINT('',(0.,1.));
#1257 = CARTESIAN_POINT('',(26.,1.));
#1258 = ( GEOMETRIC_REPRESENTATION_CONTEXT(2) 
PARAMETRIC_REPRESENTATION_CONTEXT() REPRESENTATION_CONTEXT('2D SPACE',''
  ) );
#1259 = ORIENTED_EDGE('',*,*,#1260,.F.);
#1260 = EDGE_CURVE('',#1198,#1240,#1261,.T.);
#1261 = SURFACE_CURVE('',#1262,(#1266,#1272),.PCURVE_S1.);
#1262 = LINE('',#1263,#1264);
#1263 = CARTESIAN_POINT('',(313.,-160.,491.));
#1264 = VECTOR('',#1265,1.);
#1265 = DIRECTION('',(-0.,0.,-1.));
#1266 = PCURVE('',#100,#1267);
#1267 = DEFINITIONAL_REPRESENTATION('',(#1268),#1271);
#1268 = B_SPLINE_CURVE_WITH_KNOTS('',1,(#1269,#1270),.UNSPECIFIED.,.F.,
  .F.,(2,2),(-27.,-1.),.PIECEWISE_BEZIER_KNOTS.);
#1269 = CARTESIAN_POINT('',(28.,28.));
#1270 = CARTESIAN_POINT('',(2.,28.));
#1271 = ( GEOMETRIC_REPRESENTATION_CONTEXT(2) 
PARAMETRIC_REPRESENTATION_CONTEXT() REPRESENTATION_CONTEXT('2D SPACE',''
  ) );
#1272 = PCURVE('',#491,#1273);
#1273 = DEFINITIONAL_REPRESENTATION('',(#1274),#1277);
#1274 = B_SPLINE_CURVE_WITH_KNOTS('',1,(#1275,#1276),.UNSPECIFIED.,.F.,
  .F.,(2,2),(-27.,-1.),.PIECEWISE_BEZIER_KNOTS.);
#1275 = CARTESIAN_POINT('',(26.,-1.));
#1276 = CARTESIAN_POINT('',(0.,-1.));
#1277 = ( GEOMETRIC_REPRESENTATION_CONTEXT(2) 
PARAMETRIC_REPRESENTATION_CONTEXT() REPRESENTATION_CONTEXT('2D SPACE',''
  ) );
#1278 = ADVANCED_FACE('',(#1279,#1305,#1336),#72,.T.);
#1279 = FACE_BOUND('',#1280,.T.);
#1280 = EDGE_LOOP('',(#1281,#1282,#1283,#1304));
#1281 = ORIENTED_EDGE('',*,*,#56,.F.);
#1282 = ORIENTED_EDGE('',*,*,#1149,.T.);
#1283 = ORIENTED_EDGE('',*,*,#1284,.T.);
#1284 = EDGE_CURVE('',#1150,#348,#1285,.T.);
#1285 = SURFACE_CURVE('',#1286,(#1290,#1297),.PCURVE_S1.);
#1286 = LINE('',#1287,#1288);
#1287 = CARTESIAN_POINT('',(315.,-160.,520.));
#1288 = VECTOR('',#1289,1.);
#1289 = DIRECTION('',(-0.,1.,0.));
#1290 = PCURVE('',#72,#1291);
#1291 = DEFINITIONAL_REPRESENTATION('',(#1292),#1296);
#1292 = LINE('',#1293,#1294);
#1293 = CARTESIAN_POINT('',(30.,0.));
#1294 = VECTOR('',#1295,1.);
#1295 = DIRECTION('',(0.,1.));
#1296 = ( GEOMETRIC_REPRESENTATION_CONTEXT(2) 
PARAMETRIC_REPRESENTATION_CONTEXT() REPRESENTATION_CONTEXT('2D SPACE',''
  ) );
#1297 = PCURVE('',#384,#1298);
#1298 = DEFINITIONAL_REPRESENTATION('',(#1299),#1303);
#1299 = LINE('',#1300,#1301);
#1300 = CARTESIAN_POINT('',(30.,0.));
#1301 = VECTOR('',#1302,1.);
#1302 = DIRECTION('',(0.,-1.));
#1303 = ( GEOMETRIC_REPRESENTATION_CONTEXT(2) 
PARAMETRIC_REPRESENTATION_CONTEXT() REPRESENTATION_CONTEXT('2D SPACE',''
  ) );
#1304 = ORIENTED_EDGE('',*,*,#347,.F.);
#1305 = FACE_BOUND('',#1306,.T.);
#1306 = EDGE_LOOP('',(#1307));
#1307 = ORIENTED_EDGE('',*,*,#1308,.F.);
#1308 = EDGE_CURVE('',#1309,#1309,#1311,.T.);
#1309 = VERTEX_POINT('',#1310);
#1310 = CARTESIAN_POINT('',(306.5,-135.,520.));
#1311 = SURFACE_CURVE('',#1312,(#1317,#1324),.PCURVE_S1.);
#1312 = CIRCLE('',#1313,6.5);
#1313 = AXIS2_PLACEMENT_3D('',#1314,#1315,#1316);
#1314 = CARTESIAN_POINT('',(300.,-135.,520.));
#1315 = DIRECTION('',(0.,0.,1.));
#1316 = DIRECTION('',(1.,0.,-0.));
#1317 = PCURVE('',#72,#1318);
#1318 = DEFINITIONAL_REPRESENTATION('',(#1319),#1323);
#1319 = CIRCLE('',#1320,6.5);
#1320 = AXIS2_PLACEMENT_2D('',#1321,#1322);
#1321 = CARTESIAN_POINT('',(15.,25.));
#1322 = DIRECTION('',(1.,0.));
#1323 = ( GEOMETRIC_REPRESENTATION_CONTEXT(2) 
PARAMETRIC_REPRESENTATION_CONTEXT() REPRESENTATION_CONTEXT('2D SPACE',''
  ) );
#1324 = PCURVE('',#1325,#1330);
#1325 = CYLINDRICAL_SURFACE('',#1326,6.5);
#1326 = AXIS2_PLACEMENT_3D('',#1327,#1328,#1329);
#1327 = CARTESIAN_POINT('',(300.,-135.,520.));
#1328 = DIRECTION('',(0.,0.,1.));
#1329 = DIRECTION('',(1.,0.,-0.));
#1330 = DEFINITIONAL_REPRESENTATION('',(#1331),#1335);
#1331 = LINE('',#1332,#1333);
#1332 = CARTESIAN_POINT('',(0.,0.));
#1333 = VECTOR('',#1334,1.);
#1334 = DIRECTION('',(1.,0.));
#1335 = ( GEOMETRIC_REPRESENTATION_CONTEXT(2) 
PARAMETRIC_REPRESENTATION_CONTEXT() REPRESENTATION_CONTEXT('2D SPACE',''
  ) );
#1336 = FACE_BOUND('',#1337,.T.);
#1337 = EDGE_LOOP('',(#1338));
#1338 = ORIENTED_EDGE('',*,*,#1339,.F.);
#1339 = EDGE_CURVE('',#1340,#1340,#1342,.T.);
#1340 = VERTEX_POINT('',#1341);
#1341 = CARTESIAN_POINT('',(306.5,135.,520.));
#1342 = SURFACE_CURVE('',#1343,(#1348,#1355),.PCURVE_S1.);
#1343 = CIRCLE('',#1344,6.5);
#1344 = AXIS2_PLACEMENT_3D('',#1345,#1346,#1347);
#1345 = CARTESIAN_POINT('',(300.,135.,520.));
#1346 = DIRECTION('',(0.,0.,1.));
#1347 = DIRECTION('',(1.,0.,-0.));
#1348 = PCURVE('',#72,#1349);
#1349 = DEFINITIONAL_REPRESENTATION('',(#1350),#1354);
#1350 = CIRCLE('',#1351,6.5);
#1351 = AXIS2_PLACEMENT_2D('',#1352,#1353);
#1352 = CARTESIAN_POINT('',(15.,295.));
#1353 = DIRECTION('',(1.,0.));
#1354 = ( GEOMETRIC_REPRESENTATION_CONTEXT(2) 
PARAMETRIC_REPRESENTATION_CONTEXT() REPRESENTATION_CONTEXT('2D SPACE',''
  ) );
#1355 = PCURVE('',#1356,#1361);
#1356 = CYLINDRICAL_SURFACE('',#1357,6.5);
#1357 = AXIS2_PLACEMENT_3D('',#1358,#1359,#1360);
#1358 = CARTESIAN_POINT('',(300.,135.,520.));
#1359 = DIRECTION('',(0.,0.,1.));
#1360 = DIRECTION('',(1.,0.,-0.));
#1361 = DEFINITIONAL_REPRESENTATION('',(#1362),#1366);
#1362 = LINE('',#1363,#1364);
#1363 = CARTESIAN_POINT('',(0.,0.));
#1364 = VECTOR('',#1365,1.);
#1365 = DIRECTION('',(1.,0.));
#1366 = ( GEOMETRIC_REPRESENTATION_CONTEXT(2) 
PARAMETRIC_REPRESENTATION_CONTEXT() REPRESENTATION_CONTEXT('2D SPACE',''
  ) );
#1367 = ADVANCED_FACE('',(#1368),#384,.T.);
#1368 = FACE_BOUND('',#1369,.T.);
#1369 = EDGE_LOOP('',(#1370,#1371,#1372,#1373,#1374,#1375,#1397,#1430,
    #1450,#1451,#1452,#1453,#1475,#1508,#1528,#1529));
#1370 = ORIENTED_EDGE('',*,*,#370,.T.);
#1371 = ORIENTED_EDGE('',*,*,#1284,.F.);
#1372 = ORIENTED_EDGE('',*,*,#1172,.F.);
#1373 = ORIENTED_EDGE('',*,*,#1122,.T.);
#1374 = ORIENTED_EDGE('',*,*,#948,.F.);
#1375 = ORIENTED_EDGE('',*,*,#1376,.T.);
#1376 = EDGE_CURVE('',#918,#1377,#1379,.T.);
#1377 = VERTEX_POINT('',#1378);
#1378 = CARTESIAN_POINT('',(315.,-67.10797076027,491.28325261966));
#1379 = SURFACE_CURVE('',#1380,(#1384,#1391),.PCURVE_S1.);
#1380 = LINE('',#1381,#1382);
#1381 = CARTESIAN_POINT('',(315.,-112.,491.28325261966));
#1382 = VECTOR('',#1383,1.);
#1383 = DIRECTION('',(-0.,1.,0.));
#1384 = PCURVE('',#384,#1385);
#1385 = DEFINITIONAL_REPRESENTATION('',(#1386),#1390);
#1386 = LINE('',#1387,#1388);
#1387 = CARTESIAN_POINT('',(1.283252619665,-48.));
#1388 = VECTOR('',#1389,1.);
#1389 = DIRECTION('',(0.,-1.));
#1390 = ( GEOMETRIC_REPRESENTATION_CONTEXT(2) 
PARAMETRIC_REPRESENTATION_CONTEXT() REPRESENTATION_CONTEXT('2D SPACE',''
  ) );
#1391 = PCURVE('',#936,#1392);
#1392 = DEFINITIONAL_REPRESENTATION('',(#1393),#1396);
#1393 = B_SPLINE_CURVE_WITH_KNOTS('',1,(#1394,#1395),.UNSPECIFIED.,.F.,
  .F.,(2,2),(36.9,59.1),.PIECEWISE_BEZIER_KNOTS.);
#1394 = CARTESIAN_POINT('',(-8.97722216241,11.1));
#1395 = CARTESIAN_POINT('',(-8.97722216241,-11.1));
#1396 = ( GEOMETRIC_REPRESENTATION_CONTEXT(2) 
PARAMETRIC_REPRESENTATION_CONTEXT() REPRESENTATION_CONTEXT('2D SPACE',''
  ) );
#1397 = ORIENTED_EDGE('',*,*,#1398,.T.);
#1398 = EDGE_CURVE('',#1377,#1399,#1401,.T.);
#1399 = VERTEX_POINT('',#1400);
#1400 = CARTESIAN_POINT('',(315.,-60.89202923972,491.28325261966));
#1401 = SURFACE_CURVE('',#1402,(#1407,#1414),.PCURVE_S1.);
#1402 = ELLIPSE('',#1403,12.050010734823,9.5);
#1403 = AXIS2_PLACEMENT_3D('',#1404,#1405,#1406);
#1404 = CARTESIAN_POINT('',(315.,-64.,502.67016034871));
#1405 = DIRECTION('',(1.,0.,-0.));
#1406 = DIRECTION('',(0.,0.,1.));
#1407 = PCURVE('',#384,#1408);
#1408 = DEFINITIONAL_REPRESENTATION('',(#1409),#1413);
#1409 = ELLIPSE('',#1410,12.050010734823,9.5);
#1410 = AXIS2_PLACEMENT_2D('',#1411,#1412);
#1411 = CARTESIAN_POINT('',(12.670160348711,-96.));
#1412 = DIRECTION('',(1.,0.));
#1413 = ( GEOMETRIC_REPRESENTATION_CONTEXT(2) 
PARAMETRIC_REPRESENTATION_CONTEXT() REPRESENTATION_CONTEXT('2D SPACE',''
  ) );
#1414 = PCURVE('',#1415,#1420);
#1415 = CYLINDRICAL_SURFACE('',#1416,9.5);
#1416 = AXIS2_PLACEMENT_3D('',#1417,#1418,#1419);
#1417 = CARTESIAN_POINT('',(35.539978171693,-64.,284.60271638001));
#1418 = DIRECTION('',(0.788381040404,0.,0.615187235833));
#1419 = DIRECTION('',(-0.615187235833,0.,0.788381040404));
#1420 = DEFINITIONAL_REPRESENTATION('',(#1421),#1429);
#1421 = B_SPLINE_CURVE_WITH_KNOTS('',6,(#1422,#1423,#1424,#1425,#1426,
    #1427,#1428),.UNSPECIFIED.,.F.,.F.,(7,7),(2.808301275448,
    3.474884031732),.PIECEWISE_BEZIER_KNOTS.);
#1422 = CARTESIAN_POINT('',(2.808301275448,347.46821115002));
#1423 = CARTESIAN_POINT('',(2.919398401495,347.19877789147));
#1424 = CARTESIAN_POINT('',(3.030495527542,347.03309748358));
#1425 = CARTESIAN_POINT('',(3.14159265359,346.97715567058));
#1426 = CARTESIAN_POINT('',(3.252689779637,347.03309748358));
#1427 = CARTESIAN_POINT('',(3.363786905685,347.19877789147));
#1428 = CARTESIAN_POINT('',(3.474884031732,347.46821115002));
#1429 = ( GEOMETRIC_REPRESENTATION_CONTEXT(2) 
PARAMETRIC_REPRESENTATION_CONTEXT() REPRESENTATION_CONTEXT('2D SPACE',''
  ) );
#1430 = ORIENTED_EDGE('',*,*,#1431,.T.);
#1431 = EDGE_CURVE('',#1399,#920,#1432,.T.);
#1432 = SURFACE_CURVE('',#1433,(#1437,#1444),.PCURVE_S1.);
#1433 = LINE('',#1434,#1435);
#1434 = CARTESIAN_POINT('',(315.,-112.,491.28325261966));
#1435 = VECTOR('',#1436,1.);
#1436 = DIRECTION('',(-0.,1.,0.));
#1437 = PCURVE('',#384,#1438);
#1438 = DEFINITIONAL_REPRESENTATION('',(#1439),#1443);
#1439 = LINE('',#1440,#1441);
#1440 = CARTESIAN_POINT('',(1.283252619665,-48.));
#1441 = VECTOR('',#1442,1.);
#1442 = DIRECTION('',(0.,-1.));
#1443 = ( GEOMETRIC_REPRESENTATION_CONTEXT(2) 
PARAMETRIC_REPRESENTATION_CONTEXT() REPRESENTATION_CONTEXT('2D SPACE',''
  ) );
#1444 = PCURVE('',#936,#1445);
#1445 = DEFINITIONAL_REPRESENTATION('',(#1446),#1449);
#1446 = B_SPLINE_CURVE_WITH_KNOTS('',1,(#1447,#1448),.UNSPECIFIED.,.F.,
  .F.,(2,2),(36.9,59.1),.PIECEWISE_BEZIER_KNOTS.);
#1447 = CARTESIAN_POINT('',(-8.97722216241,11.1));
#1448 = CARTESIAN_POINT('',(-8.97722216241,-11.1));
#1449 = ( GEOMETRIC_REPRESENTATION_CONTEXT(2) 
PARAMETRIC_REPRESENTATION_CONTEXT() REPRESENTATION_CONTEXT('2D SPACE',''
  ) );
#1450 = ORIENTED_EDGE('',*,*,#1067,.F.);
#1451 = ORIENTED_EDGE('',*,*,#891,.T.);
#1452 = ORIENTED_EDGE('',*,*,#599,.F.);
#1453 = ORIENTED_EDGE('',*,*,#1454,.T.);
#1454 = EDGE_CURVE('',#569,#1455,#1457,.T.);
#1455 = VERTEX_POINT('',#1456);
#1456 = CARTESIAN_POINT('',(315.,60.892029239722,491.28325261966));
#1457 = SURFACE_CURVE('',#1458,(#1462,#1469),.PCURVE_S1.);
#1458 = LINE('',#1459,#1460);
#1459 = CARTESIAN_POINT('',(315.,-48.,491.28325261966));
#1460 = VECTOR('',#1461,1.);
#1461 = DIRECTION('',(-0.,1.,0.));
#1462 = PCURVE('',#384,#1463);
#1463 = DEFINITIONAL_REPRESENTATION('',(#1464),#1468);
#1464 = LINE('',#1465,#1466);
#1465 = CARTESIAN_POINT('',(1.283252619665,-112.));
#1466 = VECTOR('',#1467,1.);
#1467 = DIRECTION('',(0.,-1.));
#1468 = ( GEOMETRIC_REPRESENTATION_CONTEXT(2) 
PARAMETRIC_REPRESENTATION_CONTEXT() REPRESENTATION_CONTEXT('2D SPACE',''
  ) );
#1469 = PCURVE('',#587,#1470);
#1470 = DEFINITIONAL_REPRESENTATION('',(#1471),#1474);
#1471 = B_SPLINE_CURVE_WITH_KNOTS('',1,(#1472,#1473),.UNSPECIFIED.,.F.,
  .F.,(2,2),(100.9,123.1),.PIECEWISE_BEZIER_KNOTS.);
#1472 = CARTESIAN_POINT('',(-8.97722216241,11.1));
#1473 = CARTESIAN_POINT('',(-8.97722216241,-11.1));
#1474 = ( GEOMETRIC_REPRESENTATION_CONTEXT(2) 
PARAMETRIC_REPRESENTATION_CONTEXT() REPRESENTATION_CONTEXT('2D SPACE',''
  ) );
#1475 = ORIENTED_EDGE('',*,*,#1476,.T.);
#1476 = EDGE_CURVE('',#1455,#1477,#1479,.T.);
#1477 = VERTEX_POINT('',#1478);
#1478 = CARTESIAN_POINT('',(315.,67.107970760278,491.28325261966));
#1479 = SURFACE_CURVE('',#1480,(#1485,#1492),.PCURVE_S1.);
#1480 = ELLIPSE('',#1481,12.050010734823,9.5);
#1481 = AXIS2_PLACEMENT_3D('',#1482,#1483,#1484);
#1482 = CARTESIAN_POINT('',(315.,64.,502.67016034871));
#1483 = DIRECTION('',(1.,0.,-0.));
#1484 = DIRECTION('',(0.,0.,1.));
#1485 = PCURVE('',#384,#1486);
#1486 = DEFINITIONAL_REPRESENTATION('',(#1487),#1491);
#1487 = ELLIPSE('',#1488,12.050010734823,9.5);
#1488 = AXIS2_PLACEMENT_2D('',#1489,#1490);
#1489 = CARTESIAN_POINT('',(12.670160348711,-224.));
#1490 = DIRECTION('',(1.,0.));
#1491 = ( GEOMETRIC_REPRESENTATION_CONTEXT(2) 
PARAMETRIC_REPRESENTATION_CONTEXT() REPRESENTATION_CONTEXT('2D SPACE',''
  ) );
#1492 = PCURVE('',#1493,#1498);
#1493 = CYLINDRICAL_SURFACE('',#1494,9.5);
#1494 = AXIS2_PLACEMENT_3D('',#1495,#1496,#1497);
#1495 = CARTESIAN_POINT('',(35.539978171693,64.,284.60271638001));
#1496 = DIRECTION('',(0.788381040404,0.,0.615187235833));
#1497 = DIRECTION('',(-0.615187235833,0.,0.788381040404));
#1498 = DEFINITIONAL_REPRESENTATION('',(#1499),#1507);
#1499 = B_SPLINE_CURVE_WITH_KNOTS('',6,(#1500,#1501,#1502,#1503,#1504,
    #1505,#1506),.UNSPECIFIED.,.F.,.F.,(7,7),(2.808301275448,
    3.474884031732),.PIECEWISE_BEZIER_KNOTS.);
#1500 = CARTESIAN_POINT('',(2.808301275448,347.46821115002));
#1501 = CARTESIAN_POINT('',(2.919398401495,347.19877789147));
#1502 = CARTESIAN_POINT('',(3.030495527542,347.03309748358));
#1503 = CARTESIAN_POINT('',(3.14159265359,346.97715567058));
#1504 = CARTESIAN_POINT('',(3.252689779637,347.03309748358));
#1505 = CARTESIAN_POINT('',(3.363786905685,347.19877789147));
#1506 = CARTESIAN_POINT('',(3.474884031732,347.46821115002));
#1507 = ( GEOMETRIC_REPRESENTATION_CONTEXT(2) 
PARAMETRIC_REPRESENTATION_CONTEXT() REPRESENTATION_CONTEXT('2D SPACE',''
  ) );
#1508 = ORIENTED_EDGE('',*,*,#1509,.T.);
#1509 = EDGE_CURVE('',#1477,#571,#1510,.T.);
#1510 = SURFACE_CURVE('',#1511,(#1515,#1522),.PCURVE_S1.);
#1511 = LINE('',#1512,#1513);
#1512 = CARTESIAN_POINT('',(315.,-48.,491.28325261966));
#1513 = VECTOR('',#1514,1.);
#1514 = DIRECTION('',(-0.,1.,0.));
#1515 = PCURVE('',#384,#1516);
#1516 = DEFINITIONAL_REPRESENTATION('',(#1517),#1521);
#1517 = LINE('',#1518,#1519);
#1518 = CARTESIAN_POINT('',(1.283252619665,-112.));
#1519 = VECTOR('',#1520,1.);
#1520 = DIRECTION('',(0.,-1.));
#1521 = ( GEOMETRIC_REPRESENTATION_CONTEXT(2) 
PARAMETRIC_REPRESENTATION_CONTEXT() REPRESENTATION_CONTEXT('2D SPACE',''
  ) );
#1522 = PCURVE('',#587,#1523);
#1523 = DEFINITIONAL_REPRESENTATION('',(#1524),#1527);
#1524 = B_SPLINE_CURVE_WITH_KNOTS('',1,(#1525,#1526),.UNSPECIFIED.,.F.,
  .F.,(2,2),(100.9,123.1),.PIECEWISE_BEZIER_KNOTS.);
#1525 = CARTESIAN_POINT('',(-8.97722216241,11.1));
#1526 = CARTESIAN_POINT('',(-8.97722216241,-11.1));
#1527 = ( GEOMETRIC_REPRESENTATION_CONTEXT(2) 
PARAMETRIC_REPRESENTATION_CONTEXT() REPRESENTATION_CONTEXT('2D SPACE',''
  ) );
#1528 = ORIENTED_EDGE('',*,*,#823,.F.);
#1529 = ORIENTED_EDGE('',*,*,#542,.T.);
#1530 = ADVANCED_FACE('',(#1531,#1577,#1608),#415,.F.);
#1531 = FACE_BOUND('',#1532,.F.);
#1532 = EDGE_LOOP('',(#1533,#1554,#1555,#1576));
#1533 = ORIENTED_EDGE('',*,*,#1534,.F.);
#1534 = EDGE_CURVE('',#1196,#399,#1535,.T.);
#1535 = SURFACE_CURVE('',#1536,(#1540,#1547),.PCURVE_S1.);
#1536 = LINE('',#1537,#1538);
#1537 = CARTESIAN_POINT('',(287.,-161.,518.));
#1538 = VECTOR('',#1539,1.);
#1539 = DIRECTION('',(-0.,1.,0.));
#1540 = PCURVE('',#415,#1541);
#1541 = DEFINITIONAL_REPRESENTATION('',(#1542),#1546);
#1542 = LINE('',#1543,#1544);
#1543 = CARTESIAN_POINT('',(0.,0.));
#1544 = VECTOR('',#1545,1.);
#1545 = DIRECTION('',(0.,1.));
#1546 = ( GEOMETRIC_REPRESENTATION_CONTEXT(2) 
PARAMETRIC_REPRESENTATION_CONTEXT() REPRESENTATION_CONTEXT('2D SPACE',''
  ) );
#1547 = PCURVE('',#441,#1548);
#1548 = DEFINITIONAL_REPRESENTATION('',(#1549),#1553);
#1549 = LINE('',#1550,#1551);
#1550 = CARTESIAN_POINT('',(26.,0.));
#1551 = VECTOR('',#1552,1.);
#1552 = DIRECTION('',(0.,-1.));
#1553 = ( GEOMETRIC_REPRESENTATION_CONTEXT(2) 
PARAMETRIC_REPRESENTATION_CONTEXT() REPRESENTATION_CONTEXT('2D SPACE',''
  ) );
#1554 = ORIENTED_EDGE('',*,*,#1195,.T.);
#1555 = ORIENTED_EDGE('',*,*,#1556,.T.);
#1556 = EDGE_CURVE('',#1198,#401,#1557,.T.);
#1557 = SURFACE_CURVE('',#1558,(#1562,#1569),.PCURVE_S1.);
#1558 = LINE('',#1559,#1560);
#1559 = CARTESIAN_POINT('',(313.,-161.,518.));
#1560 = VECTOR('',#1561,1.);
#1561 = DIRECTION('',(-0.,1.,0.));
#1562 = PCURVE('',#415,#1563);
#1563 = DEFINITIONAL_REPRESENTATION('',(#1564),#1568);
#1564 = LINE('',#1565,#1566);
#1565 = CARTESIAN_POINT('',(26.,0.));
#1566 = VECTOR('',#1567,1.);
#1567 = DIRECTION('',(0.,1.));
#1568 = ( GEOMETRIC_REPRESENTATION_CONTEXT(2) 
PARAMETRIC_REPRESENTATION_CONTEXT() REPRESENTATION_CONTEXT('2D SPACE',''
  ) );
#1569 = PCURVE('',#491,#1570);
#1570 = DEFINITIONAL_REPRESENTATION('',(#1571),#1575);
#1571 = LINE('',#1572,#1573);
#1572 = CARTESIAN_POINT('',(26.,0.));
#1573 = VECTOR('',#1574,1.);
#1574 = DIRECTION('',(0.,-1.));
#1575 = ( GEOMETRIC_REPRESENTATION_CONTEXT(2) 
PARAMETRIC_REPRESENTATION_CONTEXT() REPRESENTATION_CONTEXT('2D SPACE',''
  ) );
#1576 = ORIENTED_EDGE('',*,*,#398,.F.);
#1577 = FACE_BOUND('',#1578,.F.);
#1578 = EDGE_LOOP('',(#1579));
#1579 = ORIENTED_EDGE('',*,*,#1580,.F.);
#1580 = EDGE_CURVE('',#1581,#1581,#1583,.T.);
#1581 = VERTEX_POINT('',#1582);
#1582 = CARTESIAN_POINT('',(304.5,-135.,518.));
#1583 = SURFACE_CURVE('',#1584,(#1589,#1596),.PCURVE_S1.);
#1584 = CIRCLE('',#1585,4.5);
#1585 = AXIS2_PLACEMENT_3D('',#1586,#1587,#1588);
#1586 = CARTESIAN_POINT('',(300.,-135.,518.));
#1587 = DIRECTION('',(0.,0.,1.));
#1588 = DIRECTION('',(1.,0.,-0.));
#1589 = PCURVE('',#415,#1590);
#1590 = DEFINITIONAL_REPRESENTATION('',(#1591),#1595);
#1591 = CIRCLE('',#1592,4.5);
#1592 = AXIS2_PLACEMENT_2D('',#1593,#1594);
#1593 = CARTESIAN_POINT('',(13.,26.));
#1594 = DIRECTION('',(1.,0.));
#1595 = ( GEOMETRIC_REPRESENTATION_CONTEXT(2) 
PARAMETRIC_REPRESENTATION_CONTEXT() REPRESENTATION_CONTEXT('2D SPACE',''
  ) );
#1596 = PCURVE('',#1597,#1602);
#1597 = CYLINDRICAL_SURFACE('',#1598,4.5);
#1598 = AXIS2_PLACEMENT_3D('',#1599,#1600,#1601);
#1599 = CARTESIAN_POINT('',(300.,-135.,517.));
#1600 = DIRECTION('',(0.,0.,1.));
#1601 = DIRECTION('',(1.,0.,-0.));
#1602 = DEFINITIONAL_REPRESENTATION('',(#1603),#1607);
#1603 = LINE('',#1604,#1605);
#1604 = CARTESIAN_POINT('',(0.,1.));
#1605 = VECTOR('',#1606,1.);
#1606 = DIRECTION('',(1.,0.));
#1607 = ( GEOMETRIC_REPRESENTATION_CONTEXT(2) 
PARAMETRIC_REPRESENTATION_CONTEXT() REPRESENTATION_CONTEXT('2D SPACE',''
  ) );
#1608 = FACE_BOUND('',#1609,.F.);
#1609 = EDGE_LOOP('',(#1610));
#1610 = ORIENTED_EDGE('',*,*,#1611,.F.);
#1611 = EDGE_CURVE('',#1612,#1612,#1614,.T.);
#1612 = VERTEX_POINT('',#1613);
#1613 = CARTESIAN_POINT('',(304.5,135.,518.));
#1614 = SURFACE_CURVE('',#1615,(#1620,#1627),.PCURVE_S1.);
#1615 = CIRCLE('',#1616,4.5);
#1616 = AXIS2_PLACEMENT_3D('',#1617,#1618,#1619);
#1617 = CARTESIAN_POINT('',(300.,135.,518.));
#1618 = DIRECTION('',(0.,0.,1.));
#1619 = DIRECTION('',(1.,0.,-0.));
#1620 = PCURVE('',#415,#1621);
#1621 = DEFINITIONAL_REPRESENTATION('',(#1622),#1626);
#1622 = CIRCLE('',#1623,4.5);
#1623 = AXIS2_PLACEMENT_2D('',#1624,#1625);
#1624 = CARTESIAN_POINT('',(13.,296.));
#1625 = DIRECTION('',(1.,0.));
#1626 = ( GEOMETRIC_REPRESENTATION_CONTEXT(2) 
PARAMETRIC_REPRESENTATION_CONTEXT() REPRESENTATION_CONTEXT('2D SPACE',''
  ) );
#1627 = PCURVE('',#1628,#1633);
#1628 = CYLINDRICAL_SURFACE('',#1629,4.5);
#1629 = AXIS2_PLACEMENT_3D('',#1630,#1631,#1632);
#1630 = CARTESIAN_POINT('',(300.,135.,517.));
#1631 = DIRECTION('',(0.,0.,1.));
#1632 = DIRECTION('',(1.,0.,-0.));
#1633 = DEFINITIONAL_REPRESENTATION('',(#1634),#1638);
#1634 = LINE('',#1635,#1636);
#1635 = CARTESIAN_POINT('',(0.,1.));
#1636 = VECTOR('',#1637,1.);
#1637 = DIRECTION('',(1.,0.));
#1638 = ( GEOMETRIC_REPRESENTATION_CONTEXT(2) 
PARAMETRIC_REPRESENTATION_CONTEXT() REPRESENTATION_CONTEXT('2D SPACE',''
  ) );
#1639 = ADVANCED_FACE('',(#1640),#491,.F.);
#1640 = FACE_BOUND('',#1641,.F.);
#1641 = EDGE_LOOP('',(#1642,#1643,#1644,#1665));
#1642 = ORIENTED_EDGE('',*,*,#1556,.F.);
#1643 = ORIENTED_EDGE('',*,*,#1260,.T.);
#1644 = ORIENTED_EDGE('',*,*,#1645,.T.);
#1645 = EDGE_CURVE('',#1240,#453,#1646,.T.);
#1646 = SURFACE_CURVE('',#1647,(#1651,#1658),.PCURVE_S1.);
#1647 = LINE('',#1648,#1649);
#1648 = CARTESIAN_POINT('',(313.,-161.,492.));
#1649 = VECTOR('',#1650,1.);
#1650 = DIRECTION('',(-0.,1.,0.));
#1651 = PCURVE('',#491,#1652);
#1652 = DEFINITIONAL_REPRESENTATION('',(#1653),#1657);
#1653 = LINE('',#1654,#1655);
#1654 = CARTESIAN_POINT('',(0.,0.));
#1655 = VECTOR('',#1656,1.);
#1656 = DIRECTION('',(0.,-1.));
#1657 = ( GEOMETRIC_REPRESENTATION_CONTEXT(2) 
PARAMETRIC_REPRESENTATION_CONTEXT() REPRESENTATION_CONTEXT('2D SPACE',''
  ) );
#1658 = PCURVE('',#467,#1659);
#1659 = DEFINITIONAL_REPRESENTATION('',(#1660),#1664);
#1660 = LINE('',#1661,#1662);
#1661 = CARTESIAN_POINT('',(26.,0.));
#1662 = VECTOR('',#1663,1.);
#1663 = DIRECTION('',(0.,1.));
#1664 = ( GEOMETRIC_REPRESENTATION_CONTEXT(2) 
PARAMETRIC_REPRESENTATION_CONTEXT() REPRESENTATION_CONTEXT('2D SPACE',''
  ) );
#1665 = ORIENTED_EDGE('',*,*,#478,.F.);
#1666 = ADVANCED_FACE('',(#1667),#467,.T.);
#1667 = FACE_BOUND('',#1668,.T.);
#1668 = EDGE_LOOP('',(#1669,#1690,#1691,#1692));
#1669 = ORIENTED_EDGE('',*,*,#1670,.F.);
#1670 = EDGE_CURVE('',#1219,#427,#1671,.T.);
#1671 = SURFACE_CURVE('',#1672,(#1676,#1683),.PCURVE_S1.);
#1672 = LINE('',#1673,#1674);
#1673 = CARTESIAN_POINT('',(287.,-161.,492.));
#1674 = VECTOR('',#1675,1.);
#1675 = DIRECTION('',(-0.,1.,0.));
#1676 = PCURVE('',#467,#1677);
#1677 = DEFINITIONAL_REPRESENTATION('',(#1678),#1682);
#1678 = LINE('',#1679,#1680);
#1679 = CARTESIAN_POINT('',(0.,0.));
#1680 = VECTOR('',#1681,1.);
#1681 = DIRECTION('',(0.,1.));
#1682 = ( GEOMETRIC_REPRESENTATION_CONTEXT(2) 
PARAMETRIC_REPRESENTATION_CONTEXT() REPRESENTATION_CONTEXT('2D SPACE',''
  ) );
#1683 = PCURVE('',#441,#1684);
#1684 = DEFINITIONAL_REPRESENTATION('',(#1685),#1689);
#1685 = LINE('',#1686,#1687);
#1686 = CARTESIAN_POINT('',(0.,0.));
#1687 = VECTOR('',#1688,1.);
#1688 = DIRECTION('',(0.,-1.));
#1689 = ( GEOMETRIC_REPRESENTATION_CONTEXT(2) 
PARAMETRIC_REPRESENTATION_CONTEXT() REPRESENTATION_CONTEXT('2D SPACE',''
  ) );
#1690 = ORIENTED_EDGE('',*,*,#1239,.T.);
#1691 = ORIENTED_EDGE('',*,*,#1645,.T.);
#1692 = ORIENTED_EDGE('',*,*,#452,.F.);
#1693 = ADVANCED_FACE('',(#1694),#441,.T.);
#1694 = FACE_BOUND('',#1695,.T.);
#1695 = EDGE_LOOP('',(#1696,#1697,#1698,#1699));
#1696 = ORIENTED_EDGE('',*,*,#1534,.F.);
#1697 = ORIENTED_EDGE('',*,*,#1218,.T.);
#1698 = ORIENTED_EDGE('',*,*,#1670,.T.);
#1699 = ORIENTED_EDGE('',*,*,#426,.F.);
#1700 = ADVANCED_FACE('',(#1701),#587,.T.);
#1701 = FACE_BOUND('',#1702,.T.);
#1702 = EDGE_LOOP('',(#1703,#1704,#1705,#1706));
#1703 = ORIENTED_EDGE('',*,*,#1454,.F.);
#1704 = ORIENTED_EDGE('',*,*,#568,.T.);
#1705 = ORIENTED_EDGE('',*,*,#1509,.F.);
#1706 = ORIENTED_EDGE('',*,*,#1707,.F.);
#1707 = EDGE_CURVE('',#1455,#1477,#1708,.T.);
#1708 = SURFACE_CURVE('',#1709,(#1714,#1721),.PCURVE_S1.);
#1709 = CIRCLE('',#1710,9.5);
#1710 = AXIS2_PLACEMENT_3D('',#1711,#1712,#1713);
#1711 = CARTESIAN_POINT('',(309.47732751245,64.,498.360724368));
#1712 = DIRECTION('',(0.788381040404,0.,0.615187235833));
#1713 = DIRECTION('',(-0.615187235833,0.,0.788381040404));
#1714 = PCURVE('',#587,#1715);
#1715 = DEFINITIONAL_REPRESENTATION('',(#1716),#1720);
#1716 = CIRCLE('',#1717,9.5);
#1717 = AXIS2_PLACEMENT_2D('',#1718,#1719);
#1718 = CARTESIAN_POINT('',(0.,0.));
#1719 = DIRECTION('',(1.,0.));
#1720 = ( GEOMETRIC_REPRESENTATION_CONTEXT(2) 
PARAMETRIC_REPRESENTATION_CONTEXT() REPRESENTATION_CONTEXT('2D SPACE',''
  ) );
#1721 = PCURVE('',#1493,#1722);
#1722 = DEFINITIONAL_REPRESENTATION('',(#1723),#1727);
#1723 = LINE('',#1724,#1725);
#1724 = CARTESIAN_POINT('',(0.,347.46821055002));
#1725 = VECTOR('',#1726,1.);
#1726 = DIRECTION('',(1.,0.));
#1727 = ( GEOMETRIC_REPRESENTATION_CONTEXT(2) 
PARAMETRIC_REPRESENTATION_CONTEXT() REPRESENTATION_CONTEXT('2D SPACE',''
  ) );
#1728 = ADVANCED_FACE('',(#1729),#705,.F.);
#1729 = FACE_BOUND('',#1730,.F.);
#1730 = EDGE_LOOP('',(#1731,#1732,#1733,#1754,#1783,#1807));
#1731 = ORIENTED_EDGE('',*,*,#798,.T.);
#1732 = ORIENTED_EDGE('',*,*,#688,.T.);
#1733 = ORIENTED_EDGE('',*,*,#1734,.T.);
#1734 = EDGE_CURVE('',#689,#1735,#1737,.T.);
#1735 = VERTEX_POINT('',#1736);
#1736 = CARTESIAN_POINT('',(33.668959238073,55.,287.00048370609));
#1737 = SURFACE_CURVE('',#1738,(#1742,#1748),.PCURVE_S1.);
#1738 = LINE('',#1739,#1740);
#1739 = CARTESIAN_POINT('',(32.439710921868,55.,288.57580258464));
#1740 = VECTOR('',#1741,1.);
#1741 = DIRECTION('',(0.615187235833,0.,-0.788381040404));
#1742 = PCURVE('',#705,#1743);
#1743 = DEFINITIONAL_REPRESENTATION('',(#1744),#1747);
#1744 = B_SPLINE_CURVE_WITH_KNOTS('',1,(#1745,#1746),.UNSPECIFIED.,.F.,
  .F.,(2,2),(-6.060449324621,16.139550675379),.PIECEWISE_BEZIER_KNOTS.);
#1745 = CARTESIAN_POINT('',(11.1,9.));
#1746 = CARTESIAN_POINT('',(-11.1,9.));
#1747 = ( GEOMETRIC_REPRESENTATION_CONTEXT(2) 
PARAMETRIC_REPRESENTATION_CONTEXT() REPRESENTATION_CONTEXT('2D SPACE',''
  ) );
#1748 = PCURVE('',#732,#1749);
#1749 = DEFINITIONAL_REPRESENTATION('',(#1750),#1753);
#1750 = B_SPLINE_CURVE_WITH_KNOTS('',1,(#1751,#1752),.UNSPECIFIED.,.F.,
  .F.,(2,2),(-6.060449324621,16.139550675379),.PIECEWISE_BEZIER_KNOTS.);
#1751 = CARTESIAN_POINT('',(23.698927808695,28.711399853951));
#1752 = CARTESIAN_POINT('',(6.196868711725,42.368556489436));
#1753 = ( GEOMETRIC_REPRESENTATION_CONTEXT(2) 
PARAMETRIC_REPRESENTATION_CONTEXT() REPRESENTATION_CONTEXT('2D SPACE',''
  ) );
#1754 = ORIENTED_EDGE('',*,*,#1755,.F.);
#1755 = EDGE_CURVE('',#1756,#1735,#1758,.T.);
#1756 = VERTEX_POINT('',#1757);
#1757 = CARTESIAN_POINT('',(29.695699431283,64.,292.09233626385));
#1758 = SURFACE_CURVE('',#1759,(#1764,#1771),.PCURVE_S1.);
#1759 = CIRCLE('',#1760,9.5);
#1760 = AXIS2_PLACEMENT_3D('',#1761,#1762,#1763);
#1761 = CARTESIAN_POINT('',(35.539978171693,64.,284.60271638001));
#1762 = DIRECTION('',(0.788381040404,0.,0.615187235833));
#1763 = DIRECTION('',(-0.615187235833,0.,0.788381040404));
#1764 = PCURVE('',#705,#1765);
#1765 = DEFINITIONAL_REPRESENTATION('',(#1766),#1770);
#1766 = CIRCLE('',#1767,9.5);
#1767 = AXIS2_PLACEMENT_2D('',#1768,#1769);
#1768 = CARTESIAN_POINT('',(0.,0.));
#1769 = DIRECTION('',(1.,0.));
#1770 = ( GEOMETRIC_REPRESENTATION_CONTEXT(2) 
PARAMETRIC_REPRESENTATION_CONTEXT() REPRESENTATION_CONTEXT('2D SPACE',''
  ) );
#1771 = PCURVE('',#1772,#1777);
#1772 = CYLINDRICAL_SURFACE('',#1773,9.5);
#1773 = AXIS2_PLACEMENT_3D('',#1774,#1775,#1776);
#1774 = CARTESIAN_POINT('',(35.539978171693,64.,284.60271638001));
#1775 = DIRECTION('',(0.788381040404,0.,0.615187235833));
#1776 = DIRECTION('',(-0.615187235833,0.,0.788381040404));
#1777 = DEFINITIONAL_REPRESENTATION('',(#1778),#1782);
#1778 = LINE('',#1779,#1780);
#1779 = CARTESIAN_POINT('',(0.,0.));
#1780 = VECTOR('',#1781,1.);
#1781 = DIRECTION('',(1.,0.));
#1782 = ( GEOMETRIC_REPRESENTATION_CONTEXT(2) 
PARAMETRIC_REPRESENTATION_CONTEXT() REPRESENTATION_CONTEXT('2D SPACE',''
  ) );
#1783 = ORIENTED_EDGE('',*,*,#1784,.F.);
#1784 = EDGE_CURVE('',#1785,#1756,#1787,.T.);
#1785 = VERTEX_POINT('',#1786);
#1786 = CARTESIAN_POINT('',(37.410997105314,55.,282.20494905393));
#1787 = SURFACE_CURVE('',#1788,(#1793,#1800),.PCURVE_S1.);
#1788 = CIRCLE('',#1789,9.5);
#1789 = AXIS2_PLACEMENT_3D('',#1790,#1791,#1792);
#1790 = CARTESIAN_POINT('',(35.539978171693,64.,284.60271638001));
#1791 = DIRECTION('',(0.788381040404,0.,0.615187235833));
#1792 = DIRECTION('',(-0.615187235833,0.,0.788381040404));
#1793 = PCURVE('',#705,#1794);
#1794 = DEFINITIONAL_REPRESENTATION('',(#1795),#1799);
#1795 = CIRCLE('',#1796,9.5);
#1796 = AXIS2_PLACEMENT_2D('',#1797,#1798);
#1797 = CARTESIAN_POINT('',(0.,0.));
#1798 = DIRECTION('',(1.,0.));
#1799 = ( GEOMETRIC_REPRESENTATION_CONTEXT(2) 
PARAMETRIC_REPRESENTATION_CONTEXT() REPRESENTATION_CONTEXT('2D SPACE',''
  ) );
#1800 = PCURVE('',#1772,#1801);
#1801 = DEFINITIONAL_REPRESENTATION('',(#1802),#1806);
#1802 = LINE('',#1803,#1804);
#1803 = CARTESIAN_POINT('',(0.,0.));
#1804 = VECTOR('',#1805,1.);
#1805 = DIRECTION('',(1.,0.));
#1806 = ( GEOMETRIC_REPRESENTATION_CONTEXT(2) 
PARAMETRIC_REPRESENTATION_CONTEXT() REPRESENTATION_CONTEXT('2D SPACE',''
  ) );
#1807 = ORIENTED_EDGE('',*,*,#1808,.T.);
#1808 = EDGE_CURVE('',#1785,#778,#1809,.T.);
#1809 = SURFACE_CURVE('',#1810,(#1814,#1820),.PCURVE_S1.);
#1810 = LINE('',#1811,#1812);
#1811 = CARTESIAN_POINT('',(32.439710921868,55.,288.57580258464));
#1812 = VECTOR('',#1813,1.);
#1813 = DIRECTION('',(0.615187235833,0.,-0.788381040404));
#1814 = PCURVE('',#705,#1815);
#1815 = DEFINITIONAL_REPRESENTATION('',(#1816),#1819);
#1816 = B_SPLINE_CURVE_WITH_KNOTS('',1,(#1817,#1818),.UNSPECIFIED.,.F.,
  .F.,(2,2),(-6.060449324621,16.139550675379),.PIECEWISE_BEZIER_KNOTS.);
#1817 = CARTESIAN_POINT('',(11.1,9.));
#1818 = CARTESIAN_POINT('',(-11.1,9.));
#1819 = ( GEOMETRIC_REPRESENTATION_CONTEXT(2) 
PARAMETRIC_REPRESENTATION_CONTEXT() REPRESENTATION_CONTEXT('2D SPACE',''
  ) );
#1820 = PCURVE('',#732,#1821);
#1821 = DEFINITIONAL_REPRESENTATION('',(#1822),#1825);
#1822 = B_SPLINE_CURVE_WITH_KNOTS('',1,(#1823,#1824),.UNSPECIFIED.,.F.,
  .F.,(2,2),(-6.060449324621,16.139550675379),.PIECEWISE_BEZIER_KNOTS.);
#1823 = CARTESIAN_POINT('',(23.698927808695,28.711399853951));
#1824 = CARTESIAN_POINT('',(6.196868711725,42.368556489436));
#1825 = ( GEOMETRIC_REPRESENTATION_CONTEXT(2) 
PARAMETRIC_REPRESENTATION_CONTEXT() REPRESENTATION_CONTEXT('2D SPACE',''
  ) );
#1826 = ADVANCED_FACE('',(#1827),#732,.T.);
#1827 = FACE_BOUND('',#1828,.T.);
#1828 = EDGE_LOOP('',(#1829,#1859,#1887,#1915,#1941,#1967,#1993,#2021,
    #2042,#2063,#2084,#2107,#2135,#2156,#2157,#2158,#2179,#2207,#2226,
    #2227,#2228,#2251,#2279,#2307,#2335,#2363));
#1829 = ORIENTED_EDGE('',*,*,#1830,.T.);
#1830 = EDGE_CURVE('',#1831,#1833,#1835,.T.);
#1831 = VERTEX_POINT('',#1832);
#1832 = CARTESIAN_POINT('',(-5.,55.,227.));
#1833 = VERTEX_POINT('',#1834);
#1834 = CARTESIAN_POINT('',(-35.,55.,227.));
#1835 = SURFACE_CURVE('',#1836,(#1840,#1847),.PCURVE_S1.);
#1836 = LINE('',#1837,#1838);
#1837 = CARTESIAN_POINT('',(-5.,55.,227.));
#1838 = VECTOR('',#1839,1.);
#1839 = DIRECTION('',(-1.,0.,0.));
#1840 = PCURVE('',#732,#1841);
#1841 = DEFINITIONAL_REPRESENTATION('',(#1842),#1846);
#1842 = LINE('',#1843,#1844);
#1843 = CARTESIAN_POINT('',(-42.6548181198,-5.));
#1844 = VECTOR('',#1845,1.);
#1845 = DIRECTION('',(0.,-1.));
#1846 = ( GEOMETRIC_REPRESENTATION_CONTEXT(2) 
PARAMETRIC_REPRESENTATION_CONTEXT() REPRESENTATION_CONTEXT('2D SPACE',''
  ) );
#1847 = PCURVE('',#1848,#1853);
#1848 = PLANE('',#1849);
#1849 = AXIS2_PLACEMENT_3D('',#1850,#1851,#1852);
#1850 = CARTESIAN_POINT('',(-5.,50.,227.));
#1851 = DIRECTION('',(0.,-0.,1.));
#1852 = DIRECTION('',(-1.,0.,0.));
#1853 = DEFINITIONAL_REPRESENTATION('',(#1854),#1858);
#1854 = LINE('',#1855,#1856);
#1855 = CARTESIAN_POINT('',(0.,-5.));
#1856 = VECTOR('',#1857,1.);
#1857 = DIRECTION('',(1.,0.));
#1858 = ( GEOMETRIC_REPRESENTATION_CONTEXT(2) 
PARAMETRIC_REPRESENTATION_CONTEXT() REPRESENTATION_CONTEXT('2D SPACE',''
  ) );
#1859 = ORIENTED_EDGE('',*,*,#1860,.T.);
#1860 = EDGE_CURVE('',#1833,#1861,#1863,.T.);
#1861 = VERTEX_POINT('',#1862);
#1862 = CARTESIAN_POINT('',(-50.,55.,257.));
#1863 = SURFACE_CURVE('',#1864,(#1868,#1875),.PCURVE_S1.);
#1864 = LINE('',#1865,#1866);
#1865 = CARTESIAN_POINT('',(-35.,55.,227.));
#1866 = VECTOR('',#1867,1.);
#1867 = DIRECTION('',(-0.4472135955,0.,0.894427191));
#1868 = PCURVE('',#732,#1869);
#1869 = DEFINITIONAL_REPRESENTATION('',(#1870),#1874);
#1870 = LINE('',#1871,#1872);
#1871 = CARTESIAN_POINT('',(-42.6548181198,-35.));
#1872 = VECTOR('',#1873,1.);
#1873 = DIRECTION('',(0.894427191,-0.4472135955));
#1874 = ( GEOMETRIC_REPRESENTATION_CONTEXT(2) 
PARAMETRIC_REPRESENTATION_CONTEXT() REPRESENTATION_CONTEXT('2D SPACE',''
  ) );
#1875 = PCURVE('',#1876,#1881);
#1876 = PLANE('',#1877);
#1877 = AXIS2_PLACEMENT_3D('',#1878,#1879,#1880);
#1878 = CARTESIAN_POINT('',(-35.,50.,227.));
#1879 = DIRECTION('',(0.894427191,-0.,0.4472135955));
#1880 = DIRECTION('',(-0.4472135955,0.,0.894427191));
#1881 = DEFINITIONAL_REPRESENTATION('',(#1882),#1886);
#1882 = LINE('',#1883,#1884);
#1883 = CARTESIAN_POINT('',(0.,-5.));
#1884 = VECTOR('',#1885,1.);
#1885 = DIRECTION('',(1.,0.));
#1886 = ( GEOMETRIC_REPRESENTATION_CONTEXT(2) 
PARAMETRIC_REPRESENTATION_CONTEXT() REPRESENTATION_CONTEXT('2D SPACE',''
  ) );
#1887 = ORIENTED_EDGE('',*,*,#1888,.T.);
#1888 = EDGE_CURVE('',#1861,#1889,#1891,.T.);
#1889 = VERTEX_POINT('',#1890);
#1890 = CARTESIAN_POINT('',(-45.60975838473,55.,284.21949801462));
#1891 = SURFACE_CURVE('',#1892,(#1896,#1903),.PCURVE_S1.);
#1892 = LINE('',#1893,#1894);
#1893 = CARTESIAN_POINT('',(-50.,55.,257.));
#1894 = VECTOR('',#1895,1.);
#1895 = DIRECTION('',(0.159232438825,0.,0.987241120713));
#1896 = PCURVE('',#732,#1897);
#1897 = DEFINITIONAL_REPRESENTATION('',(#1898),#1902);
#1898 = LINE('',#1899,#1900);
#1899 = CARTESIAN_POINT('',(-12.6548181198,-50.));
#1900 = VECTOR('',#1901,1.);
#1901 = DIRECTION('',(0.987241120713,0.159232438825));
#1902 = ( GEOMETRIC_REPRESENTATION_CONTEXT(2) 
PARAMETRIC_REPRESENTATION_CONTEXT() REPRESENTATION_CONTEXT('2D SPACE',''
  ) );
#1903 = PCURVE('',#1904,#1909);
#1904 = PLANE('',#1905);
#1905 = AXIS2_PLACEMENT_3D('',#1906,#1907,#1908);
#1906 = CARTESIAN_POINT('',(-50.,50.,257.));
#1907 = DIRECTION('',(0.987241120713,0.,-0.159232438825));
#1908 = DIRECTION('',(0.159232438825,0.,0.987241120713));
#1909 = DEFINITIONAL_REPRESENTATION('',(#1910),#1914);
#1910 = LINE('',#1911,#1912);
#1911 = CARTESIAN_POINT('',(0.,-5.));
#1912 = VECTOR('',#1913,1.);
#1913 = DIRECTION('',(1.,0.));
#1914 = ( GEOMETRIC_REPRESENTATION_CONTEXT(2) 
PARAMETRIC_REPRESENTATION_CONTEXT() REPRESENTATION_CONTEXT('2D SPACE',''
  ) );
#1915 = ORIENTED_EDGE('',*,*,#1916,.F.);
#1916 = EDGE_CURVE('',#1917,#1889,#1919,.T.);
#1917 = VERTEX_POINT('',#1918);
#1918 = CARTESIAN_POINT('',(-39.53680187257,55.,279.48066597962));
#1919 = SURFACE_CURVE('',#1920,(#1924,#1930),.PCURVE_S1.);
#1920 = LINE('',#1921,#1922);
#1921 = CARTESIAN_POINT('',(-39.53680187257,55.,279.48066597962));
#1922 = VECTOR('',#1923,1.);
#1923 = DIRECTION('',(-0.788381040404,0.,0.615187235833));
#1924 = PCURVE('',#732,#1925);
#1925 = DEFINITIONAL_REPRESENTATION('',(#1926),#1929);
#1926 = B_SPLINE_CURVE_WITH_KNOTS('',1,(#1927,#1928),.UNSPECIFIED.,.F.,
  .F.,(2,2),(-2.400000002473E-06,25.955974432035),
  .PIECEWISE_BEZIER_KNOTS.);
#1927 = CARTESIAN_POINT('',(9.825846383374,-39.53679998045));
#1928 = CARTESIAN_POINT('',(25.79363202401,-59.99999999999));
#1929 = ( GEOMETRIC_REPRESENTATION_CONTEXT(2) 
PARAMETRIC_REPRESENTATION_CONTEXT() REPRESENTATION_CONTEXT('2D SPACE',''
  ) );
#1930 = PCURVE('',#1931,#1936);
#1931 = CYLINDRICAL_SURFACE('',#1932,11.1);
#1932 = AXIS2_PLACEMENT_3D('',#1933,#1934,#1935);
#1933 = CARTESIAN_POINT('',(-35.53997817169,64.,284.60271638001));
#1934 = DIRECTION('',(-0.788381040404,0.,0.615187235833));
#1935 = DIRECTION('',(-0.615187235833,0.,-0.788381040404));
#1936 = DEFINITIONAL_REPRESENTATION('',(#1937),#1940);
#1937 = B_SPLINE_CURVE_WITH_KNOTS('',1,(#1938,#1939),.UNSPECIFIED.,.F.,
  .F.,(2,2),(-2.400000002473E-06,25.955974432035),
  .PIECEWISE_BEZIER_KNOTS.);
#1938 = CARTESIAN_POINT('',(0.945536060278,-2.399999986486E-06));
#1939 = CARTESIAN_POINT('',(0.945536060278,25.955974432035));
#1940 = ( GEOMETRIC_REPRESENTATION_CONTEXT(2) 
PARAMETRIC_REPRESENTATION_CONTEXT() REPRESENTATION_CONTEXT('2D SPACE',''
  ) );
#1941 = ORIENTED_EDGE('',*,*,#1942,.T.);
#1942 = EDGE_CURVE('',#1917,#1943,#1945,.T.);
#1943 = VERTEX_POINT('',#1944);
#1944 = CARTESIAN_POINT('',(-37.41099710531,55.,282.20494905393));
#1945 = SURFACE_CURVE('',#1946,(#1950,#1956),.PCURVE_S1.);
#1946 = LINE('',#1947,#1948);
#1947 = CARTESIAN_POINT('',(-32.43971092186,55.,288.57580258464));
#1948 = VECTOR('',#1949,1.);
#1949 = DIRECTION('',(0.615187235833,-0.,0.788381040404));
#1950 = PCURVE('',#732,#1951);
#1951 = DEFINITIONAL_REPRESENTATION('',(#1952),#1955);
#1952 = B_SPLINE_CURVE_WITH_KNOTS('',1,(#1953,#1954),.UNSPECIFIED.,.F.,
  .F.,(2,2),(-16.13955067537,6.060449324621),.PIECEWISE_BEZIER_KNOTS.);
#1953 = CARTESIAN_POINT('',(6.196868711725,-42.36855648943));
#1954 = CARTESIAN_POINT('',(23.698927808695,-28.71139985395));
#1955 = ( GEOMETRIC_REPRESENTATION_CONTEXT(2) 
PARAMETRIC_REPRESENTATION_CONTEXT() REPRESENTATION_CONTEXT('2D SPACE',''
  ) );
#1956 = PCURVE('',#1957,#1962);
#1957 = PLANE('',#1958);
#1958 = AXIS2_PLACEMENT_3D('',#1959,#1960,#1961);
#1959 = CARTESIAN_POINT('',(-35.53997817169,64.,284.60271638001));
#1960 = DIRECTION('',(-0.788381040404,0.,0.615187235833));
#1961 = DIRECTION('',(-0.615187235833,0.,-0.788381040404));
#1962 = DEFINITIONAL_REPRESENTATION('',(#1963),#1966);
#1963 = B_SPLINE_CURVE_WITH_KNOTS('',1,(#1964,#1965),.UNSPECIFIED.,.F.,
  .F.,(2,2),(-16.13955067537,6.060449324621),.PIECEWISE_BEZIER_KNOTS.);
#1964 = CARTESIAN_POINT('',(11.1,9.));
#1965 = CARTESIAN_POINT('',(-11.1,9.));
#1966 = ( GEOMETRIC_REPRESENTATION_CONTEXT(2) 
PARAMETRIC_REPRESENTATION_CONTEXT() REPRESENTATION_CONTEXT('2D SPACE',''
  ) );
#1967 = ORIENTED_EDGE('',*,*,#1968,.T.);
#1968 = EDGE_CURVE('',#1943,#1969,#1971,.T.);
#1969 = VERTEX_POINT('',#1970);
#1970 = CARTESIAN_POINT('',(-44.98183777924,55.,288.11260576868));
#1971 = SURFACE_CURVE('',#1972,(#1976,#1982),.PCURVE_S1.);
#1972 = LINE('',#1973,#1974);
#1973 = CARTESIAN_POINT('',(-37.41099710531,55.,282.20494905393));
#1974 = VECTOR('',#1975,1.);
#1975 = DIRECTION('',(-0.788381040404,0.,0.615187235833));
#1976 = PCURVE('',#732,#1977);
#1977 = DEFINITIONAL_REPRESENTATION('',(#1978),#1981);
#1978 = B_SPLINE_CURVE_WITH_KNOTS('',1,(#1979,#1980),.UNSPECIFIED.,.F.,
  .F.,(2,2),(-2.400000002473E-06,28.652392354728),
  .PIECEWISE_BEZIER_KNOTS.);
#1979 = CARTESIAN_POINT('',(12.550129457677,-37.41099521319));
#1980 = CARTESIAN_POINT('',(30.176716986825,-59.99999999999));
#1981 = ( GEOMETRIC_REPRESENTATION_CONTEXT(2) 
PARAMETRIC_REPRESENTATION_CONTEXT() REPRESENTATION_CONTEXT('2D SPACE',''
  ) );
#1982 = PCURVE('',#1983,#1988);
#1983 = CYLINDRICAL_SURFACE('',#1984,9.5);
#1984 = AXIS2_PLACEMENT_3D('',#1985,#1986,#1987);
#1985 = CARTESIAN_POINT('',(-35.53997817169,64.,284.60271638001));
#1986 = DIRECTION('',(-0.788381040404,0.,0.615187235833));
#1987 = DIRECTION('',(-0.615187235833,0.,-0.788381040404));
#1988 = DEFINITIONAL_REPRESENTATION('',(#1989),#1992);
#1989 = B_SPLINE_CURVE_WITH_KNOTS('',1,(#1990,#1991),.UNSPECIFIED.,.F.,
  .F.,(2,2),(-2.400000002473E-06,28.652392354728),
  .PIECEWISE_BEZIER_KNOTS.);
#1990 = CARTESIAN_POINT('',(1.244913369574,-2.400000007136E-06));
#1991 = CARTESIAN_POINT('',(1.244913369574,28.652392354728));
#1992 = ( GEOMETRIC_REPRESENTATION_CONTEXT(2) 
PARAMETRIC_REPRESENTATION_CONTEXT() REPRESENTATION_CONTEXT('2D SPACE',''
  ) );
#1993 = ORIENTED_EDGE('',*,*,#1994,.T.);
#1994 = EDGE_CURVE('',#1969,#1995,#1997,.T.);
#1995 = VERTEX_POINT('',#1996);
#1996 = CARTESIAN_POINT('',(-43.87651394162,55.,294.96561356192));
#1997 = SURFACE_CURVE('',#1998,(#2002,#2009),.PCURVE_S1.);
#1998 = LINE('',#1999,#2000);
#1999 = CARTESIAN_POINT('',(-50.,55.,257.));
#2000 = VECTOR('',#2001,1.);
#2001 = DIRECTION('',(0.159232438825,0.,0.987241120713));
#2002 = PCURVE('',#732,#2003);
#2003 = DEFINITIONAL_REPRESENTATION('',(#2004),#2008);
#2004 = LINE('',#2005,#2006);
#2005 = CARTESIAN_POINT('',(-12.6548181198,-50.));
#2006 = VECTOR('',#2007,1.);
#2007 = DIRECTION('',(0.987241120713,0.159232438825));
#2008 = ( GEOMETRIC_REPRESENTATION_CONTEXT(2) 
PARAMETRIC_REPRESENTATION_CONTEXT() REPRESENTATION_CONTEXT('2D SPACE',''
  ) );
#2009 = PCURVE('',#2010,#2015);
#2010 = PLANE('',#2011);
#2011 = AXIS2_PLACEMENT_3D('',#2012,#2013,#2014);
#2012 = CARTESIAN_POINT('',(-50.,50.,257.));
#2013 = DIRECTION('',(0.987241120713,0.,-0.159232438825));
#2014 = DIRECTION('',(0.159232438825,0.,0.987241120713));
#2015 = DEFINITIONAL_REPRESENTATION('',(#2016),#2020);
#2016 = LINE('',#2017,#2018);
#2017 = CARTESIAN_POINT('',(0.,-5.));
#2018 = VECTOR('',#2019,1.);
#2019 = DIRECTION('',(1.,0.));
#2020 = ( GEOMETRIC_REPRESENTATION_CONTEXT(2) 
PARAMETRIC_REPRESENTATION_CONTEXT() REPRESENTATION_CONTEXT('2D SPACE',''
  ) );
#2021 = ORIENTED_EDGE('',*,*,#2022,.F.);
#2022 = EDGE_CURVE('',#2023,#1995,#2025,.T.);
#2023 = VERTEX_POINT('',#2024);
#2024 = CARTESIAN_POINT('',(-33.66895923807,55.,287.00048370609));
#2025 = SURFACE_CURVE('',#2026,(#2030,#2036),.PCURVE_S1.);
#2026 = LINE('',#2027,#2028);
#2027 = CARTESIAN_POINT('',(-33.66895923807,55.,287.00048370609));
#2028 = VECTOR('',#2029,1.);
#2029 = DIRECTION('',(-0.788381040404,0.,0.615187235833));
#2030 = PCURVE('',#732,#2031);
#2031 = DEFINITIONAL_REPRESENTATION('',(#2032),#2035);
#2032 = B_SPLINE_CURVE_WITH_KNOTS('',1,(#2033,#2034),.UNSPECIFIED.,.F.,
  .F.,(2,2),(-2.400000002473E-06,33.398876193716),
  .PIECEWISE_BEZIER_KNOTS.);
#2033 = CARTESIAN_POINT('',(17.345664109845,-33.66895734595));
#2034 = CARTESIAN_POINT('',(37.892227911823,-60.));
#2035 = ( GEOMETRIC_REPRESENTATION_CONTEXT(2) 
PARAMETRIC_REPRESENTATION_CONTEXT() REPRESENTATION_CONTEXT('2D SPACE',''
  ) );
#2036 = PCURVE('',#1983,#2037);
#2037 = DEFINITIONAL_REPRESENTATION('',(#2038),#2041);
#2038 = B_SPLINE_CURVE_WITH_KNOTS('',1,(#2039,#2040),.UNSPECIFIED.,.F.,
  .F.,(2,2),(-2.400000002473E-06,33.398876193716),
  .PIECEWISE_BEZIER_KNOTS.);
#2039 = CARTESIAN_POINT('',(1.896679284016,-2.39999999781E-06));
#2040 = CARTESIAN_POINT('',(1.896679284016,33.398876193716));
#2041 = ( GEOMETRIC_REPRESENTATION_CONTEXT(2) 
PARAMETRIC_REPRESENTATION_CONTEXT() REPRESENTATION_CONTEXT('2D SPACE',''
  ) );
#2042 = ORIENTED_EDGE('',*,*,#2043,.T.);
#2043 = EDGE_CURVE('',#2023,#2044,#2046,.T.);
#2044 = VERTEX_POINT('',#2045);
#2045 = CARTESIAN_POINT('',(-31.54315447081,55.,289.7247667804));
#2046 = SURFACE_CURVE('',#2047,(#2051,#2057),.PCURVE_S1.);
#2047 = LINE('',#2048,#2049);
#2048 = CARTESIAN_POINT('',(-32.43971092186,55.,288.57580258464));
#2049 = VECTOR('',#2050,1.);
#2050 = DIRECTION('',(0.615187235833,-0.,0.788381040404));
#2051 = PCURVE('',#732,#2052);
#2052 = DEFINITIONAL_REPRESENTATION('',(#2053),#2056);
#2053 = B_SPLINE_CURVE_WITH_KNOTS('',1,(#2054,#2055),.UNSPECIFIED.,.F.,
  .F.,(2,2),(-16.13955067537,6.060449324621),.PIECEWISE_BEZIER_KNOTS.);
#2054 = CARTESIAN_POINT('',(6.196868711725,-42.36855648943));
#2055 = CARTESIAN_POINT('',(23.698927808695,-28.71139985395));
#2056 = ( GEOMETRIC_REPRESENTATION_CONTEXT(2) 
PARAMETRIC_REPRESENTATION_CONTEXT() REPRESENTATION_CONTEXT('2D SPACE',''
  ) );
#2057 = PCURVE('',#1957,#2058);
#2058 = DEFINITIONAL_REPRESENTATION('',(#2059),#2062);
#2059 = B_SPLINE_CURVE_WITH_KNOTS('',1,(#2060,#2061),.UNSPECIFIED.,.F.,
  .F.,(2,2),(-16.13955067537,6.060449324621),.PIECEWISE_BEZIER_KNOTS.);
#2060 = CARTESIAN_POINT('',(11.1,9.));
#2061 = CARTESIAN_POINT('',(-11.1,9.));
#2062 = ( GEOMETRIC_REPRESENTATION_CONTEXT(2) 
PARAMETRIC_REPRESENTATION_CONTEXT() REPRESENTATION_CONTEXT('2D SPACE',''
  ) );
#2063 = ORIENTED_EDGE('',*,*,#2064,.T.);
#2064 = EDGE_CURVE('',#2044,#2065,#2067,.T.);
#2065 = VERTEX_POINT('',#2066);
#2066 = CARTESIAN_POINT('',(-43.24859333613,55.,298.85872131598));
#2067 = SURFACE_CURVE('',#2068,(#2072,#2078),.PCURVE_S1.);
#2068 = LINE('',#2069,#2070);
#2069 = CARTESIAN_POINT('',(-31.54315447081,55.,289.7247667804));
#2070 = VECTOR('',#2071,1.);
#2071 = DIRECTION('',(-0.788381040404,0.,0.615187235833));
#2072 = PCURVE('',#732,#2073);
#2073 = DEFINITIONAL_REPRESENTATION('',(#2074),#2077);
#2074 = B_SPLINE_CURVE_WITH_KNOTS('',1,(#2075,#2076),.UNSPECIFIED.,.F.,
  .F.,(2,2),(-2.400000002473E-06,36.09529411641),
  .PIECEWISE_BEZIER_KNOTS.);
#2075 = CARTESIAN_POINT('',(20.069947184148,-31.5431525787));
#2076 = CARTESIAN_POINT('',(42.275312874638,-60.));
#2077 = ( GEOMETRIC_REPRESENTATION_CONTEXT(2) 
PARAMETRIC_REPRESENTATION_CONTEXT() REPRESENTATION_CONTEXT('2D SPACE',''
  ) );
#2078 = PCURVE('',#1931,#2079);
#2079 = DEFINITIONAL_REPRESENTATION('',(#2080),#2083);
#2080 = B_SPLINE_CURVE_WITH_KNOTS('',1,(#2081,#2082),.UNSPECIFIED.,.F.,
  .F.,(2,2),(-2.400000002473E-06,36.09529411641),
  .PIECEWISE_BEZIER_KNOTS.);
#2081 = CARTESIAN_POINT('',(2.196056593312,-2.400000015352E-06));
#2082 = CARTESIAN_POINT('',(2.196056593312,36.09529411641));
#2083 = ( GEOMETRIC_REPRESENTATION_CONTEXT(2) 
PARAMETRIC_REPRESENTATION_CONTEXT() REPRESENTATION_CONTEXT('2D SPACE',''
  ) );
#2084 = ORIENTED_EDGE('',*,*,#2085,.T.);
#2085 = EDGE_CURVE('',#2065,#2086,#2088,.T.);
#2086 = VERTEX_POINT('',#2087);
#2087 = CARTESIAN_POINT('',(-40.,55.,319.));
#2088 = SURFACE_CURVE('',#2089,(#2093,#2100),.PCURVE_S1.);
#2089 = LINE('',#2090,#2091);
#2090 = CARTESIAN_POINT('',(-50.,55.,257.));
#2091 = VECTOR('',#2092,1.);
#2092 = DIRECTION('',(0.159232438825,0.,0.987241120713));
#2093 = PCURVE('',#732,#2094);
#2094 = DEFINITIONAL_REPRESENTATION('',(#2095),#2099);
#2095 = LINE('',#2096,#2097);
#2096 = CARTESIAN_POINT('',(-12.6548181198,-50.));
#2097 = VECTOR('',#2098,1.);
#2098 = DIRECTION('',(0.987241120713,0.159232438825));
#2099 = ( GEOMETRIC_REPRESENTATION_CONTEXT(2) 
PARAMETRIC_REPRESENTATION_CONTEXT() REPRESENTATION_CONTEXT('2D SPACE',''
  ) );
#2100 = PCURVE('',#1904,#2101);
#2101 = DEFINITIONAL_REPRESENTATION('',(#2102),#2106);
#2102 = LINE('',#2103,#2104);
#2103 = CARTESIAN_POINT('',(0.,-5.));
#2104 = VECTOR('',#2105,1.);
#2105 = DIRECTION('',(1.,0.));
#2106 = ( GEOMETRIC_REPRESENTATION_CONTEXT(2) 
PARAMETRIC_REPRESENTATION_CONTEXT() REPRESENTATION_CONTEXT('2D SPACE',''
  ) );
#2107 = ORIENTED_EDGE('',*,*,#2108,.T.);
#2108 = EDGE_CURVE('',#2086,#2109,#2111,.T.);
#2109 = VERTEX_POINT('',#2110);
#2110 = CARTESIAN_POINT('',(40.,55.,319.));
#2111 = SURFACE_CURVE('',#2112,(#2116,#2123),.PCURVE_S1.);
#2112 = LINE('',#2113,#2114);
#2113 = CARTESIAN_POINT('',(-40.,55.,319.));
#2114 = VECTOR('',#2115,1.);
#2115 = DIRECTION('',(1.,0.,0.));
#2116 = PCURVE('',#732,#2117);
#2117 = DEFINITIONAL_REPRESENTATION('',(#2118),#2122);
#2118 = LINE('',#2119,#2120);
#2119 = CARTESIAN_POINT('',(49.345181880195,-40.));
#2120 = VECTOR('',#2121,1.);
#2121 = DIRECTION('',(0.,1.));
#2122 = ( GEOMETRIC_REPRESENTATION_CONTEXT(2) 
PARAMETRIC_REPRESENTATION_CONTEXT() REPRESENTATION_CONTEXT('2D SPACE',''
  ) );
#2123 = PCURVE('',#2124,#2129);
#2124 = PLANE('',#2125);
#2125 = AXIS2_PLACEMENT_3D('',#2126,#2127,#2128);
#2126 = CARTESIAN_POINT('',(-40.,50.,319.));
#2127 = DIRECTION('',(0.,0.,-1.));
#2128 = DIRECTION('',(1.,0.,0.));
#2129 = DEFINITIONAL_REPRESENTATION('',(#2130),#2134);
#2130 = LINE('',#2131,#2132);
#2131 = CARTESIAN_POINT('',(0.,-5.));
#2132 = VECTOR('',#2133,1.);
#2133 = DIRECTION('',(1.,0.));
#2134 = ( GEOMETRIC_REPRESENTATION_CONTEXT(2) 
PARAMETRIC_REPRESENTATION_CONTEXT() REPRESENTATION_CONTEXT('2D SPACE',''
  ) );
#2135 = ORIENTED_EDGE('',*,*,#2136,.T.);
#2136 = EDGE_CURVE('',#2109,#718,#2137,.T.);
#2137 = SURFACE_CURVE('',#2138,(#2142,#2149),.PCURVE_S1.);
#2138 = LINE('',#2139,#2140);
#2139 = CARTESIAN_POINT('',(40.,55.,319.));
#2140 = VECTOR('',#2141,1.);
#2141 = DIRECTION('',(0.159232438825,0.,-0.987241120713));
#2142 = PCURVE('',#732,#2143);
#2143 = DEFINITIONAL_REPRESENTATION('',(#2144),#2148);
#2144 = LINE('',#2145,#2146);
#2145 = CARTESIAN_POINT('',(49.345181880195,40.));
#2146 = VECTOR('',#2147,1.);
#2147 = DIRECTION('',(-0.987241120713,0.159232438825));
#2148 = ( GEOMETRIC_REPRESENTATION_CONTEXT(2) 
PARAMETRIC_REPRESENTATION_CONTEXT() REPRESENTATION_CONTEXT('2D SPACE',''
  ) );
#2149 = PCURVE('',#765,#2150);
#2150 = DEFINITIONAL_REPRESENTATION('',(#2151),#2155);
#2151 = LINE('',#2152,#2153);
#2152 = CARTESIAN_POINT('',(0.,-5.));
#2153 = VECTOR('',#2154,1.);
#2154 = DIRECTION('',(1.,0.));
#2155 = ( GEOMETRIC_REPRESENTATION_CONTEXT(2) 
PARAMETRIC_REPRESENTATION_CONTEXT() REPRESENTATION_CONTEXT('2D SPACE',''
  ) );
#2156 = ORIENTED_EDGE('',*,*,#717,.F.);
#2157 = ORIENTED_EDGE('',*,*,#1734,.T.);
#2158 = ORIENTED_EDGE('',*,*,#2159,.T.);
#2159 = EDGE_CURVE('',#1735,#2160,#2162,.T.);
#2160 = VERTEX_POINT('',#2161);
#2161 = CARTESIAN_POINT('',(43.876513941624,55.,294.96561356192));
#2162 = SURFACE_CURVE('',#2163,(#2167,#2173),.PCURVE_S1.);
#2163 = LINE('',#2164,#2165);
#2164 = CARTESIAN_POINT('',(33.668959238073,55.,287.00048370609));
#2165 = VECTOR('',#2166,1.);
#2166 = DIRECTION('',(0.788381040404,0.,0.615187235833));
#2167 = PCURVE('',#732,#2168);
#2168 = DEFINITIONAL_REPRESENTATION('',(#2169),#2172);
#2169 = B_SPLINE_CURVE_WITH_KNOTS('',1,(#2170,#2171),.UNSPECIFIED.,.F.,
  .F.,(2,2),(-2.400000002473E-06,33.398876193716),
  .PIECEWISE_BEZIER_KNOTS.);
#2170 = CARTESIAN_POINT('',(17.345664109845,33.668957345959));
#2171 = CARTESIAN_POINT('',(37.892227911823,60.000000000001));
#2172 = ( GEOMETRIC_REPRESENTATION_CONTEXT(2) 
PARAMETRIC_REPRESENTATION_CONTEXT() REPRESENTATION_CONTEXT('2D SPACE',''
  ) );
#2173 = PCURVE('',#1772,#2174);
#2174 = DEFINITIONAL_REPRESENTATION('',(#2175),#2178);
#2175 = B_SPLINE_CURVE_WITH_KNOTS('',1,(#2176,#2177),.UNSPECIFIED.,.F.,
  .F.,(2,2),(-2.400000002473E-06,33.398876193716),
  .PIECEWISE_BEZIER_KNOTS.);
#2176 = CARTESIAN_POINT('',(1.244913369574,-2.39999999781E-06));
#2177 = CARTESIAN_POINT('',(1.244913369574,33.398876193716));
#2178 = ( GEOMETRIC_REPRESENTATION_CONTEXT(2) 
PARAMETRIC_REPRESENTATION_CONTEXT() REPRESENTATION_CONTEXT('2D SPACE',''
  ) );
#2179 = ORIENTED_EDGE('',*,*,#2180,.T.);
#2180 = EDGE_CURVE('',#2160,#2181,#2183,.T.);
#2181 = VERTEX_POINT('',#2182);
#2182 = CARTESIAN_POINT('',(44.981837779245,55.,288.11260576867));
#2183 = SURFACE_CURVE('',#2184,(#2188,#2195),.PCURVE_S1.);
#2184 = LINE('',#2185,#2186);
#2185 = CARTESIAN_POINT('',(40.,55.,319.));
#2186 = VECTOR('',#2187,1.);
#2187 = DIRECTION('',(0.159232438825,0.,-0.987241120713));
#2188 = PCURVE('',#732,#2189);
#2189 = DEFINITIONAL_REPRESENTATION('',(#2190),#2194);
#2190 = LINE('',#2191,#2192);
#2191 = CARTESIAN_POINT('',(49.345181880195,40.));
#2192 = VECTOR('',#2193,1.);
#2193 = DIRECTION('',(-0.987241120713,0.159232438825));
#2194 = ( GEOMETRIC_REPRESENTATION_CONTEXT(2) 
PARAMETRIC_REPRESENTATION_CONTEXT() REPRESENTATION_CONTEXT('2D SPACE',''
  ) );
#2195 = PCURVE('',#2196,#2201);
#2196 = PLANE('',#2197);
#2197 = AXIS2_PLACEMENT_3D('',#2198,#2199,#2200);
#2198 = CARTESIAN_POINT('',(40.,50.,319.));
#2199 = DIRECTION('',(-0.987241120713,0.,-0.159232438825));
#2200 = DIRECTION('',(0.159232438825,0.,-0.987241120713));
#2201 = DEFINITIONAL_REPRESENTATION('',(#2202),#2206);
#2202 = LINE('',#2203,#2204);
#2203 = CARTESIAN_POINT('',(0.,-5.));
#2204 = VECTOR('',#2205,1.);
#2205 = DIRECTION('',(1.,0.));
#2206 = ( GEOMETRIC_REPRESENTATION_CONTEXT(2) 
PARAMETRIC_REPRESENTATION_CONTEXT() REPRESENTATION_CONTEXT('2D SPACE',''
  ) );
#2207 = ORIENTED_EDGE('',*,*,#2208,.F.);
#2208 = EDGE_CURVE('',#1785,#2181,#2209,.T.);
#2209 = SURFACE_CURVE('',#2210,(#2214,#2220),.PCURVE_S1.);
#2210 = LINE('',#2211,#2212);
#2211 = CARTESIAN_POINT('',(37.410997105314,55.,282.20494905393));
#2212 = VECTOR('',#2213,1.);
#2213 = DIRECTION('',(0.788381040404,0.,0.615187235833));
#2214 = PCURVE('',#732,#2215);
#2215 = DEFINITIONAL_REPRESENTATION('',(#2216),#2219);
#2216 = B_SPLINE_CURVE_WITH_KNOTS('',1,(#2217,#2218),.UNSPECIFIED.,.F.,
  .F.,(2,2),(-2.400000002473E-06,28.652392354728),
  .PIECEWISE_BEZIER_KNOTS.);
#2217 = CARTESIAN_POINT('',(12.550129457677,37.410995213199));
#2218 = CARTESIAN_POINT('',(30.176716986825,59.999999999999));
#2219 = ( GEOMETRIC_REPRESENTATION_CONTEXT(2) 
PARAMETRIC_REPRESENTATION_CONTEXT() REPRESENTATION_CONTEXT('2D SPACE',''
  ) );
#2220 = PCURVE('',#1772,#2221);
#2221 = DEFINITIONAL_REPRESENTATION('',(#2222),#2225);
#2222 = B_SPLINE_CURVE_WITH_KNOTS('',1,(#2223,#2224),.UNSPECIFIED.,.F.,
  .F.,(2,2),(-2.400000002473E-06,28.652392354728),
  .PIECEWISE_BEZIER_KNOTS.);
#2223 = CARTESIAN_POINT('',(1.896679284016,-2.400000007136E-06));
#2224 = CARTESIAN_POINT('',(1.896679284016,28.652392354728));
#2225 = ( GEOMETRIC_REPRESENTATION_CONTEXT(2) 
PARAMETRIC_REPRESENTATION_CONTEXT() REPRESENTATION_CONTEXT('2D SPACE',''
  ) );
#2226 = ORIENTED_EDGE('',*,*,#1808,.T.);
#2227 = ORIENTED_EDGE('',*,*,#777,.T.);
#2228 = ORIENTED_EDGE('',*,*,#2229,.T.);
#2229 = EDGE_CURVE('',#744,#2230,#2232,.T.);
#2230 = VERTEX_POINT('',#2231);
#2231 = CARTESIAN_POINT('',(50.,55.,257.));
#2232 = SURFACE_CURVE('',#2233,(#2237,#2244),.PCURVE_S1.);
#2233 = LINE('',#2234,#2235);
#2234 = CARTESIAN_POINT('',(40.,55.,319.));
#2235 = VECTOR('',#2236,1.);
#2236 = DIRECTION('',(0.159232438825,0.,-0.987241120713));
#2237 = PCURVE('',#732,#2238);
#2238 = DEFINITIONAL_REPRESENTATION('',(#2239),#2243);
#2239 = LINE('',#2240,#2241);
#2240 = CARTESIAN_POINT('',(49.345181880195,40.));
#2241 = VECTOR('',#2242,1.);
#2242 = DIRECTION('',(-0.987241120713,0.159232438825));
#2243 = ( GEOMETRIC_REPRESENTATION_CONTEXT(2) 
PARAMETRIC_REPRESENTATION_CONTEXT() REPRESENTATION_CONTEXT('2D SPACE',''
  ) );
#2244 = PCURVE('',#765,#2245);
#2245 = DEFINITIONAL_REPRESENTATION('',(#2246),#2250);
#2246 = LINE('',#2247,#2248);
#2247 = CARTESIAN_POINT('',(0.,-5.));
#2248 = VECTOR('',#2249,1.);
#2249 = DIRECTION('',(1.,0.));
#2250 = ( GEOMETRIC_REPRESENTATION_CONTEXT(2) 
PARAMETRIC_REPRESENTATION_CONTEXT() REPRESENTATION_CONTEXT('2D SPACE',''
  ) );
#2251 = ORIENTED_EDGE('',*,*,#2252,.T.);
#2252 = EDGE_CURVE('',#2230,#2253,#2255,.T.);
#2253 = VERTEX_POINT('',#2254);
#2254 = CARTESIAN_POINT('',(35.,55.,227.));
#2255 = SURFACE_CURVE('',#2256,(#2260,#2267),.PCURVE_S1.);
#2256 = LINE('',#2257,#2258);
#2257 = CARTESIAN_POINT('',(50.,55.,257.));
#2258 = VECTOR('',#2259,1.);
#2259 = DIRECTION('',(-0.4472135955,0.,-0.894427191));
#2260 = PCURVE('',#732,#2261);
#2261 = DEFINITIONAL_REPRESENTATION('',(#2262),#2266);
#2262 = LINE('',#2263,#2264);
#2263 = CARTESIAN_POINT('',(-12.6548181198,50.));
#2264 = VECTOR('',#2265,1.);
#2265 = DIRECTION('',(-0.894427191,-0.4472135955));
#2266 = ( GEOMETRIC_REPRESENTATION_CONTEXT(2) 
PARAMETRIC_REPRESENTATION_CONTEXT() REPRESENTATION_CONTEXT('2D SPACE',''
  ) );
#2267 = PCURVE('',#2268,#2273);
#2268 = PLANE('',#2269);
#2269 = AXIS2_PLACEMENT_3D('',#2270,#2271,#2272);
#2270 = CARTESIAN_POINT('',(50.,50.,257.));
#2271 = DIRECTION('',(-0.894427191,0.,0.4472135955));
#2272 = DIRECTION('',(-0.4472135955,0.,-0.894427191));
#2273 = DEFINITIONAL_REPRESENTATION('',(#2274),#2278);
#2274 = LINE('',#2275,#2276);
#2275 = CARTESIAN_POINT('',(0.,-5.));
#2276 = VECTOR('',#2277,1.);
#2277 = DIRECTION('',(1.,0.));
#2278 = ( GEOMETRIC_REPRESENTATION_CONTEXT(2) 
PARAMETRIC_REPRESENTATION_CONTEXT() REPRESENTATION_CONTEXT('2D SPACE',''
  ) );
#2279 = ORIENTED_EDGE('',*,*,#2280,.T.);
#2280 = EDGE_CURVE('',#2253,#2281,#2283,.T.);
#2281 = VERTEX_POINT('',#2282);
#2282 = CARTESIAN_POINT('',(5.,55.,227.));
#2283 = SURFACE_CURVE('',#2284,(#2288,#2295),.PCURVE_S1.);
#2284 = LINE('',#2285,#2286);
#2285 = CARTESIAN_POINT('',(35.,55.,227.));
#2286 = VECTOR('',#2287,1.);
#2287 = DIRECTION('',(-1.,0.,0.));
#2288 = PCURVE('',#732,#2289);
#2289 = DEFINITIONAL_REPRESENTATION('',(#2290),#2294);
#2290 = LINE('',#2291,#2292);
#2291 = CARTESIAN_POINT('',(-42.6548181198,35.));
#2292 = VECTOR('',#2293,1.);
#2293 = DIRECTION('',(0.,-1.));
#2294 = ( GEOMETRIC_REPRESENTATION_CONTEXT(2) 
PARAMETRIC_REPRESENTATION_CONTEXT() REPRESENTATION_CONTEXT('2D SPACE',''
  ) );
#2295 = PCURVE('',#2296,#2301);
#2296 = PLANE('',#2297);
#2297 = AXIS2_PLACEMENT_3D('',#2298,#2299,#2300);
#2298 = CARTESIAN_POINT('',(35.,50.,227.));
#2299 = DIRECTION('',(0.,-0.,1.));
#2300 = DIRECTION('',(-1.,0.,0.));
#2301 = DEFINITIONAL_REPRESENTATION('',(#2302),#2306);
#2302 = LINE('',#2303,#2304);
#2303 = CARTESIAN_POINT('',(0.,-5.));
#2304 = VECTOR('',#2305,1.);
#2305 = DIRECTION('',(1.,0.));
#2306 = ( GEOMETRIC_REPRESENTATION_CONTEXT(2) 
PARAMETRIC_REPRESENTATION_CONTEXT() REPRESENTATION_CONTEXT('2D SPACE',''
  ) );
#2307 = ORIENTED_EDGE('',*,*,#2308,.T.);
#2308 = EDGE_CURVE('',#2281,#2309,#2311,.T.);
#2309 = VERTEX_POINT('',#2310);
#2310 = CARTESIAN_POINT('',(5.,55.,262.));
#2311 = SURFACE_CURVE('',#2312,(#2316,#2323),.PCURVE_S1.);
#2312 = LINE('',#2313,#2314);
#2313 = CARTESIAN_POINT('',(5.,55.,227.));
#2314 = VECTOR('',#2315,1.);
#2315 = DIRECTION('',(0.,0.,1.));
#2316 = PCURVE('',#732,#2317);
#2317 = DEFINITIONAL_REPRESENTATION('',(#2318),#2322);
#2318 = LINE('',#2319,#2320);
#2319 = CARTESIAN_POINT('',(-42.6548181198,5.));
#2320 = VECTOR('',#2321,1.);
#2321 = DIRECTION('',(1.,0.));
#2322 = ( GEOMETRIC_REPRESENTATION_CONTEXT(2) 
PARAMETRIC_REPRESENTATION_CONTEXT() REPRESENTATION_CONTEXT('2D SPACE',''
  ) );
#2323 = PCURVE('',#2324,#2329);
#2324 = PLANE('',#2325);
#2325 = AXIS2_PLACEMENT_3D('',#2326,#2327,#2328);
#2326 = CARTESIAN_POINT('',(5.,50.,227.));
#2327 = DIRECTION('',(1.,0.,0.));
#2328 = DIRECTION('',(0.,0.,1.));
#2329 = DEFINITIONAL_REPRESENTATION('',(#2330),#2334);
#2330 = LINE('',#2331,#2332);
#2331 = CARTESIAN_POINT('',(0.,-5.));
#2332 = VECTOR('',#2333,1.);
#2333 = DIRECTION('',(1.,0.));
#2334 = ( GEOMETRIC_REPRESENTATION_CONTEXT(2) 
PARAMETRIC_REPRESENTATION_CONTEXT() REPRESENTATION_CONTEXT('2D SPACE',''
  ) );
#2335 = ORIENTED_EDGE('',*,*,#2336,.T.);
#2336 = EDGE_CURVE('',#2309,#2337,#2339,.T.);
#2337 = VERTEX_POINT('',#2338);
#2338 = CARTESIAN_POINT('',(-5.,55.,262.));
#2339 = SURFACE_CURVE('',#2340,(#2344,#2351),.PCURVE_S1.);
#2340 = LINE('',#2341,#2342);
#2341 = CARTESIAN_POINT('',(5.,55.,262.));
#2342 = VECTOR('',#2343,1.);
#2343 = DIRECTION('',(-1.,0.,0.));
#2344 = PCURVE('',#732,#2345);
#2345 = DEFINITIONAL_REPRESENTATION('',(#2346),#2350);
#2346 = LINE('',#2347,#2348);
#2347 = CARTESIAN_POINT('',(-7.654818119805,5.));
#2348 = VECTOR('',#2349,1.);
#2349 = DIRECTION('',(0.,-1.));
#2350 = ( GEOMETRIC_REPRESENTATION_CONTEXT(2) 
PARAMETRIC_REPRESENTATION_CONTEXT() REPRESENTATION_CONTEXT('2D SPACE',''
  ) );
#2351 = PCURVE('',#2352,#2357);
#2352 = PLANE('',#2353);
#2353 = AXIS2_PLACEMENT_3D('',#2354,#2355,#2356);
#2354 = CARTESIAN_POINT('',(5.,50.,262.));
#2355 = DIRECTION('',(0.,-0.,1.));
#2356 = DIRECTION('',(-1.,0.,0.));
#2357 = DEFINITIONAL_REPRESENTATION('',(#2358),#2362);
#2358 = LINE('',#2359,#2360);
#2359 = CARTESIAN_POINT('',(0.,-5.));
#2360 = VECTOR('',#2361,1.);
#2361 = DIRECTION('',(1.,0.));
#2362 = ( GEOMETRIC_REPRESENTATION_CONTEXT(2) 
PARAMETRIC_REPRESENTATION_CONTEXT() REPRESENTATION_CONTEXT('2D SPACE',''
  ) );
#2363 = ORIENTED_EDGE('',*,*,#2364,.T.);
#2364 = EDGE_CURVE('',#2337,#1831,#2365,.T.);
#2365 = SURFACE_CURVE('',#2366,(#2370,#2377),.PCURVE_S1.);
#2366 = LINE('',#2367,#2368);
#2367 = CARTESIAN_POINT('',(-5.,55.,262.));
#2368 = VECTOR('',#2369,1.);
#2369 = DIRECTION('',(0.,0.,-1.));
#2370 = PCURVE('',#732,#2371);
#2371 = DEFINITIONAL_REPRESENTATION('',(#2372),#2376);
#2372 = LINE('',#2373,#2374);
#2373 = CARTESIAN_POINT('',(-7.654818119805,-5.));
#2374 = VECTOR('',#2375,1.);
#2375 = DIRECTION('',(-1.,0.));
#2376 = ( GEOMETRIC_REPRESENTATION_CONTEXT(2) 
PARAMETRIC_REPRESENTATION_CONTEXT() REPRESENTATION_CONTEXT('2D SPACE',''
  ) );
#2377 = PCURVE('',#2378,#2383);
#2378 = PLANE('',#2379);
#2379 = AXIS2_PLACEMENT_3D('',#2380,#2381,#2382);
#2380 = CARTESIAN_POINT('',(-5.,50.,262.));
#2381 = DIRECTION('',(-1.,0.,0.));
#2382 = DIRECTION('',(0.,0.,-1.));
#2383 = DEFINITIONAL_REPRESENTATION('',(#2384),#2388);
#2384 = LINE('',#2385,#2386);
#2385 = CARTESIAN_POINT('',(0.,-5.));
#2386 = VECTOR('',#2387,1.);
#2387 = DIRECTION('',(1.,0.));
#2388 = ( GEOMETRIC_REPRESENTATION_CONTEXT(2) 
PARAMETRIC_REPRESENTATION_CONTEXT() REPRESENTATION_CONTEXT('2D SPACE',''
  ) );
#2389 = ADVANCED_FACE('',(#2390),#765,.F.);
#2390 = FACE_BOUND('',#2391,.F.);
#2391 = EDGE_LOOP('',(#2392,#2422,#2443,#2444,#2445,#2446));
#2392 = ORIENTED_EDGE('',*,*,#2393,.F.);
#2393 = EDGE_CURVE('',#2394,#2396,#2398,.T.);
#2394 = VERTEX_POINT('',#2395);
#2395 = CARTESIAN_POINT('',(40.,50.,319.));
#2396 = VERTEX_POINT('',#2397);
#2397 = CARTESIAN_POINT('',(50.,50.,257.));
#2398 = SURFACE_CURVE('',#2399,(#2403,#2410),.PCURVE_S1.);
#2399 = LINE('',#2400,#2401);
#2400 = CARTESIAN_POINT('',(40.,50.,319.));
#2401 = VECTOR('',#2402,1.);
#2402 = DIRECTION('',(0.159232438825,0.,-0.987241120713));
#2403 = PCURVE('',#765,#2404);
#2404 = DEFINITIONAL_REPRESENTATION('',(#2405),#2409);
#2405 = LINE('',#2406,#2407);
#2406 = CARTESIAN_POINT('',(0.,0.));
#2407 = VECTOR('',#2408,1.);
#2408 = DIRECTION('',(1.,0.));
#2409 = ( GEOMETRIC_REPRESENTATION_CONTEXT(2) 
PARAMETRIC_REPRESENTATION_CONTEXT() REPRESENTATION_CONTEXT('2D SPACE',''
  ) );
#2410 = PCURVE('',#2411,#2416);
#2411 = PLANE('',#2412);
#2412 = AXIS2_PLACEMENT_3D('',#2413,#2414,#2415);
#2413 = CARTESIAN_POINT('',(2.754811817151E-16,50.,269.6548181198));
#2414 = DIRECTION('',(0.,1.,0.));
#2415 = DIRECTION('',(0.,-0.,1.));
#2416 = DEFINITIONAL_REPRESENTATION('',(#2417),#2421);
#2417 = LINE('',#2418,#2419);
#2418 = CARTESIAN_POINT('',(49.345181880195,40.));
#2419 = VECTOR('',#2420,1.);
#2420 = DIRECTION('',(-0.987241120713,0.159232438825));
#2421 = ( GEOMETRIC_REPRESENTATION_CONTEXT(2) 
PARAMETRIC_REPRESENTATION_CONTEXT() REPRESENTATION_CONTEXT('2D SPACE',''
  ) );
#2422 = ORIENTED_EDGE('',*,*,#2423,.T.);
#2423 = EDGE_CURVE('',#2394,#2109,#2424,.T.);
#2424 = SURFACE_CURVE('',#2425,(#2429,#2436),.PCURVE_S1.);
#2425 = LINE('',#2426,#2427);
#2426 = CARTESIAN_POINT('',(40.,50.,319.));
#2427 = VECTOR('',#2428,1.);
#2428 = DIRECTION('',(0.,1.,0.));
#2429 = PCURVE('',#765,#2430);
#2430 = DEFINITIONAL_REPRESENTATION('',(#2431),#2435);
#2431 = LINE('',#2432,#2433);
#2432 = CARTESIAN_POINT('',(0.,0.));
#2433 = VECTOR('',#2434,1.);
#2434 = DIRECTION('',(0.,-1.));
#2435 = ( GEOMETRIC_REPRESENTATION_CONTEXT(2) 
PARAMETRIC_REPRESENTATION_CONTEXT() REPRESENTATION_CONTEXT('2D SPACE',''
  ) );
#2436 = PCURVE('',#2124,#2437);
#2437 = DEFINITIONAL_REPRESENTATION('',(#2438),#2442);
#2438 = LINE('',#2439,#2440);
#2439 = CARTESIAN_POINT('',(80.,0.));
#2440 = VECTOR('',#2441,1.);
#2441 = DIRECTION('',(0.,-1.));
#2442 = ( GEOMETRIC_REPRESENTATION_CONTEXT(2) 
PARAMETRIC_REPRESENTATION_CONTEXT() REPRESENTATION_CONTEXT('2D SPACE',''
  ) );
#2443 = ORIENTED_EDGE('',*,*,#2136,.T.);
#2444 = ORIENTED_EDGE('',*,*,#743,.F.);
#2445 = ORIENTED_EDGE('',*,*,#2229,.T.);
#2446 = ORIENTED_EDGE('',*,*,#2447,.F.);
#2447 = EDGE_CURVE('',#2396,#2230,#2448,.T.);
#2448 = SURFACE_CURVE('',#2449,(#2453,#2460),.PCURVE_S1.);
#2449 = LINE('',#2450,#2451);
#2450 = CARTESIAN_POINT('',(50.,50.,257.));
#2451 = VECTOR('',#2452,1.);
#2452 = DIRECTION('',(0.,1.,0.));
#2453 = PCURVE('',#765,#2454);
#2454 = DEFINITIONAL_REPRESENTATION('',(#2455),#2459);
#2455 = LINE('',#2456,#2457);
#2456 = CARTESIAN_POINT('',(62.80127387243,0.));
#2457 = VECTOR('',#2458,1.);
#2458 = DIRECTION('',(0.,-1.));
#2459 = ( GEOMETRIC_REPRESENTATION_CONTEXT(2) 
PARAMETRIC_REPRESENTATION_CONTEXT() REPRESENTATION_CONTEXT('2D SPACE',''
  ) );
#2460 = PCURVE('',#2268,#2461);
#2461 = DEFINITIONAL_REPRESENTATION('',(#2462),#2466);
#2462 = LINE('',#2463,#2464);
#2463 = CARTESIAN_POINT('',(0.,0.));
#2464 = VECTOR('',#2465,1.);
#2465 = DIRECTION('',(0.,-1.));
#2466 = ( GEOMETRIC_REPRESENTATION_CONTEXT(2) 
PARAMETRIC_REPRESENTATION_CONTEXT() REPRESENTATION_CONTEXT('2D SPACE',''
  ) );
#2467 = ADVANCED_FACE('',(#2468),#936,.T.);
#2468 = FACE_BOUND('',#2469,.T.);
#2469 = EDGE_LOOP('',(#2470,#2471,#2472,#2473));
#2470 = ORIENTED_EDGE('',*,*,#1376,.F.);
#2471 = ORIENTED_EDGE('',*,*,#917,.T.);
#2472 = ORIENTED_EDGE('',*,*,#1431,.F.);
#2473 = ORIENTED_EDGE('',*,*,#2474,.F.);
#2474 = EDGE_CURVE('',#1377,#1399,#2475,.T.);
#2475 = SURFACE_CURVE('',#2476,(#2481,#2488),.PCURVE_S1.);
#2476 = CIRCLE('',#2477,9.5);
#2477 = AXIS2_PLACEMENT_3D('',#2478,#2479,#2480);
#2478 = CARTESIAN_POINT('',(309.47732751245,-64.,498.360724368));
#2479 = DIRECTION('',(0.788381040404,0.,0.615187235833));
#2480 = DIRECTION('',(-0.615187235833,0.,0.788381040404));
#2481 = PCURVE('',#936,#2482);
#2482 = DEFINITIONAL_REPRESENTATION('',(#2483),#2487);
#2483 = CIRCLE('',#2484,9.5);
#2484 = AXIS2_PLACEMENT_2D('',#2485,#2486);
#2485 = CARTESIAN_POINT('',(0.,0.));
#2486 = DIRECTION('',(1.,0.));
#2487 = ( GEOMETRIC_REPRESENTATION_CONTEXT(2) 
PARAMETRIC_REPRESENTATION_CONTEXT() REPRESENTATION_CONTEXT('2D SPACE',''
  ) );
#2488 = PCURVE('',#1415,#2489);
#2489 = DEFINITIONAL_REPRESENTATION('',(#2490),#2494);
#2490 = LINE('',#2491,#2492);
#2491 = CARTESIAN_POINT('',(0.,347.46821055002));
#2492 = VECTOR('',#2493,1.);
#2493 = DIRECTION('',(1.,0.));
#2494 = ( GEOMETRIC_REPRESENTATION_CONTEXT(2) 
PARAMETRIC_REPRESENTATION_CONTEXT() REPRESENTATION_CONTEXT('2D SPACE',''
  ) );
#2495 = ADVANCED_FACE('',(#2496,#2499),#1052,.F.);
#2496 = FACE_BOUND('',#2497,.F.);
#2497 = EDGE_LOOP('',(#2498));
#2498 = ORIENTED_EDGE('',*,*,#1037,.T.);
#2499 = FACE_BOUND('',#2500,.F.);
#2500 = EDGE_LOOP('',(#2501));
#2501 = ORIENTED_EDGE('',*,*,#2502,.F.);
#2502 = EDGE_CURVE('',#2503,#2503,#2505,.T.);
#2503 = VERTEX_POINT('',#2504);
#2504 = CARTESIAN_POINT('',(29.695699431283,-64.,292.09233626385));
#2505 = SURFACE_CURVE('',#2506,(#2511,#2518),.PCURVE_S1.);
#2506 = CIRCLE('',#2507,9.5);
#2507 = AXIS2_PLACEMENT_3D('',#2508,#2509,#2510);
#2508 = CARTESIAN_POINT('',(35.539978171693,-64.,284.60271638001));
#2509 = DIRECTION('',(0.788381040404,0.,0.615187235833));
#2510 = DIRECTION('',(-0.615187235833,0.,0.788381040404));
#2511 = PCURVE('',#1052,#2512);
#2512 = DEFINITIONAL_REPRESENTATION('',(#2513),#2517);
#2513 = CIRCLE('',#2514,9.5);
#2514 = AXIS2_PLACEMENT_2D('',#2515,#2516);
#2515 = CARTESIAN_POINT('',(0.,0.));
#2516 = DIRECTION('',(1.,0.));
#2517 = ( GEOMETRIC_REPRESENTATION_CONTEXT(2) 
PARAMETRIC_REPRESENTATION_CONTEXT() REPRESENTATION_CONTEXT('2D SPACE',''
  ) );
#2518 = PCURVE('',#2519,#2524);
#2519 = CYLINDRICAL_SURFACE('',#2520,9.5);
#2520 = AXIS2_PLACEMENT_3D('',#2521,#2522,#2523);
#2521 = CARTESIAN_POINT('',(35.539978171693,-64.,284.60271638001));
#2522 = DIRECTION('',(0.788381040404,0.,0.615187235833));
#2523 = DIRECTION('',(-0.615187235833,0.,0.788381040404));
#2524 = DEFINITIONAL_REPRESENTATION('',(#2525),#2529);
#2525 = LINE('',#2526,#2527);
#2526 = CARTESIAN_POINT('',(0.,0.));
#2527 = VECTOR('',#2528,1.);
#2528 = DIRECTION('',(1.,0.));
#2529 = ( GEOMETRIC_REPRESENTATION_CONTEXT(2) 
PARAMETRIC_REPRESENTATION_CONTEXT() REPRESENTATION_CONTEXT('2D SPACE',''
  ) );
#2530 = ADVANCED_FACE('',(#2531),#1325,.T.);
#2531 = FACE_BOUND('',#2532,.T.);
#2532 = EDGE_LOOP('',(#2533,#2562,#2583,#2584));
#2533 = ORIENTED_EDGE('',*,*,#2534,.F.);
#2534 = EDGE_CURVE('',#2535,#2535,#2537,.T.);
#2535 = VERTEX_POINT('',#2536);
#2536 = CARTESIAN_POINT('',(306.5,-135.,526.5));
#2537 = SURFACE_CURVE('',#2538,(#2543,#2550),.PCURVE_S1.);
#2538 = CIRCLE('',#2539,6.5);
#2539 = AXIS2_PLACEMENT_3D('',#2540,#2541,#2542);
#2540 = CARTESIAN_POINT('',(300.,-135.,526.5));
#2541 = DIRECTION('',(0.,0.,1.));
#2542 = DIRECTION('',(1.,0.,-0.));
#2543 = PCURVE('',#1325,#2544);
#2544 = DEFINITIONAL_REPRESENTATION('',(#2545),#2549);
#2545 = LINE('',#2546,#2547);
#2546 = CARTESIAN_POINT('',(0.,6.5));
#2547 = VECTOR('',#2548,1.);
#2548 = DIRECTION('',(1.,0.));
#2549 = ( GEOMETRIC_REPRESENTATION_CONTEXT(2) 
PARAMETRIC_REPRESENTATION_CONTEXT() REPRESENTATION_CONTEXT('2D SPACE',''
  ) );
#2550 = PCURVE('',#2551,#2556);
#2551 = PLANE('',#2552);
#2552 = AXIS2_PLACEMENT_3D('',#2553,#2554,#2555);
#2553 = CARTESIAN_POINT('',(300.,-135.,526.5));
#2554 = DIRECTION('',(0.,0.,1.));
#2555 = DIRECTION('',(1.,0.,-0.));
#2556 = DEFINITIONAL_REPRESENTATION('',(#2557),#2561);
#2557 = CIRCLE('',#2558,6.5);
#2558 = AXIS2_PLACEMENT_2D('',#2559,#2560);
#2559 = CARTESIAN_POINT('',(0.,0.));
#2560 = DIRECTION('',(1.,0.));
#2561 = ( GEOMETRIC_REPRESENTATION_CONTEXT(2) 
PARAMETRIC_REPRESENTATION_CONTEXT() REPRESENTATION_CONTEXT('2D SPACE',''
  ) );
#2562 = ORIENTED_EDGE('',*,*,#2563,.F.);
#2563 = EDGE_CURVE('',#1309,#2535,#2564,.T.);
#2564 = SEAM_CURVE('',#2565,(#2569,#2576),.PCURVE_S1.);
#2565 = LINE('',#2566,#2567);
#2566 = CARTESIAN_POINT('',(306.5,-135.,520.));
#2567 = VECTOR('',#2568,1.);
#2568 = DIRECTION('',(0.,0.,1.));
#2569 = PCURVE('',#1325,#2570);
#2570 = DEFINITIONAL_REPRESENTATION('',(#2571),#2575);
#2571 = LINE('',#2572,#2573);
#2572 = CARTESIAN_POINT('',(6.28318530718,-0.));
#2573 = VECTOR('',#2574,1.);
#2574 = DIRECTION('',(0.,1.));
#2575 = ( GEOMETRIC_REPRESENTATION_CONTEXT(2) 
PARAMETRIC_REPRESENTATION_CONTEXT() REPRESENTATION_CONTEXT('2D SPACE',''
  ) );
#2576 = PCURVE('',#1325,#2577);
#2577 = DEFINITIONAL_REPRESENTATION('',(#2578),#2582);
#2578 = LINE('',#2579,#2580);
#2579 = CARTESIAN_POINT('',(0.,-0.));
#2580 = VECTOR('',#2581,1.);
#2581 = DIRECTION('',(0.,1.));
#2582 = ( GEOMETRIC_REPRESENTATION_CONTEXT(2) 
PARAMETRIC_REPRESENTATION_CONTEXT() REPRESENTATION_CONTEXT('2D SPACE',''
  ) );
#2583 = ORIENTED_EDGE('',*,*,#1308,.T.);
#2584 = ORIENTED_EDGE('',*,*,#2563,.T.);
#2585 = ADVANCED_FACE('',(#2586),#1356,.T.);
#2586 = FACE_BOUND('',#2587,.T.);
#2587 = EDGE_LOOP('',(#2588,#2617,#2638,#2639));
#2588 = ORIENTED_EDGE('',*,*,#2589,.F.);
#2589 = EDGE_CURVE('',#2590,#2590,#2592,.T.);
#2590 = VERTEX_POINT('',#2591);
#2591 = CARTESIAN_POINT('',(306.5,135.,526.5));
#2592 = SURFACE_CURVE('',#2593,(#2598,#2605),.PCURVE_S1.);
#2593 = CIRCLE('',#2594,6.5);
#2594 = AXIS2_PLACEMENT_3D('',#2595,#2596,#2597);
#2595 = CARTESIAN_POINT('',(300.,135.,526.5));
#2596 = DIRECTION('',(0.,0.,1.));
#2597 = DIRECTION('',(1.,0.,-0.));
#2598 = PCURVE('',#1356,#2599);
#2599 = DEFINITIONAL_REPRESENTATION('',(#2600),#2604);
#2600 = LINE('',#2601,#2602);
#2601 = CARTESIAN_POINT('',(0.,6.5));
#2602 = VECTOR('',#2603,1.);
#2603 = DIRECTION('',(1.,0.));
#2604 = ( GEOMETRIC_REPRESENTATION_CONTEXT(2) 
PARAMETRIC_REPRESENTATION_CONTEXT() REPRESENTATION_CONTEXT('2D SPACE',''
  ) );
#2605 = PCURVE('',#2606,#2611);
#2606 = PLANE('',#2607);
#2607 = AXIS2_PLACEMENT_3D('',#2608,#2609,#2610);
#2608 = CARTESIAN_POINT('',(300.,135.,526.5));
#2609 = DIRECTION('',(0.,0.,1.));
#2610 = DIRECTION('',(1.,0.,-0.));
#2611 = DEFINITIONAL_REPRESENTATION('',(#2612),#2616);
#2612 = CIRCLE('',#2613,6.5);
#2613 = AXIS2_PLACEMENT_2D('',#2614,#2615);
#2614 = CARTESIAN_POINT('',(0.,0.));
#2615 = DIRECTION('',(1.,0.));
#2616 = ( GEOMETRIC_REPRESENTATION_CONTEXT(2) 
PARAMETRIC_REPRESENTATION_CONTEXT() REPRESENTATION_CONTEXT('2D SPACE',''
  ) );
#2617 = ORIENTED_EDGE('',*,*,#2618,.F.);
#2618 = EDGE_CURVE('',#1340,#2590,#2619,.T.);
#2619 = SEAM_CURVE('',#2620,(#2624,#2631),.PCURVE_S1.);
#2620 = LINE('',#2621,#2622);
#2621 = CARTESIAN_POINT('',(306.5,135.,520.));
#2622 = VECTOR('',#2623,1.);
#2623 = DIRECTION('',(0.,0.,1.));
#2624 = PCURVE('',#1356,#2625);
#2625 = DEFINITIONAL_REPRESENTATION('',(#2626),#2630);
#2626 = LINE('',#2627,#2628);
#2627 = CARTESIAN_POINT('',(6.28318530718,-0.));
#2628 = VECTOR('',#2629,1.);
#2629 = DIRECTION('',(0.,1.));
#2630 = ( GEOMETRIC_REPRESENTATION_CONTEXT(2) 
PARAMETRIC_REPRESENTATION_CONTEXT() REPRESENTATION_CONTEXT('2D SPACE',''
  ) );
#2631 = PCURVE('',#1356,#2632);
#2632 = DEFINITIONAL_REPRESENTATION('',(#2633),#2637);
#2633 = LINE('',#2634,#2635);
#2634 = CARTESIAN_POINT('',(0.,-0.));
#2635 = VECTOR('',#2636,1.);
#2636 = DIRECTION('',(0.,1.));
#2637 = ( GEOMETRIC_REPRESENTATION_CONTEXT(2) 
PARAMETRIC_REPRESENTATION_CONTEXT() REPRESENTATION_CONTEXT('2D SPACE',''
  ) );
#2638 = ORIENTED_EDGE('',*,*,#1339,.T.);
#2639 = ORIENTED_EDGE('',*,*,#2618,.T.);
#2640 = ADVANCED_FACE('',(#2641),#1493,.F.);
#2641 = FACE_BOUND('',#2642,.F.);
#2642 = EDGE_LOOP('',(#2643,#2644));
#2643 = ORIENTED_EDGE('',*,*,#1707,.F.);
#2644 = ORIENTED_EDGE('',*,*,#1476,.T.);
#2645 = ADVANCED_FACE('',(#2646),#1415,.F.);
#2646 = FACE_BOUND('',#2647,.F.);
#2647 = EDGE_LOOP('',(#2648,#2649));
#2648 = ORIENTED_EDGE('',*,*,#2474,.F.);
#2649 = ORIENTED_EDGE('',*,*,#1398,.T.);
#2650 = ADVANCED_FACE('',(#2651),#1597,.F.);
#2651 = FACE_BOUND('',#2652,.F.);
#2652 = EDGE_LOOP('',(#2653,#2682,#2703,#2704));
#2653 = ORIENTED_EDGE('',*,*,#2654,.F.);
#2654 = EDGE_CURVE('',#2655,#2655,#2657,.T.);
#2655 = VERTEX_POINT('',#2656);
#2656 = CARTESIAN_POINT('',(304.5,-135.,520.));
#2657 = SURFACE_CURVE('',#2658,(#2663,#2670),.PCURVE_S1.);
#2658 = CIRCLE('',#2659,4.5);
#2659 = AXIS2_PLACEMENT_3D('',#2660,#2661,#2662);
#2660 = CARTESIAN_POINT('',(300.,-135.,520.));
#2661 = DIRECTION('',(0.,0.,1.));
#2662 = DIRECTION('',(1.,0.,-0.));
#2663 = PCURVE('',#1597,#2664);
#2664 = DEFINITIONAL_REPRESENTATION('',(#2665),#2669);
#2665 = LINE('',#2666,#2667);
#2666 = CARTESIAN_POINT('',(0.,3.));
#2667 = VECTOR('',#2668,1.);
#2668 = DIRECTION('',(1.,0.));
#2669 = ( GEOMETRIC_REPRESENTATION_CONTEXT(2) 
PARAMETRIC_REPRESENTATION_CONTEXT() REPRESENTATION_CONTEXT('2D SPACE',''
  ) );
#2670 = PCURVE('',#2671,#2676);
#2671 = PLANE('',#2672);
#2672 = AXIS2_PLACEMENT_3D('',#2673,#2674,#2675);
#2673 = CARTESIAN_POINT('',(300.,-135.,520.));
#2674 = DIRECTION('',(0.,0.,1.));
#2675 = DIRECTION('',(1.,0.,-0.));
#2676 = DEFINITIONAL_REPRESENTATION('',(#2677),#2681);
#2677 = CIRCLE('',#2678,4.5);
#2678 = AXIS2_PLACEMENT_2D('',#2679,#2680);
#2679 = CARTESIAN_POINT('',(0.,0.));
#2680 = DIRECTION('',(1.,0.));
#2681 = ( GEOMETRIC_REPRESENTATION_CONTEXT(2) 
PARAMETRIC_REPRESENTATION_CONTEXT() REPRESENTATION_CONTEXT('2D SPACE',''
  ) );
#2682 = ORIENTED_EDGE('',*,*,#2683,.F.);
#2683 = EDGE_CURVE('',#1581,#2655,#2684,.T.);
#2684 = SEAM_CURVE('',#2685,(#2689,#2696),.PCURVE_S1.);
#2685 = LINE('',#2686,#2687);
#2686 = CARTESIAN_POINT('',(304.5,-135.,517.));
#2687 = VECTOR('',#2688,1.);
#2688 = DIRECTION('',(0.,0.,1.));
#2689 = PCURVE('',#1597,#2690);
#2690 = DEFINITIONAL_REPRESENTATION('',(#2691),#2695);
#2691 = LINE('',#2692,#2693);
#2692 = CARTESIAN_POINT('',(6.28318530718,-0.));
#2693 = VECTOR('',#2694,1.);
#2694 = DIRECTION('',(0.,1.));
#2695 = ( GEOMETRIC_REPRESENTATION_CONTEXT(2) 
PARAMETRIC_REPRESENTATION_CONTEXT() REPRESENTATION_CONTEXT('2D SPACE',''
  ) );
#2696 = PCURVE('',#1597,#2697);
#2697 = DEFINITIONAL_REPRESENTATION('',(#2698),#2702);
#2698 = LINE('',#2699,#2700);
#2699 = CARTESIAN_POINT('',(0.,-0.));
#2700 = VECTOR('',#2701,1.);
#2701 = DIRECTION('',(0.,1.));
#2702 = ( GEOMETRIC_REPRESENTATION_CONTEXT(2) 
PARAMETRIC_REPRESENTATION_CONTEXT() REPRESENTATION_CONTEXT('2D SPACE',''
  ) );
#2703 = ORIENTED_EDGE('',*,*,#1580,.T.);
#2704 = ORIENTED_EDGE('',*,*,#2683,.T.);
#2705 = ADVANCED_FACE('',(#2706),#1628,.F.);
#2706 = FACE_BOUND('',#2707,.F.);
#2707 = EDGE_LOOP('',(#2708,#2737,#2758,#2759));
#2708 = ORIENTED_EDGE('',*,*,#2709,.F.);
#2709 = EDGE_CURVE('',#2710,#2710,#2712,.T.);
#2710 = VERTEX_POINT('',#2711);
#2711 = CARTESIAN_POINT('',(304.5,135.,520.));
#2712 = SURFACE_CURVE('',#2713,(#2718,#2725),.PCURVE_S1.);
#2713 = CIRCLE('',#2714,4.5);
#2714 = AXIS2_PLACEMENT_3D('',#2715,#2716,#2717);
#2715 = CARTESIAN_POINT('',(300.,135.,520.));
#2716 = DIRECTION('',(0.,0.,1.));
#2717 = DIRECTION('',(1.,0.,-0.));
#2718 = PCURVE('',#1628,#2719);
#2719 = DEFINITIONAL_REPRESENTATION('',(#2720),#2724);
#2720 = LINE('',#2721,#2722);
#2721 = CARTESIAN_POINT('',(0.,3.));
#2722 = VECTOR('',#2723,1.);
#2723 = DIRECTION('',(1.,0.));
#2724 = ( GEOMETRIC_REPRESENTATION_CONTEXT(2) 
PARAMETRIC_REPRESENTATION_CONTEXT() REPRESENTATION_CONTEXT('2D SPACE',''
  ) );
#2725 = PCURVE('',#2726,#2731);
#2726 = PLANE('',#2727);
#2727 = AXIS2_PLACEMENT_3D('',#2728,#2729,#2730);
#2728 = CARTESIAN_POINT('',(300.,135.,520.));
#2729 = DIRECTION('',(0.,0.,1.));
#2730 = DIRECTION('',(1.,0.,-0.));
#2731 = DEFINITIONAL_REPRESENTATION('',(#2732),#2736);
#2732 = CIRCLE('',#2733,4.5);
#2733 = AXIS2_PLACEMENT_2D('',#2734,#2735);
#2734 = CARTESIAN_POINT('',(0.,0.));
#2735 = DIRECTION('',(1.,0.));
#2736 = ( GEOMETRIC_REPRESENTATION_CONTEXT(2) 
PARAMETRIC_REPRESENTATION_CONTEXT() REPRESENTATION_CONTEXT('2D SPACE',''
  ) );
#2737 = ORIENTED_EDGE('',*,*,#2738,.F.);
#2738 = EDGE_CURVE('',#1612,#2710,#2739,.T.);
#2739 = SEAM_CURVE('',#2740,(#2744,#2751),.PCURVE_S1.);
#2740 = LINE('',#2741,#2742);
#2741 = CARTESIAN_POINT('',(304.5,135.,517.));
#2742 = VECTOR('',#2743,1.);
#2743 = DIRECTION('',(0.,0.,1.));
#2744 = PCURVE('',#1628,#2745);
#2745 = DEFINITIONAL_REPRESENTATION('',(#2746),#2750);
#2746 = LINE('',#2747,#2748);
#2747 = CARTESIAN_POINT('',(6.28318530718,-0.));
#2748 = VECTOR('',#2749,1.);
#2749 = DIRECTION('',(0.,1.));
#2750 = ( GEOMETRIC_REPRESENTATION_CONTEXT(2) 
PARAMETRIC_REPRESENTATION_CONTEXT() REPRESENTATION_CONTEXT('2D SPACE',''
  ) );
#2751 = PCURVE('',#1628,#2752);
#2752 = DEFINITIONAL_REPRESENTATION('',(#2753),#2757);
#2753 = LINE('',#2754,#2755);
#2754 = CARTESIAN_POINT('',(0.,-0.));
#2755 = VECTOR('',#2756,1.);
#2756 = DIRECTION('',(0.,1.));
#2757 = ( GEOMETRIC_REPRESENTATION_CONTEXT(2) 
PARAMETRIC_REPRESENTATION_CONTEXT() REPRESENTATION_CONTEXT('2D SPACE',''
  ) );
#2758 = ORIENTED_EDGE('',*,*,#1611,.T.);
#2759 = ORIENTED_EDGE('',*,*,#2738,.T.);
#2760 = ADVANCED_FACE('',(#2761),#1772,.F.);
#2761 = FACE_BOUND('',#2762,.F.);
#2762 = EDGE_LOOP('',(#2763,#2786,#2819,#2882,#2908,#2909,#2910,#2911,
    #2938,#2939));
#2763 = ORIENTED_EDGE('',*,*,#2764,.T.);
#2764 = EDGE_CURVE('',#1756,#2765,#2767,.T.);
#2765 = VERTEX_POINT('',#2766);
#2766 = CARTESIAN_POINT('',(285.,64.,491.31065699181));
#2767 = SEAM_CURVE('',#2768,(#2772,#2779),.PCURVE_S1.);
#2768 = LINE('',#2769,#2770);
#2769 = CARTESIAN_POINT('',(29.695699431283,64.,292.09233626385));
#2770 = VECTOR('',#2771,1.);
#2771 = DIRECTION('',(0.788381040404,-2.465190328816E-32,0.615187235833)
  );
#2772 = PCURVE('',#1772,#2773);
#2773 = DEFINITIONAL_REPRESENTATION('',(#2774),#2778);
#2774 = LINE('',#2775,#2776);
#2775 = CARTESIAN_POINT('',(6.28318530718,-0.));
#2776 = VECTOR('',#2777,1.);
#2777 = DIRECTION('',(0.,1.));
#2778 = ( GEOMETRIC_REPRESENTATION_CONTEXT(2) 
PARAMETRIC_REPRESENTATION_CONTEXT() REPRESENTATION_CONTEXT('2D SPACE',''
  ) );
#2779 = PCURVE('',#1772,#2780);
#2780 = DEFINITIONAL_REPRESENTATION('',(#2781),#2785);
#2781 = LINE('',#2782,#2783);
#2782 = CARTESIAN_POINT('',(0.,-0.));
#2783 = VECTOR('',#2784,1.);
#2784 = DIRECTION('',(0.,1.));
#2785 = ( GEOMETRIC_REPRESENTATION_CONTEXT(2) 
PARAMETRIC_REPRESENTATION_CONTEXT() REPRESENTATION_CONTEXT('2D SPACE',''
  ) );
#2786 = ORIENTED_EDGE('',*,*,#2787,.F.);
#2787 = EDGE_CURVE('',#2788,#2765,#2790,.T.);
#2788 = VERTEX_POINT('',#2789);
#2789 = CARTESIAN_POINT('',(285.,68.308705419219,490.));
#2790 = SURFACE_CURVE('',#2791,(#2796,#2807),.PCURVE_S1.);
#2791 = ELLIPSE('',#2792,12.050010734823,9.5);
#2792 = AXIS2_PLACEMENT_3D('',#2793,#2794,#2795);
#2793 = CARTESIAN_POINT('',(285.,64.,479.26064625699));
#2794 = DIRECTION('',(1.,0.,-0.));
#2795 = DIRECTION('',(0.,0.,1.));
#2796 = PCURVE('',#1772,#2797);
#2797 = DEFINITIONAL_REPRESENTATION('',(#2798),#2806);
#2798 = B_SPLINE_CURVE_WITH_KNOTS('',6,(#2799,#2800,#2801,#2802,#2803,
    #2804,#2805),.UNSPECIFIED.,.F.,.F.,(7,7),(5.409844460932,
    6.28318530718),.PIECEWISE_BEZIER_KNOTS.);
#2799 = CARTESIAN_POINT('',(5.409844460932,321.18177699843));
#2800 = CARTESIAN_POINT('',(5.55540126864,322.00881886526));
#2801 = CARTESIAN_POINT('',(5.700958076348,322.71481103785));
#2802 = CARTESIAN_POINT('',(5.846514884056,323.26822460132));
#2803 = CARTESIAN_POINT('',(5.992071691764,323.64516994156));
#2804 = CARTESIAN_POINT('',(6.137628499472,323.83363815785));
#2805 = CARTESIAN_POINT('',(6.28318530718,323.83363815785));
#2806 = ( GEOMETRIC_REPRESENTATION_CONTEXT(2) 
PARAMETRIC_REPRESENTATION_CONTEXT() REPRESENTATION_CONTEXT('2D SPACE',''
  ) );
#2807 = PCURVE('',#2808,#2813);
#2808 = PLANE('',#2809);
#2809 = AXIS2_PLACEMENT_3D('',#2810,#2811,#2812);
#2810 = CARTESIAN_POINT('',(285.,-160.,490.));
#2811 = DIRECTION('',(1.,0.,-0.));
#2812 = DIRECTION('',(0.,0.,1.));
#2813 = DEFINITIONAL_REPRESENTATION('',(#2814),#2818);
#2814 = ELLIPSE('',#2815,12.050010734823,9.5);
#2815 = AXIS2_PLACEMENT_2D('',#2816,#2817);
#2816 = CARTESIAN_POINT('',(-10.739353743,-224.));
#2817 = DIRECTION('',(1.,0.));
#2818 = ( GEOMETRIC_REPRESENTATION_CONTEXT(2) 
PARAMETRIC_REPRESENTATION_CONTEXT() REPRESENTATION_CONTEXT('2D SPACE',''
  ) );
#2819 = ORIENTED_EDGE('',*,*,#2820,.F.);
#2820 = EDGE_CURVE('',#2821,#2788,#2823,.T.);
#2821 = VERTEX_POINT('',#2822);
#2822 = CARTESIAN_POINT('',(285.,59.691294580781,490.));
#2823 = SURFACE_CURVE('',#2824,(#2829,#2870),.PCURVE_S1.);
#2824 = ELLIPSE('',#2825,15.442453039751,9.5);
#2825 = AXIS2_PLACEMENT_3D('',#2826,#2827,#2828);
#2826 = CARTESIAN_POINT('',(298.76280648235,64.,490.));
#2827 = DIRECTION('',(0.,0.,1.));
#2828 = DIRECTION('',(1.,0.,-0.));
#2829 = PCURVE('',#1772,#2830);
#2830 = DEFINITIONAL_REPRESENTATION('',(#2831),#2869);
#2831 = B_SPLINE_CURVE_WITH_KNOTS('',8,(#2832,#2833,#2834,#2835,#2836,
    #2837,#2838,#2839,#2840,#2841,#2842,#2843,#2844,#2845,#2846,#2847,
    #2848,#2849,#2850,#2851,#2852,#2853,#2854,#2855,#2856,#2857,#2858,
    #2859,#2860,#2861,#2862,#2863,#2864,#2865,#2866,#2867,#2868),
  .UNSPECIFIED.,.F.,.F.,(9,7,7,7,7,9),(3.14159265359,4.712388980385,
    5.890486225481,7.657632093125,8.541205026947,9.424777960769),
  .UNSPECIFIED.);
#2832 = CARTESIAN_POINT('',(0.,321.70313720549));
#2833 = CARTESIAN_POINT('',(0.196349540849,321.70313720549));
#2834 = CARTESIAN_POINT('',(0.392699081699,322.23955676175));
#2835 = CARTESIAN_POINT('',(0.589048622544,323.31239131605));
#2836 = CARTESIAN_POINT('',(0.785398163397,324.87754124542));
#2837 = CARTESIAN_POINT('',(0.981747704245,326.84671771898));
#2838 = CARTESIAN_POINT('',(1.178097245097,329.09674425545));
#2839 = CARTESIAN_POINT('',(1.374446785946,331.48720961129));
#2840 = CARTESIAN_POINT('',(1.718058482432,335.67052299042));
#2841 = CARTESIAN_POINT('',(1.865320638069,337.46337092533));
#2842 = CARTESIAN_POINT('',(2.012582793707,339.19697687828));
#2843 = CARTESIAN_POINT('',(2.159844949343,340.81208304932));
#2844 = CARTESIAN_POINT('',(2.307107104979,342.25357271589));
#2845 = CARTESIAN_POINT('',(2.454369260617,343.47452502606));
#2846 = CARTESIAN_POINT('',(2.601631416254,344.43938667804));
#2847 = CARTESIAN_POINT('',(2.969786805347,346.15462030938));
#2848 = CARTESIAN_POINT('',(3.190680038804,346.55653280677));
#2849 = CARTESIAN_POINT('',(3.411573272237,346.25470651872));
#2850 = CARTESIAN_POINT('',(3.632466505718,345.23788015544));
#2851 = CARTESIAN_POINT('',(3.853359739149,343.57214368274));
#2852 = CARTESIAN_POINT('',(4.074252972629,341.39556058577));
#2853 = CARTESIAN_POINT('',(4.29514620608,338.89040804306));
#2854 = CARTESIAN_POINT('',(4.626486056263,334.93400914984));
#2855 = CARTESIAN_POINT('',(4.73693267299,333.58209757961));
#2856 = CARTESIAN_POINT('',(4.84737928972,332.22158790653));
#2857 = CARTESIAN_POINT('',(4.957825906447,330.87785627716));
#2858 = CARTESIAN_POINT('',(5.068272523174,329.57618262078));
#2859 = CARTESIAN_POINT('',(5.178719139903,328.34073910324));
#2860 = CARTESIAN_POINT('',(5.28916575663,327.19364779241));
#2861 = CARTESIAN_POINT('',(5.510058990085,325.11481173914));
#2862 = CARTESIAN_POINT('',(5.620505606812,324.18306707498));
#2863 = CARTESIAN_POINT('',(5.730952223542,323.37831583661));
#2864 = CARTESIAN_POINT('',(5.841398840269,322.71707905796));
#2865 = CARTESIAN_POINT('',(5.951845456995,322.21231577182));
#2866 = CARTESIAN_POINT('',(6.062292073725,321.87286366074));
#2867 = CARTESIAN_POINT('',(6.172738690452,321.70313720549));
#2868 = CARTESIAN_POINT('',(6.28318530718,321.70313720549));
#2869 = ( GEOMETRIC_REPRESENTATION_CONTEXT(2) 
PARAMETRIC_REPRESENTATION_CONTEXT() REPRESENTATION_CONTEXT('2D SPACE',''
  ) );
#2870 = PCURVE('',#2871,#2876);
#2871 = PLANE('',#2872);
#2872 = AXIS2_PLACEMENT_3D('',#2873,#2874,#2875);
#2873 = CARTESIAN_POINT('',(285.,-160.,490.));
#2874 = DIRECTION('',(0.,0.,1.));
#2875 = DIRECTION('',(1.,0.,-0.));
#2876 = DEFINITIONAL_REPRESENTATION('',(#2877),#2881);
#2877 = ELLIPSE('',#2878,15.442453039751,9.5);
#2878 = AXIS2_PLACEMENT_2D('',#2879,#2880);
#2879 = CARTESIAN_POINT('',(13.762806482351,224.));
#2880 = DIRECTION('',(1.,0.));
#2881 = ( GEOMETRIC_REPRESENTATION_CONTEXT(2) 
PARAMETRIC_REPRESENTATION_CONTEXT() REPRESENTATION_CONTEXT('2D SPACE',''
  ) );
#2882 = ORIENTED_EDGE('',*,*,#2883,.F.);
#2883 = EDGE_CURVE('',#2765,#2821,#2884,.T.);
#2884 = SURFACE_CURVE('',#2885,(#2890,#2901),.PCURVE_S1.);
#2885 = ELLIPSE('',#2886,12.050010734823,9.5);
#2886 = AXIS2_PLACEMENT_3D('',#2887,#2888,#2889);
#2887 = CARTESIAN_POINT('',(285.,64.,479.26064625699));
#2888 = DIRECTION('',(1.,0.,-0.));
#2889 = DIRECTION('',(0.,0.,1.));
#2890 = PCURVE('',#1772,#2891);
#2891 = DEFINITIONAL_REPRESENTATION('',(#2892),#2900);
#2892 = B_SPLINE_CURVE_WITH_KNOTS('',6,(#2893,#2894,#2895,#2896,#2897,
    #2898,#2899),.UNSPECIFIED.,.F.,.F.,(7,7),(0.,0.873340846247),
  .PIECEWISE_BEZIER_KNOTS.);
#2893 = CARTESIAN_POINT('',(0.,323.83363815785));
#2894 = CARTESIAN_POINT('',(0.145556807708,323.83363815785));
#2895 = CARTESIAN_POINT('',(0.291113615416,323.64516994156));
#2896 = CARTESIAN_POINT('',(0.436670423124,323.26822460132));
#2897 = CARTESIAN_POINT('',(0.582227230831,322.71481103785));
#2898 = CARTESIAN_POINT('',(0.727784038539,322.00881886526));
#2899 = CARTESIAN_POINT('',(0.873340846247,321.18177699843));
#2900 = ( GEOMETRIC_REPRESENTATION_CONTEXT(2) 
PARAMETRIC_REPRESENTATION_CONTEXT() REPRESENTATION_CONTEXT('2D SPACE',''
  ) );
#2901 = PCURVE('',#2808,#2902);
#2902 = DEFINITIONAL_REPRESENTATION('',(#2903),#2907);
#2903 = ELLIPSE('',#2904,12.050010734823,9.5);
#2904 = AXIS2_PLACEMENT_2D('',#2905,#2906);
#2905 = CARTESIAN_POINT('',(-10.739353743,-224.));
#2906 = DIRECTION('',(1.,0.));
#2907 = ( GEOMETRIC_REPRESENTATION_CONTEXT(2) 
PARAMETRIC_REPRESENTATION_CONTEXT() REPRESENTATION_CONTEXT('2D SPACE',''
  ) );
#2908 = ORIENTED_EDGE('',*,*,#2764,.F.);
#2909 = ORIENTED_EDGE('',*,*,#1755,.T.);
#2910 = ORIENTED_EDGE('',*,*,#2159,.T.);
#2911 = ORIENTED_EDGE('',*,*,#2912,.F.);
#2912 = EDGE_CURVE('',#2181,#2160,#2913,.T.);
#2913 = SURFACE_CURVE('',#2914,(#2919,#2931),.PCURVE_S1.);
#2914 = ELLIPSE('',#2915,10.841284278879,9.5);
#2915 = AXIS2_PLACEMENT_3D('',#2916,#2917,#2918);
#2916 = CARTESIAN_POINT('',(44.429175860435,64.,291.5391096653));
#2917 = DIRECTION('',(-0.987241120713,0.,-0.159232438825));
#2918 = DIRECTION('',(-0.159232438825,0.,0.987241120713));
#2919 = PCURVE('',#1772,#2920);
#2920 = DEFINITIONAL_REPRESENTATION('',(#2921),#2930);
#2921 = B_SPLINE_CURVE_WITH_KNOTS('',7,(#2922,#2923,#2924,#2925,#2926,
    #2927,#2928,#2929),.UNSPECIFIED.,.F.,.F.,(8,8),(4.249434252444,
    5.175343708325),.PIECEWISE_BEZIER_KNOTS.);
#2922 = CARTESIAN_POINT('',(2.033751054735,8.942537488231));
#2923 = CARTESIAN_POINT('',(1.901478275324,9.560718130708));
#2924 = CARTESIAN_POINT('',(1.769205495912,10.226514457635));
#2925 = CARTESIAN_POINT('',(1.636932716501,10.922260714467));
#2926 = CARTESIAN_POINT('',(1.504659937089,11.628250353599));
#2927 = CARTESIAN_POINT('',(1.372387157678,12.323996610427));
#2928 = CARTESIAN_POINT('',(1.240114378266,12.989792937356));
#2929 = CARTESIAN_POINT('',(1.107841598854,13.607973579833));
#2930 = ( GEOMETRIC_REPRESENTATION_CONTEXT(2) 
PARAMETRIC_REPRESENTATION_CONTEXT() REPRESENTATION_CONTEXT('2D SPACE',''
  ) );
#2931 = PCURVE('',#2196,#2932);
#2932 = DEFINITIONAL_REPRESENTATION('',(#2933),#2937);
#2933 = ELLIPSE('',#2934,10.841284278879,9.5);
#2934 = AXIS2_PLACEMENT_2D('',#2935,#2936);
#2935 = CARTESIAN_POINT('',(27.815788624033,-14.));
#2936 = DIRECTION('',(-1.,-0.));
#2937 = ( GEOMETRIC_REPRESENTATION_CONTEXT(2) 
PARAMETRIC_REPRESENTATION_CONTEXT() REPRESENTATION_CONTEXT('2D SPACE',''
  ) );
#2938 = ORIENTED_EDGE('',*,*,#2208,.F.);
#2939 = ORIENTED_EDGE('',*,*,#1784,.T.);
#2940 = ADVANCED_FACE('',(#2941),#1848,.F.);
#2941 = FACE_BOUND('',#2942,.F.);
#2942 = EDGE_LOOP('',(#2943,#2966,#2967,#2990));
#2943 = ORIENTED_EDGE('',*,*,#2944,.T.);
#2944 = EDGE_CURVE('',#2945,#1831,#2947,.T.);
#2945 = VERTEX_POINT('',#2946);
#2946 = CARTESIAN_POINT('',(-5.,50.,227.));
#2947 = SURFACE_CURVE('',#2948,(#2952,#2959),.PCURVE_S1.);
#2948 = LINE('',#2949,#2950);
#2949 = CARTESIAN_POINT('',(-5.,50.,227.));
#2950 = VECTOR('',#2951,1.);
#2951 = DIRECTION('',(0.,1.,0.));
#2952 = PCURVE('',#1848,#2953);
#2953 = DEFINITIONAL_REPRESENTATION('',(#2954),#2958);
#2954 = LINE('',#2955,#2956);
#2955 = CARTESIAN_POINT('',(0.,0.));
#2956 = VECTOR('',#2957,1.);
#2957 = DIRECTION('',(0.,-1.));
#2958 = ( GEOMETRIC_REPRESENTATION_CONTEXT(2) 
PARAMETRIC_REPRESENTATION_CONTEXT() REPRESENTATION_CONTEXT('2D SPACE',''
  ) );
#2959 = PCURVE('',#2378,#2960);
#2960 = DEFINITIONAL_REPRESENTATION('',(#2961),#2965);
#2961 = LINE('',#2962,#2963);
#2962 = CARTESIAN_POINT('',(35.,0.));
#2963 = VECTOR('',#2964,1.);
#2964 = DIRECTION('',(0.,-1.));
#2965 = ( GEOMETRIC_REPRESENTATION_CONTEXT(2) 
PARAMETRIC_REPRESENTATION_CONTEXT() REPRESENTATION_CONTEXT('2D SPACE',''
  ) );
#2966 = ORIENTED_EDGE('',*,*,#1830,.T.);
#2967 = ORIENTED_EDGE('',*,*,#2968,.F.);
#2968 = EDGE_CURVE('',#2969,#1833,#2971,.T.);
#2969 = VERTEX_POINT('',#2970);
#2970 = CARTESIAN_POINT('',(-35.,50.,227.));
#2971 = SURFACE_CURVE('',#2972,(#2976,#2983),.PCURVE_S1.);
#2972 = LINE('',#2973,#2974);
#2973 = CARTESIAN_POINT('',(-35.,50.,227.));
#2974 = VECTOR('',#2975,1.);
#2975 = DIRECTION('',(0.,1.,0.));
#2976 = PCURVE('',#1848,#2977);
#2977 = DEFINITIONAL_REPRESENTATION('',(#2978),#2982);
#2978 = LINE('',#2979,#2980);
#2979 = CARTESIAN_POINT('',(30.,0.));
#2980 = VECTOR('',#2981,1.);
#2981 = DIRECTION('',(0.,-1.));
#2982 = ( GEOMETRIC_REPRESENTATION_CONTEXT(2) 
PARAMETRIC_REPRESENTATION_CONTEXT() REPRESENTATION_CONTEXT('2D SPACE',''
  ) );
#2983 = PCURVE('',#1876,#2984);
#2984 = DEFINITIONAL_REPRESENTATION('',(#2985),#2989);
#2985 = LINE('',#2986,#2987);
#2986 = CARTESIAN_POINT('',(0.,0.));
#2987 = VECTOR('',#2988,1.);
#2988 = DIRECTION('',(0.,-1.));
#2989 = ( GEOMETRIC_REPRESENTATION_CONTEXT(2) 
PARAMETRIC_REPRESENTATION_CONTEXT() REPRESENTATION_CONTEXT('2D SPACE',''
  ) );
#2990 = ORIENTED_EDGE('',*,*,#2991,.F.);
#2991 = EDGE_CURVE('',#2945,#2969,#2992,.T.);
#2992 = SURFACE_CURVE('',#2993,(#2997,#3004),.PCURVE_S1.);
#2993 = LINE('',#2994,#2995);
#2994 = CARTESIAN_POINT('',(-5.,50.,227.));
#2995 = VECTOR('',#2996,1.);
#2996 = DIRECTION('',(-1.,0.,0.));
#2997 = PCURVE('',#1848,#2998);
#2998 = DEFINITIONAL_REPRESENTATION('',(#2999),#3003);
#2999 = LINE('',#3000,#3001);
#3000 = CARTESIAN_POINT('',(0.,0.));
#3001 = VECTOR('',#3002,1.);
#3002 = DIRECTION('',(1.,0.));
#3003 = ( GEOMETRIC_REPRESENTATION_CONTEXT(2) 
PARAMETRIC_REPRESENTATION_CONTEXT() REPRESENTATION_CONTEXT('2D SPACE',''
  ) );
#3004 = PCURVE('',#2411,#3005);
#3005 = DEFINITIONAL_REPRESENTATION('',(#3006),#3010);
#3006 = LINE('',#3007,#3008);
#3007 = CARTESIAN_POINT('',(-42.6548181198,-5.));
#3008 = VECTOR('',#3009,1.);
#3009 = DIRECTION('',(0.,-1.));
#3010 = ( GEOMETRIC_REPRESENTATION_CONTEXT(2) 
PARAMETRIC_REPRESENTATION_CONTEXT() REPRESENTATION_CONTEXT('2D SPACE',''
  ) );
#3011 = ADVANCED_FACE('',(#3012),#2378,.F.);
#3012 = FACE_BOUND('',#3013,.F.);
#3013 = EDGE_LOOP('',(#3014,#3037,#3038,#3039));
#3014 = ORIENTED_EDGE('',*,*,#3015,.T.);
#3015 = EDGE_CURVE('',#3016,#2337,#3018,.T.);
#3016 = VERTEX_POINT('',#3017);
#3017 = CARTESIAN_POINT('',(-5.,50.,262.));
#3018 = SURFACE_CURVE('',#3019,(#3023,#3030),.PCURVE_S1.);
#3019 = LINE('',#3020,#3021);
#3020 = CARTESIAN_POINT('',(-5.,50.,262.));
#3021 = VECTOR('',#3022,1.);
#3022 = DIRECTION('',(0.,1.,0.));
#3023 = PCURVE('',#2378,#3024);
#3024 = DEFINITIONAL_REPRESENTATION('',(#3025),#3029);
#3025 = LINE('',#3026,#3027);
#3026 = CARTESIAN_POINT('',(0.,-0.));
#3027 = VECTOR('',#3028,1.);
#3028 = DIRECTION('',(0.,-1.));
#3029 = ( GEOMETRIC_REPRESENTATION_CONTEXT(2) 
PARAMETRIC_REPRESENTATION_CONTEXT() REPRESENTATION_CONTEXT('2D SPACE',''
  ) );
#3030 = PCURVE('',#2352,#3031);
#3031 = DEFINITIONAL_REPRESENTATION('',(#3032),#3036);
#3032 = LINE('',#3033,#3034);
#3033 = CARTESIAN_POINT('',(10.,0.));
#3034 = VECTOR('',#3035,1.);
#3035 = DIRECTION('',(0.,-1.));
#3036 = ( GEOMETRIC_REPRESENTATION_CONTEXT(2) 
PARAMETRIC_REPRESENTATION_CONTEXT() REPRESENTATION_CONTEXT('2D SPACE',''
  ) );
#3037 = ORIENTED_EDGE('',*,*,#2364,.T.);
#3038 = ORIENTED_EDGE('',*,*,#2944,.F.);
#3039 = ORIENTED_EDGE('',*,*,#3040,.F.);
#3040 = EDGE_CURVE('',#3016,#2945,#3041,.T.);
#3041 = SURFACE_CURVE('',#3042,(#3046,#3053),.PCURVE_S1.);
#3042 = LINE('',#3043,#3044);
#3043 = CARTESIAN_POINT('',(-5.,50.,262.));
#3044 = VECTOR('',#3045,1.);
#3045 = DIRECTION('',(0.,0.,-1.));
#3046 = PCURVE('',#2378,#3047);
#3047 = DEFINITIONAL_REPRESENTATION('',(#3048),#3052);
#3048 = LINE('',#3049,#3050);
#3049 = CARTESIAN_POINT('',(0.,-0.));
#3050 = VECTOR('',#3051,1.);
#3051 = DIRECTION('',(1.,0.));
#3052 = ( GEOMETRIC_REPRESENTATION_CONTEXT(2) 
PARAMETRIC_REPRESENTATION_CONTEXT() REPRESENTATION_CONTEXT('2D SPACE',''
  ) );
#3053 = PCURVE('',#2411,#3054);
#3054 = DEFINITIONAL_REPRESENTATION('',(#3055),#3059);
#3055 = LINE('',#3056,#3057);
#3056 = CARTESIAN_POINT('',(-7.654818119805,-5.));
#3057 = VECTOR('',#3058,1.);
#3058 = DIRECTION('',(-1.,0.));
#3059 = ( GEOMETRIC_REPRESENTATION_CONTEXT(2) 
PARAMETRIC_REPRESENTATION_CONTEXT() REPRESENTATION_CONTEXT('2D SPACE',''
  ) );
#3060 = ADVANCED_FACE('',(#3061),#2352,.F.);
#3061 = FACE_BOUND('',#3062,.F.);
#3062 = EDGE_LOOP('',(#3063,#3086,#3087,#3088));
#3063 = ORIENTED_EDGE('',*,*,#3064,.T.);
#3064 = EDGE_CURVE('',#3065,#2309,#3067,.T.);
#3065 = VERTEX_POINT('',#3066);
#3066 = CARTESIAN_POINT('',(5.,50.,262.));
#3067 = SURFACE_CURVE('',#3068,(#3072,#3079),.PCURVE_S1.);
#3068 = LINE('',#3069,#3070);
#3069 = CARTESIAN_POINT('',(5.,50.,262.));
#3070 = VECTOR('',#3071,1.);
#3071 = DIRECTION('',(0.,1.,0.));
#3072 = PCURVE('',#2352,#3073);
#3073 = DEFINITIONAL_REPRESENTATION('',(#3074),#3078);
#3074 = LINE('',#3075,#3076);
#3075 = CARTESIAN_POINT('',(0.,0.));
#3076 = VECTOR('',#3077,1.);
#3077 = DIRECTION('',(0.,-1.));
#3078 = ( GEOMETRIC_REPRESENTATION_CONTEXT(2) 
PARAMETRIC_REPRESENTATION_CONTEXT() REPRESENTATION_CONTEXT('2D SPACE',''
  ) );
#3079 = PCURVE('',#2324,#3080);
#3080 = DEFINITIONAL_REPRESENTATION('',(#3081),#3085);
#3081 = LINE('',#3082,#3083);
#3082 = CARTESIAN_POINT('',(35.,0.));
#3083 = VECTOR('',#3084,1.);
#3084 = DIRECTION('',(0.,-1.));
#3085 = ( GEOMETRIC_REPRESENTATION_CONTEXT(2) 
PARAMETRIC_REPRESENTATION_CONTEXT() REPRESENTATION_CONTEXT('2D SPACE',''
  ) );
#3086 = ORIENTED_EDGE('',*,*,#2336,.T.);
#3087 = ORIENTED_EDGE('',*,*,#3015,.F.);
#3088 = ORIENTED_EDGE('',*,*,#3089,.F.);
#3089 = EDGE_CURVE('',#3065,#3016,#3090,.T.);
#3090 = SURFACE_CURVE('',#3091,(#3095,#3102),.PCURVE_S1.);
#3091 = LINE('',#3092,#3093);
#3092 = CARTESIAN_POINT('',(5.,50.,262.));
#3093 = VECTOR('',#3094,1.);
#3094 = DIRECTION('',(-1.,0.,0.));
#3095 = PCURVE('',#2352,#3096);
#3096 = DEFINITIONAL_REPRESENTATION('',(#3097),#3101);
#3097 = LINE('',#3098,#3099);
#3098 = CARTESIAN_POINT('',(0.,0.));
#3099 = VECTOR('',#3100,1.);
#3100 = DIRECTION('',(1.,0.));
#3101 = ( GEOMETRIC_REPRESENTATION_CONTEXT(2) 
PARAMETRIC_REPRESENTATION_CONTEXT() REPRESENTATION_CONTEXT('2D SPACE',''
  ) );
#3102 = PCURVE('',#2411,#3103);
#3103 = DEFINITIONAL_REPRESENTATION('',(#3104),#3108);
#3104 = LINE('',#3105,#3106);
#3105 = CARTESIAN_POINT('',(-7.654818119805,5.));
#3106 = VECTOR('',#3107,1.);
#3107 = DIRECTION('',(0.,-1.));
#3108 = ( GEOMETRIC_REPRESENTATION_CONTEXT(2) 
PARAMETRIC_REPRESENTATION_CONTEXT() REPRESENTATION_CONTEXT('2D SPACE',''
  ) );
#3109 = ADVANCED_FACE('',(#3110),#2324,.F.);
#3110 = FACE_BOUND('',#3111,.F.);
#3111 = EDGE_LOOP('',(#3112,#3135,#3136,#3137));
#3112 = ORIENTED_EDGE('',*,*,#3113,.T.);
#3113 = EDGE_CURVE('',#3114,#2281,#3116,.T.);
#3114 = VERTEX_POINT('',#3115);
#3115 = CARTESIAN_POINT('',(5.,50.,227.));
#3116 = SURFACE_CURVE('',#3117,(#3121,#3128),.PCURVE_S1.);
#3117 = LINE('',#3118,#3119);
#3118 = CARTESIAN_POINT('',(5.,50.,227.));
#3119 = VECTOR('',#3120,1.);
#3120 = DIRECTION('',(0.,1.,0.));
#3121 = PCURVE('',#2324,#3122);
#3122 = DEFINITIONAL_REPRESENTATION('',(#3123),#3127);
#3123 = LINE('',#3124,#3125);
#3124 = CARTESIAN_POINT('',(0.,0.));
#3125 = VECTOR('',#3126,1.);
#3126 = DIRECTION('',(0.,-1.));
#3127 = ( GEOMETRIC_REPRESENTATION_CONTEXT(2) 
PARAMETRIC_REPRESENTATION_CONTEXT() REPRESENTATION_CONTEXT('2D SPACE',''
  ) );
#3128 = PCURVE('',#2296,#3129);
#3129 = DEFINITIONAL_REPRESENTATION('',(#3130),#3134);
#3130 = LINE('',#3131,#3132);
#3131 = CARTESIAN_POINT('',(30.,0.));
#3132 = VECTOR('',#3133,1.);
#3133 = DIRECTION('',(0.,-1.));
#3134 = ( GEOMETRIC_REPRESENTATION_CONTEXT(2) 
PARAMETRIC_REPRESENTATION_CONTEXT() REPRESENTATION_CONTEXT('2D SPACE',''
  ) );
#3135 = ORIENTED_EDGE('',*,*,#2308,.T.);
#3136 = ORIENTED_EDGE('',*,*,#3064,.F.);
#3137 = ORIENTED_EDGE('',*,*,#3138,.F.);
#3138 = EDGE_CURVE('',#3114,#3065,#3139,.T.);
#3139 = SURFACE_CURVE('',#3140,(#3144,#3151),.PCURVE_S1.);
#3140 = LINE('',#3141,#3142);
#3141 = CARTESIAN_POINT('',(5.,50.,227.));
#3142 = VECTOR('',#3143,1.);
#3143 = DIRECTION('',(0.,0.,1.));
#3144 = PCURVE('',#2324,#3145);
#3145 = DEFINITIONAL_REPRESENTATION('',(#3146),#3150);
#3146 = LINE('',#3147,#3148);
#3147 = CARTESIAN_POINT('',(0.,0.));
#3148 = VECTOR('',#3149,1.);
#3149 = DIRECTION('',(1.,0.));
#3150 = ( GEOMETRIC_REPRESENTATION_CONTEXT(2) 
PARAMETRIC_REPRESENTATION_CONTEXT() REPRESENTATION_CONTEXT('2D SPACE',''
  ) );
#3151 = PCURVE('',#2411,#3152);
#3152 = DEFINITIONAL_REPRESENTATION('',(#3153),#3157);
#3153 = LINE('',#3154,#3155);
#3154 = CARTESIAN_POINT('',(-42.6548181198,5.));
#3155 = VECTOR('',#3156,1.);
#3156 = DIRECTION('',(1.,0.));
#3157 = ( GEOMETRIC_REPRESENTATION_CONTEXT(2) 
PARAMETRIC_REPRESENTATION_CONTEXT() REPRESENTATION_CONTEXT('2D SPACE',''
  ) );
#3158 = ADVANCED_FACE('',(#3159),#2296,.F.);
#3159 = FACE_BOUND('',#3160,.F.);
#3160 = EDGE_LOOP('',(#3161,#3184,#3185,#3186));
#3161 = ORIENTED_EDGE('',*,*,#3162,.T.);
#3162 = EDGE_CURVE('',#3163,#2253,#3165,.T.);
#3163 = VERTEX_POINT('',#3164);
#3164 = CARTESIAN_POINT('',(35.,50.,227.));
#3165 = SURFACE_CURVE('',#3166,(#3170,#3177),.PCURVE_S1.);
#3166 = LINE('',#3167,#3168);
#3167 = CARTESIAN_POINT('',(35.,50.,227.));
#3168 = VECTOR('',#3169,1.);
#3169 = DIRECTION('',(0.,1.,0.));
#3170 = PCURVE('',#2296,#3171);
#3171 = DEFINITIONAL_REPRESENTATION('',(#3172),#3176);
#3172 = LINE('',#3173,#3174);
#3173 = CARTESIAN_POINT('',(0.,0.));
#3174 = VECTOR('',#3175,1.);
#3175 = DIRECTION('',(0.,-1.));
#3176 = ( GEOMETRIC_REPRESENTATION_CONTEXT(2) 
PARAMETRIC_REPRESENTATION_CONTEXT() REPRESENTATION_CONTEXT('2D SPACE',''
  ) );
#3177 = PCURVE('',#2268,#3178);
#3178 = DEFINITIONAL_REPRESENTATION('',(#3179),#3183);
#3179 = LINE('',#3180,#3181);
#3180 = CARTESIAN_POINT('',(33.541019662497,0.));
#3181 = VECTOR('',#3182,1.);
#3182 = DIRECTION('',(0.,-1.));
#3183 = ( GEOMETRIC_REPRESENTATION_CONTEXT(2) 
PARAMETRIC_REPRESENTATION_CONTEXT() REPRESENTATION_CONTEXT('2D SPACE',''
  ) );
#3184 = ORIENTED_EDGE('',*,*,#2280,.T.);
#3185 = ORIENTED_EDGE('',*,*,#3113,.F.);
#3186 = ORIENTED_EDGE('',*,*,#3187,.F.);
#3187 = EDGE_CURVE('',#3163,#3114,#3188,.T.);
#3188 = SURFACE_CURVE('',#3189,(#3193,#3200),.PCURVE_S1.);
#3189 = LINE('',#3190,#3191);
#3190 = CARTESIAN_POINT('',(35.,50.,227.));
#3191 = VECTOR('',#3192,1.);
#3192 = DIRECTION('',(-1.,0.,0.));
#3193 = PCURVE('',#2296,#3194);
#3194 = DEFINITIONAL_REPRESENTATION('',(#3195),#3199);
#3195 = LINE('',#3196,#3197);
#3196 = CARTESIAN_POINT('',(0.,0.));
#3197 = VECTOR('',#3198,1.);
#3198 = DIRECTION('',(1.,0.));
#3199 = ( GEOMETRIC_REPRESENTATION_CONTEXT(2) 
PARAMETRIC_REPRESENTATION_CONTEXT() REPRESENTATION_CONTEXT('2D SPACE',''
  ) );
#3200 = PCURVE('',#2411,#3201);
#3201 = DEFINITIONAL_REPRESENTATION('',(#3202),#3206);
#3202 = LINE('',#3203,#3204);
#3203 = CARTESIAN_POINT('',(-42.6548181198,35.));
#3204 = VECTOR('',#3205,1.);
#3205 = DIRECTION('',(0.,-1.));
#3206 = ( GEOMETRIC_REPRESENTATION_CONTEXT(2) 
PARAMETRIC_REPRESENTATION_CONTEXT() REPRESENTATION_CONTEXT('2D SPACE',''
  ) );
#3207 = ADVANCED_FACE('',(#3208),#2268,.F.);
#3208 = FACE_BOUND('',#3209,.F.);
#3209 = EDGE_LOOP('',(#3210,#3211,#3212,#3213));
#3210 = ORIENTED_EDGE('',*,*,#2447,.T.);
#3211 = ORIENTED_EDGE('',*,*,#2252,.T.);
#3212 = ORIENTED_EDGE('',*,*,#3162,.F.);
#3213 = ORIENTED_EDGE('',*,*,#3214,.F.);
#3214 = EDGE_CURVE('',#2396,#3163,#3215,.T.);
#3215 = SURFACE_CURVE('',#3216,(#3220,#3227),.PCURVE_S1.);
#3216 = LINE('',#3217,#3218);
#3217 = CARTESIAN_POINT('',(50.,50.,257.));
#3218 = VECTOR('',#3219,1.);
#3219 = DIRECTION('',(-0.4472135955,0.,-0.894427191));
#3220 = PCURVE('',#2268,#3221);
#3221 = DEFINITIONAL_REPRESENTATION('',(#3222),#3226);
#3222 = LINE('',#3223,#3224);
#3223 = CARTESIAN_POINT('',(0.,0.));
#3224 = VECTOR('',#3225,1.);
#3225 = DIRECTION('',(1.,0.));
#3226 = ( GEOMETRIC_REPRESENTATION_CONTEXT(2) 
PARAMETRIC_REPRESENTATION_CONTEXT() REPRESENTATION_CONTEXT('2D SPACE',''
  ) );
#3227 = PCURVE('',#2411,#3228);
#3228 = DEFINITIONAL_REPRESENTATION('',(#3229),#3233);
#3229 = LINE('',#3230,#3231);
#3230 = CARTESIAN_POINT('',(-12.6548181198,50.));
#3231 = VECTOR('',#3232,1.);
#3232 = DIRECTION('',(-0.894427191,-0.4472135955));
#3233 = ( GEOMETRIC_REPRESENTATION_CONTEXT(2) 
PARAMETRIC_REPRESENTATION_CONTEXT() REPRESENTATION_CONTEXT('2D SPACE',''
  ) );
#3234 = ADVANCED_FACE('',(#3235),#2196,.F.);
#3235 = FACE_BOUND('',#3236,.F.);
#3236 = EDGE_LOOP('',(#3237,#3238));
#3237 = ORIENTED_EDGE('',*,*,#2912,.T.);
#3238 = ORIENTED_EDGE('',*,*,#2180,.T.);
#3239 = ADVANCED_FACE('',(#3240),#2124,.F.);
#3240 = FACE_BOUND('',#3241,.F.);
#3241 = EDGE_LOOP('',(#3242,#3265,#3266,#3267));
#3242 = ORIENTED_EDGE('',*,*,#3243,.T.);
#3243 = EDGE_CURVE('',#3244,#2086,#3246,.T.);
#3244 = VERTEX_POINT('',#3245);
#3245 = CARTESIAN_POINT('',(-40.,50.,319.));
#3246 = SURFACE_CURVE('',#3247,(#3251,#3258),.PCURVE_S1.);
#3247 = LINE('',#3248,#3249);
#3248 = CARTESIAN_POINT('',(-40.,50.,319.));
#3249 = VECTOR('',#3250,1.);
#3250 = DIRECTION('',(0.,1.,0.));
#3251 = PCURVE('',#2124,#3252);
#3252 = DEFINITIONAL_REPRESENTATION('',(#3253),#3257);
#3253 = LINE('',#3254,#3255);
#3254 = CARTESIAN_POINT('',(0.,0.));
#3255 = VECTOR('',#3256,1.);
#3256 = DIRECTION('',(0.,-1.));
#3257 = ( GEOMETRIC_REPRESENTATION_CONTEXT(2) 
PARAMETRIC_REPRESENTATION_CONTEXT() REPRESENTATION_CONTEXT('2D SPACE',''
  ) );
#3258 = PCURVE('',#1904,#3259);
#3259 = DEFINITIONAL_REPRESENTATION('',(#3260),#3264);
#3260 = LINE('',#3261,#3262);
#3261 = CARTESIAN_POINT('',(62.80127387243,0.));
#3262 = VECTOR('',#3263,1.);
#3263 = DIRECTION('',(0.,-1.));
#3264 = ( GEOMETRIC_REPRESENTATION_CONTEXT(2) 
PARAMETRIC_REPRESENTATION_CONTEXT() REPRESENTATION_CONTEXT('2D SPACE',''
  ) );
#3265 = ORIENTED_EDGE('',*,*,#2108,.T.);
#3266 = ORIENTED_EDGE('',*,*,#2423,.F.);
#3267 = ORIENTED_EDGE('',*,*,#3268,.F.);
#3268 = EDGE_CURVE('',#3244,#2394,#3269,.T.);
#3269 = SURFACE_CURVE('',#3270,(#3274,#3281),.PCURVE_S1.);
#3270 = LINE('',#3271,#3272);
#3271 = CARTESIAN_POINT('',(-40.,50.,319.));
#3272 = VECTOR('',#3273,1.);
#3273 = DIRECTION('',(1.,0.,0.));
#3274 = PCURVE('',#2124,#3275);
#3275 = DEFINITIONAL_REPRESENTATION('',(#3276),#3280);
#3276 = LINE('',#3277,#3278);
#3277 = CARTESIAN_POINT('',(0.,0.));
#3278 = VECTOR('',#3279,1.);
#3279 = DIRECTION('',(1.,0.));
#3280 = ( GEOMETRIC_REPRESENTATION_CONTEXT(2) 
PARAMETRIC_REPRESENTATION_CONTEXT() REPRESENTATION_CONTEXT('2D SPACE',''
  ) );
#3281 = PCURVE('',#2411,#3282);
#3282 = DEFINITIONAL_REPRESENTATION('',(#3283),#3287);
#3283 = LINE('',#3284,#3285);
#3284 = CARTESIAN_POINT('',(49.345181880195,-40.));
#3285 = VECTOR('',#3286,1.);
#3286 = DIRECTION('',(0.,1.));
#3287 = ( GEOMETRIC_REPRESENTATION_CONTEXT(2) 
PARAMETRIC_REPRESENTATION_CONTEXT() REPRESENTATION_CONTEXT('2D SPACE',''
  ) );
#3288 = ADVANCED_FACE('',(#3289),#1904,.F.);
#3289 = FACE_BOUND('',#3290,.F.);
#3290 = EDGE_LOOP('',(#3291,#3314,#3335,#3336,#3363,#3364));
#3291 = ORIENTED_EDGE('',*,*,#3292,.F.);
#3292 = EDGE_CURVE('',#3293,#3244,#3295,.T.);
#3293 = VERTEX_POINT('',#3294);
#3294 = CARTESIAN_POINT('',(-50.,50.,257.));
#3295 = SURFACE_CURVE('',#3296,(#3300,#3307),.PCURVE_S1.);
#3296 = LINE('',#3297,#3298);
#3297 = CARTESIAN_POINT('',(-50.,50.,257.));
#3298 = VECTOR('',#3299,1.);
#3299 = DIRECTION('',(0.159232438825,0.,0.987241120713));
#3300 = PCURVE('',#1904,#3301);
#3301 = DEFINITIONAL_REPRESENTATION('',(#3302),#3306);
#3302 = LINE('',#3303,#3304);
#3303 = CARTESIAN_POINT('',(0.,0.));
#3304 = VECTOR('',#3305,1.);
#3305 = DIRECTION('',(1.,0.));
#3306 = ( GEOMETRIC_REPRESENTATION_CONTEXT(2) 
PARAMETRIC_REPRESENTATION_CONTEXT() REPRESENTATION_CONTEXT('2D SPACE',''
  ) );
#3307 = PCURVE('',#2411,#3308);
#3308 = DEFINITIONAL_REPRESENTATION('',(#3309),#3313);
#3309 = LINE('',#3310,#3311);
#3310 = CARTESIAN_POINT('',(-12.6548181198,-50.));
#3311 = VECTOR('',#3312,1.);
#3312 = DIRECTION('',(0.987241120713,0.159232438825));
#3313 = ( GEOMETRIC_REPRESENTATION_CONTEXT(2) 
PARAMETRIC_REPRESENTATION_CONTEXT() REPRESENTATION_CONTEXT('2D SPACE',''
  ) );
#3314 = ORIENTED_EDGE('',*,*,#3315,.T.);
#3315 = EDGE_CURVE('',#3293,#1861,#3316,.T.);
#3316 = SURFACE_CURVE('',#3317,(#3321,#3328),.PCURVE_S1.);
#3317 = LINE('',#3318,#3319);
#3318 = CARTESIAN_POINT('',(-50.,50.,257.));
#3319 = VECTOR('',#3320,1.);
#3320 = DIRECTION('',(0.,1.,0.));
#3321 = PCURVE('',#1904,#3322);
#3322 = DEFINITIONAL_REPRESENTATION('',(#3323),#3327);
#3323 = LINE('',#3324,#3325);
#3324 = CARTESIAN_POINT('',(0.,0.));
#3325 = VECTOR('',#3326,1.);
#3326 = DIRECTION('',(0.,-1.));
#3327 = ( GEOMETRIC_REPRESENTATION_CONTEXT(2) 
PARAMETRIC_REPRESENTATION_CONTEXT() REPRESENTATION_CONTEXT('2D SPACE',''
  ) );
#3328 = PCURVE('',#1876,#3329);
#3329 = DEFINITIONAL_REPRESENTATION('',(#3330),#3334);
#3330 = LINE('',#3331,#3332);
#3331 = CARTESIAN_POINT('',(33.541019662497,0.));
#3332 = VECTOR('',#3333,1.);
#3333 = DIRECTION('',(0.,-1.));
#3334 = ( GEOMETRIC_REPRESENTATION_CONTEXT(2) 
PARAMETRIC_REPRESENTATION_CONTEXT() REPRESENTATION_CONTEXT('2D SPACE',''
  ) );
#3335 = ORIENTED_EDGE('',*,*,#1888,.T.);
#3336 = ORIENTED_EDGE('',*,*,#3337,.F.);
#3337 = EDGE_CURVE('',#2065,#1889,#3338,.T.);
#3338 = SURFACE_CURVE('',#3339,(#3344,#3351),.PCURVE_S1.);
#3339 = ELLIPSE('',#3340,12.667184789005,11.1);
#3340 = AXIS2_PLACEMENT_3D('',#3341,#3342,#3343);
#3341 = CARTESIAN_POINT('',(-44.42917586043,64.,291.5391096653));
#3342 = DIRECTION('',(0.987241120713,0.,-0.159232438825));
#3343 = DIRECTION('',(0.159232438825,0.,0.987241120713));
#3344 = PCURVE('',#1904,#3345);
#3345 = DEFINITIONAL_REPRESENTATION('',(#3346),#3350);
#3346 = ELLIPSE('',#3347,12.667184789005,11.1);
#3347 = AXIS2_PLACEMENT_2D('',#3348,#3349);
#3348 = CARTESIAN_POINT('',(34.985485248397,-14.));
#3349 = DIRECTION('',(1.,0.));
#3350 = ( GEOMETRIC_REPRESENTATION_CONTEXT(2) 
PARAMETRIC_REPRESENTATION_CONTEXT() REPRESENTATION_CONTEXT('2D SPACE',''
  ) );
#3351 = PCURVE('',#1931,#3352);
#3352 = DEFINITIONAL_REPRESENTATION('',(#3353),#3362);
#3353 = B_SPLINE_CURVE_WITH_KNOTS('',7,(#3354,#3355,#3356,#3357,#3358,
    #3359,#3360,#3361),.UNSPECIFIED.,.F.,.F.,(8,8),(0.872231192929,
    2.269361460661),.PIECEWISE_BEZIER_KNOTS.);
#3354 = CARTESIAN_POINT('',(2.269361460661,15.200264979186));
#3355 = CARTESIAN_POINT('',(2.069771422413,14.267475189597));
#3356 = CARTESIAN_POINT('',(1.870181384166,13.152268262627));
#3357 = CARTESIAN_POINT('',(1.670591345918,11.915338801487));
#3358 = CARTESIAN_POINT('',(1.471001307672,10.635172266576));
#3359 = CARTESIAN_POINT('',(1.271411269424,9.398242805435));
#3360 = CARTESIAN_POINT('',(1.071821231177,8.283035878467));
#3361 = CARTESIAN_POINT('',(0.872231192929,7.350246088878));
#3362 = ( GEOMETRIC_REPRESENTATION_CONTEXT(2) 
PARAMETRIC_REPRESENTATION_CONTEXT() REPRESENTATION_CONTEXT('2D SPACE',''
  ) );
#3363 = ORIENTED_EDGE('',*,*,#2085,.T.);
#3364 = ORIENTED_EDGE('',*,*,#3243,.F.);
#3365 = ADVANCED_FACE('',(#3366),#1931,.T.);
#3366 = FACE_BOUND('',#3367,.T.);
#3367 = EDGE_LOOP('',(#3368,#3399,#3422,#3444,#3445,#3446,#3447,#3469,
    #3470,#3494,#3527,#3569,#3604,#3646));
#3368 = ORIENTED_EDGE('',*,*,#3369,.F.);
#3369 = EDGE_CURVE('',#3370,#3372,#3374,.T.);
#3370 = VERTEX_POINT('',#3371);
#3371 = CARTESIAN_POINT('',(-316.3059058301,64.,489.60969481951));
#3372 = VERTEX_POINT('',#3373);
#3373 = CARTESIAN_POINT('',(-315.,57.47164015646,491.28325261966));
#3374 = SURFACE_CURVE('',#3375,(#3380,#3387),.PCURVE_S1.);
#3375 = CIRCLE('',#3376,11.1);
#3376 = AXIS2_PLACEMENT_3D('',#3377,#3378,#3379);
#3377 = CARTESIAN_POINT('',(-309.4773275124,64.,498.360724368));
#3378 = DIRECTION('',(-0.788381040404,0.,0.615187235833));
#3379 = DIRECTION('',(-0.615187235833,0.,-0.788381040404));
#3380 = PCURVE('',#1931,#3381);
#3381 = DEFINITIONAL_REPRESENTATION('',(#3382),#3386);
#3382 = LINE('',#3383,#3384);
#3383 = CARTESIAN_POINT('',(0.,347.46821055002));
#3384 = VECTOR('',#3385,1.);
#3385 = DIRECTION('',(1.,0.));
#3386 = ( GEOMETRIC_REPRESENTATION_CONTEXT(2) 
PARAMETRIC_REPRESENTATION_CONTEXT() REPRESENTATION_CONTEXT('2D SPACE',''
  ) );
#3387 = PCURVE('',#3388,#3393);
#3388 = PLANE('',#3389);
#3389 = AXIS2_PLACEMENT_3D('',#3390,#3391,#3392);
#3390 = CARTESIAN_POINT('',(-309.4773275124,64.,498.360724368));
#3391 = DIRECTION('',(-0.788381040404,0.,0.615187235833));
#3392 = DIRECTION('',(-0.615187235833,0.,-0.788381040404));
#3393 = DEFINITIONAL_REPRESENTATION('',(#3394),#3398);
#3394 = CIRCLE('',#3395,11.1);
#3395 = AXIS2_PLACEMENT_2D('',#3396,#3397);
#3396 = CARTESIAN_POINT('',(0.,0.));
#3397 = DIRECTION('',(1.,0.));
#3398 = ( GEOMETRIC_REPRESENTATION_CONTEXT(2) 
PARAMETRIC_REPRESENTATION_CONTEXT() REPRESENTATION_CONTEXT('2D SPACE',''
  ) );
#3399 = ORIENTED_EDGE('',*,*,#3400,.F.);
#3400 = EDGE_CURVE('',#3401,#3370,#3403,.T.);
#3401 = VERTEX_POINT('',#3402);
#3402 = CARTESIAN_POINT('',(-42.36855648943,64.,275.85168683153));
#3403 = SEAM_CURVE('',#3404,(#3408,#3415),.PCURVE_S1.);
#3404 = LINE('',#3405,#3406);
#3405 = CARTESIAN_POINT('',(-42.36855648943,64.,275.85168683153));
#3406 = VECTOR('',#3407,1.);
#3407 = DIRECTION('',(-0.788381040404,2.465190328816E-32,0.615187235833)
  );
#3408 = PCURVE('',#1931,#3409);
#3409 = DEFINITIONAL_REPRESENTATION('',(#3410),#3414);
#3410 = LINE('',#3411,#3412);
#3411 = CARTESIAN_POINT('',(6.28318530718,-0.));
#3412 = VECTOR('',#3413,1.);
#3413 = DIRECTION('',(0.,1.));
#3414 = ( GEOMETRIC_REPRESENTATION_CONTEXT(2) 
PARAMETRIC_REPRESENTATION_CONTEXT() REPRESENTATION_CONTEXT('2D SPACE',''
  ) );
#3415 = PCURVE('',#1931,#3416);
#3416 = DEFINITIONAL_REPRESENTATION('',(#3417),#3421);
#3417 = LINE('',#3418,#3419);
#3418 = CARTESIAN_POINT('',(0.,-0.));
#3419 = VECTOR('',#3420,1.);
#3420 = DIRECTION('',(0.,1.));
#3421 = ( GEOMETRIC_REPRESENTATION_CONTEXT(2) 
PARAMETRIC_REPRESENTATION_CONTEXT() REPRESENTATION_CONTEXT('2D SPACE',''
  ) );
#3422 = ORIENTED_EDGE('',*,*,#3423,.T.);
#3423 = EDGE_CURVE('',#3401,#1917,#3424,.T.);
#3424 = SURFACE_CURVE('',#3425,(#3430,#3437),.PCURVE_S1.);
#3425 = CIRCLE('',#3426,11.1);
#3426 = AXIS2_PLACEMENT_3D('',#3427,#3428,#3429);
#3427 = CARTESIAN_POINT('',(-35.53997817169,64.,284.60271638001));
#3428 = DIRECTION('',(-0.788381040404,0.,0.615187235833));
#3429 = DIRECTION('',(-0.615187235833,0.,-0.788381040404));
#3430 = PCURVE('',#1931,#3431);
#3431 = DEFINITIONAL_REPRESENTATION('',(#3432),#3436);
#3432 = LINE('',#3433,#3434);
#3433 = CARTESIAN_POINT('',(0.,0.));
#3434 = VECTOR('',#3435,1.);
#3435 = DIRECTION('',(1.,0.));
#3436 = ( GEOMETRIC_REPRESENTATION_CONTEXT(2) 
PARAMETRIC_REPRESENTATION_CONTEXT() REPRESENTATION_CONTEXT('2D SPACE',''
  ) );
#3437 = PCURVE('',#1957,#3438);
#3438 = DEFINITIONAL_REPRESENTATION('',(#3439),#3443);
#3439 = CIRCLE('',#3440,11.1);
#3440 = AXIS2_PLACEMENT_2D('',#3441,#3442);
#3441 = CARTESIAN_POINT('',(0.,0.));
#3442 = DIRECTION('',(1.,0.));
#3443 = ( GEOMETRIC_REPRESENTATION_CONTEXT(2) 
PARAMETRIC_REPRESENTATION_CONTEXT() REPRESENTATION_CONTEXT('2D SPACE',''
  ) );
#3444 = ORIENTED_EDGE('',*,*,#1916,.T.);
#3445 = ORIENTED_EDGE('',*,*,#3337,.F.);
#3446 = ORIENTED_EDGE('',*,*,#2064,.F.);
#3447 = ORIENTED_EDGE('',*,*,#3448,.T.);
#3448 = EDGE_CURVE('',#2044,#3401,#3449,.T.);
#3449 = SURFACE_CURVE('',#3450,(#3455,#3462),.PCURVE_S1.);
#3450 = CIRCLE('',#3451,11.1);
#3451 = AXIS2_PLACEMENT_3D('',#3452,#3453,#3454);
#3452 = CARTESIAN_POINT('',(-35.53997817169,64.,284.60271638001));
#3453 = DIRECTION('',(-0.788381040404,0.,0.615187235833));
#3454 = DIRECTION('',(-0.615187235833,0.,-0.788381040404));
#3455 = PCURVE('',#1931,#3456);
#3456 = DEFINITIONAL_REPRESENTATION('',(#3457),#3461);
#3457 = LINE('',#3458,#3459);
#3458 = CARTESIAN_POINT('',(0.,0.));
#3459 = VECTOR('',#3460,1.);
#3460 = DIRECTION('',(1.,0.));
#3461 = ( GEOMETRIC_REPRESENTATION_CONTEXT(2) 
PARAMETRIC_REPRESENTATION_CONTEXT() REPRESENTATION_CONTEXT('2D SPACE',''
  ) );
#3462 = PCURVE('',#1957,#3463);
#3463 = DEFINITIONAL_REPRESENTATION('',(#3464),#3468);
#3464 = CIRCLE('',#3465,11.1);
#3465 = AXIS2_PLACEMENT_2D('',#3466,#3467);
#3466 = CARTESIAN_POINT('',(0.,0.));
#3467 = DIRECTION('',(1.,0.));
#3468 = ( GEOMETRIC_REPRESENTATION_CONTEXT(2) 
PARAMETRIC_REPRESENTATION_CONTEXT() REPRESENTATION_CONTEXT('2D SPACE',''
  ) );
#3469 = ORIENTED_EDGE('',*,*,#3400,.T.);
#3470 = ORIENTED_EDGE('',*,*,#3471,.F.);
#3471 = EDGE_CURVE('',#3472,#3370,#3474,.T.);
#3472 = VERTEX_POINT('',#3473);
#3473 = CARTESIAN_POINT('',(-315.,70.52835984354,491.28325261966));
#3474 = SURFACE_CURVE('',#3475,(#3480,#3487),.PCURVE_S1.);
#3475 = CIRCLE('',#3476,11.1);
#3476 = AXIS2_PLACEMENT_3D('',#3477,#3478,#3479);
#3477 = CARTESIAN_POINT('',(-309.4773275124,64.,498.360724368));
#3478 = DIRECTION('',(-0.788381040404,0.,0.615187235833));
#3479 = DIRECTION('',(-0.615187235833,0.,-0.788381040404));
#3480 = PCURVE('',#1931,#3481);
#3481 = DEFINITIONAL_REPRESENTATION('',(#3482),#3486);
#3482 = LINE('',#3483,#3484);
#3483 = CARTESIAN_POINT('',(0.,347.46821055002));
#3484 = VECTOR('',#3485,1.);
#3485 = DIRECTION('',(1.,0.));
#3486 = ( GEOMETRIC_REPRESENTATION_CONTEXT(2) 
PARAMETRIC_REPRESENTATION_CONTEXT() REPRESENTATION_CONTEXT('2D SPACE',''
  ) );
#3487 = PCURVE('',#3388,#3488);
#3488 = DEFINITIONAL_REPRESENTATION('',(#3489),#3493);
#3489 = CIRCLE('',#3490,11.1);
#3490 = AXIS2_PLACEMENT_2D('',#3491,#3492);
#3491 = CARTESIAN_POINT('',(0.,0.));
#3492 = DIRECTION('',(1.,0.));
#3493 = ( GEOMETRIC_REPRESENTATION_CONTEXT(2) 
PARAMETRIC_REPRESENTATION_CONTEXT() REPRESENTATION_CONTEXT('2D SPACE',''
  ) );
#3494 = ORIENTED_EDGE('',*,*,#3495,.F.);
#3495 = EDGE_CURVE('',#3496,#3472,#3498,.T.);
#3496 = VERTEX_POINT('',#3497);
#3497 = CARTESIAN_POINT('',(-315.,68.840619087366,490.));
#3498 = SURFACE_CURVE('',#3499,(#3504,#3515),.PCURVE_S1.);
#3499 = ELLIPSE('',#3500,14.079486227004,11.1);
#3500 = AXIS2_PLACEMENT_3D('',#3501,#3502,#3503);
#3501 = CARTESIAN_POINT('',(-315.,64.,502.67016034871));
#3502 = DIRECTION('',(1.,0.,-0.));
#3503 = DIRECTION('',(0.,0.,1.));
#3504 = PCURVE('',#1931,#3505);
#3505 = DEFINITIONAL_REPRESENTATION('',(#3506),#3514);
#3506 = B_SPLINE_CURVE_WITH_KNOTS('',6,(#3507,#3508,#3509,#3510,#3511,
    #3512,#3513),.UNSPECIFIED.,.F.,.F.,(7,7),(3.14159265359,
    3.770350515184),.PIECEWISE_BEZIER_KNOTS.);
#3507 = CARTESIAN_POINT('',(6.28318530718,345.81177062659));
#3508 = CARTESIAN_POINT('',(6.178392330247,345.81177062659));
#3509 = CARTESIAN_POINT('',(6.073599353315,345.92591100595));
#3510 = CARTESIAN_POINT('',(5.968806376382,346.15419252779));
#3511 = CARTESIAN_POINT('',(5.86401339945,346.49285232542));
#3512 = CARTESIAN_POINT('',(5.759220422518,346.93437561748));
#3513 = CARTESIAN_POINT('',(5.654427445585,347.46821115002));
#3514 = ( GEOMETRIC_REPRESENTATION_CONTEXT(2) 
PARAMETRIC_REPRESENTATION_CONTEXT() REPRESENTATION_CONTEXT('2D SPACE',''
  ) );
#3515 = PCURVE('',#3516,#3521);
#3516 = PLANE('',#3517);
#3517 = AXIS2_PLACEMENT_3D('',#3518,#3519,#3520);
#3518 = CARTESIAN_POINT('',(-315.,-160.,490.));
#3519 = DIRECTION('',(1.,0.,-0.));
#3520 = DIRECTION('',(0.,0.,1.));
#3521 = DEFINITIONAL_REPRESENTATION('',(#3522),#3526);
#3522 = ELLIPSE('',#3523,14.079486227004,11.1);
#3523 = AXIS2_PLACEMENT_2D('',#3524,#3525);
#3524 = CARTESIAN_POINT('',(12.670160348711,-224.));
#3525 = DIRECTION('',(1.,0.));
#3526 = ( GEOMETRIC_REPRESENTATION_CONTEXT(2) 
PARAMETRIC_REPRESENTATION_CONTEXT() REPRESENTATION_CONTEXT('2D SPACE',''
  ) );
#3527 = ORIENTED_EDGE('',*,*,#3528,.F.);
#3528 = EDGE_CURVE('',#3529,#3496,#3531,.T.);
#3529 = VERTEX_POINT('',#3530);
#3530 = CARTESIAN_POINT('',(-285.,71.178087655471,490.));
#3531 = SURFACE_CURVE('',#3532,(#3537,#3557),.PCURVE_S1.);
#3532 = ELLIPSE('',#3533,18.043287235919,11.1);
#3533 = AXIS2_PLACEMENT_3D('',#3534,#3535,#3536);
#3534 = CARTESIAN_POINT('',(-298.7628064823,64.,490.));
#3535 = DIRECTION('',(0.,0.,1.));
#3536 = DIRECTION('',(-1.,0.,0.));
#3537 = PCURVE('',#1931,#3538);
#3538 = DEFINITIONAL_REPRESENTATION('',(#3539),#3556);
#3539 = B_SPLINE_CURVE_WITH_KNOTS('',8,(#3540,#3541,#3542,#3543,#3544,
    #3545,#3546,#3547,#3548,#3549,#3550,#3551,#3552,#3553,#3554,#3555),
  .UNSPECIFIED.,.F.,.F.,(9,7,9),(3.520598724453,4.751997788567,
    5.98339685268),.UNSPECIFIED.);
#3540 = CARTESIAN_POINT('',(3.520598724453,320.66219558472));
#3541 = CARTESIAN_POINT('',(3.674523607468,321.47233390253));
#3542 = CARTESIAN_POINT('',(3.828448490484,322.64031529269));
#3543 = CARTESIAN_POINT('',(3.982373373479,324.13689025247));
#3544 = CARTESIAN_POINT('',(4.136298256537,325.91472605569));
#3545 = CARTESIAN_POINT('',(4.290223139506,327.91060859989));
#3546 = CARTESIAN_POINT('',(4.444148022543,330.04998548445));
#3547 = CARTESIAN_POINT('',(4.598072905553,332.25309991653));
#3548 = CARTESIAN_POINT('',(4.905922671581,336.62882370483));
#3549 = CARTESIAN_POINT('',(5.059847554602,338.80143322941));
#3550 = CARTESIAN_POINT('',(5.213772437564,340.87980033562));
#3551 = CARTESIAN_POINT('',(5.367697320649,342.78570993896));
#3552 = CARTESIAN_POINT('',(5.521622203607,344.4476937917));
#3553 = CARTESIAN_POINT('',(5.675547086659,345.80696765304));
#3554 = CARTESIAN_POINT('',(5.829471969666,346.82158876306));
#3555 = CARTESIAN_POINT('',(5.98339685268,347.46821115002));
#3556 = ( GEOMETRIC_REPRESENTATION_CONTEXT(2) 
PARAMETRIC_REPRESENTATION_CONTEXT() REPRESENTATION_CONTEXT('2D SPACE',''
  ) );
#3557 = PCURVE('',#3558,#3563);
#3558 = PLANE('',#3559);
#3559 = AXIS2_PLACEMENT_3D('',#3560,#3561,#3562);
#3560 = CARTESIAN_POINT('',(-315.,-160.,490.));
#3561 = DIRECTION('',(0.,0.,1.));
#3562 = DIRECTION('',(1.,0.,-0.));
#3563 = DEFINITIONAL_REPRESENTATION('',(#3564),#3568);
#3564 = ELLIPSE('',#3565,18.043287235919,11.1);
#3565 = AXIS2_PLACEMENT_2D('',#3566,#3567);
#3566 = CARTESIAN_POINT('',(16.237193517649,224.));
#3567 = DIRECTION('',(-1.,0.));
#3568 = ( GEOMETRIC_REPRESENTATION_CONTEXT(2) 
PARAMETRIC_REPRESENTATION_CONTEXT() REPRESENTATION_CONTEXT('2D SPACE',''
  ) );
#3569 = ORIENTED_EDGE('',*,*,#3570,.T.);
#3570 = EDGE_CURVE('',#3529,#3571,#3573,.T.);
#3571 = VERTEX_POINT('',#3572);
#3572 = CARTESIAN_POINT('',(-285.,56.821912344529,490.));
#3573 = SURFACE_CURVE('',#3574,(#3579,#3592),.PCURVE_S1.);
#3574 = ELLIPSE('',#3575,14.079486227004,11.1);
#3575 = AXIS2_PLACEMENT_3D('',#3576,#3577,#3578);
#3576 = CARTESIAN_POINT('',(-285.,64.,479.26064625699));
#3577 = DIRECTION('',(1.,0.,-0.));
#3578 = DIRECTION('',(0.,0.,1.));
#3579 = PCURVE('',#1931,#3580);
#3580 = DEFINITIONAL_REPRESENTATION('',(#3581),#3591);
#3581 = B_SPLINE_CURVE_WITH_KNOTS('',8,(#3582,#3583,#3584,#3585,#3586,
    #3587,#3588,#3589,#3590),.UNSPECIFIED.,.F.,.F.,(9,9),(5.294382160837
    ,7.271988453522),.PIECEWISE_BEZIER_KNOTS.);
#3582 = CARTESIAN_POINT('',(4.130395799933,321.18177699843));
#3583 = CARTESIAN_POINT('',(3.883195013347,322.97041378801));
#3584 = CARTESIAN_POINT('',(3.635994226756,324.42654166108));
#3585 = CARTESIAN_POINT('',(3.38879344019,325.38360433292));
#3586 = CARTESIAN_POINT('',(3.141592653565,325.71841530036));
#3587 = CARTESIAN_POINT('',(2.894391867019,325.3836043328));
#3588 = CARTESIAN_POINT('',(2.647191080414,324.42654166114));
#3589 = CARTESIAN_POINT('',(2.399990293833,322.97041378801));
#3590 = CARTESIAN_POINT('',(2.152789507247,321.18177699843));
#3591 = ( GEOMETRIC_REPRESENTATION_CONTEXT(2) 
PARAMETRIC_REPRESENTATION_CONTEXT() REPRESENTATION_CONTEXT('2D SPACE',''
  ) );
#3592 = PCURVE('',#3593,#3598);
#3593 = PLANE('',#3594);
#3594 = AXIS2_PLACEMENT_3D('',#3595,#3596,#3597);
#3595 = CARTESIAN_POINT('',(-285.,-160.,490.));
#3596 = DIRECTION('',(1.,0.,-0.));
#3597 = DIRECTION('',(0.,0.,1.));
#3598 = DEFINITIONAL_REPRESENTATION('',(#3599),#3603);
#3599 = ELLIPSE('',#3600,14.079486227004,11.1);
#3600 = AXIS2_PLACEMENT_2D('',#3601,#3602);
#3601 = CARTESIAN_POINT('',(-10.739353743,-224.));
#3602 = DIRECTION('',(1.,0.));
#3603 = ( GEOMETRIC_REPRESENTATION_CONTEXT(2) 
PARAMETRIC_REPRESENTATION_CONTEXT() REPRESENTATION_CONTEXT('2D SPACE',''
  ) );
#3604 = ORIENTED_EDGE('',*,*,#3605,.F.);
#3605 = EDGE_CURVE('',#3606,#3571,#3608,.T.);
#3606 = VERTEX_POINT('',#3607);
#3607 = CARTESIAN_POINT('',(-315.,59.159380912634,490.));
#3608 = SURFACE_CURVE('',#3609,(#3614,#3634),.PCURVE_S1.);
#3609 = ELLIPSE('',#3610,18.043287235919,11.1);
#3610 = AXIS2_PLACEMENT_3D('',#3611,#3612,#3613);
#3611 = CARTESIAN_POINT('',(-298.7628064823,64.,490.));
#3612 = DIRECTION('',(0.,0.,1.));
#3613 = DIRECTION('',(-1.,0.,0.));
#3614 = PCURVE('',#1931,#3615);
#3615 = DEFINITIONAL_REPRESENTATION('',(#3616),#3633);
#3616 = B_SPLINE_CURVE_WITH_KNOTS('',8,(#3617,#3618,#3619,#3620,#3621,
    #3622,#3623,#3624,#3625,#3626,#3627,#3628,#3629,#3630,#3631,#3632),
  .UNSPECIFIED.,.F.,.F.,(9,7,9),(0.299788454499,1.531187518613,
    2.762586582726),.UNSPECIFIED.);
#3617 = CARTESIAN_POINT('',(0.299788454499,347.46821115002));
#3618 = CARTESIAN_POINT('',(0.453713337513,346.82158876306));
#3619 = CARTESIAN_POINT('',(0.607638220526,345.80696765257));
#3620 = CARTESIAN_POINT('',(0.761563103543,344.44769379228));
#3621 = CARTESIAN_POINT('',(0.915487986548,342.7857099378));
#3622 = CARTESIAN_POINT('',(1.069412869572,340.8798003369));
#3623 = CARTESIAN_POINT('',(1.223337752583,338.80143322912));
#3624 = CARTESIAN_POINT('',(1.377262635598,336.62882370483));
#3625 = CARTESIAN_POINT('',(1.685112401627,332.25309991653));
#3626 = CARTESIAN_POINT('',(1.839037284641,330.0499854836));
#3627 = CARTESIAN_POINT('',(1.992962167652,327.91060860152));
#3628 = CARTESIAN_POINT('',(2.146887050672,325.91472605243));
#3629 = CARTESIAN_POINT('',(2.300811933679,324.13689025444));
#3630 = CARTESIAN_POINT('',(2.454736816698,322.64031529211));
#3631 = CARTESIAN_POINT('',(2.608661699712,321.47233390253));
#3632 = CARTESIAN_POINT('',(2.762586582726,320.66219558472));
#3633 = ( GEOMETRIC_REPRESENTATION_CONTEXT(2) 
PARAMETRIC_REPRESENTATION_CONTEXT() REPRESENTATION_CONTEXT('2D SPACE',''
  ) );
#3634 = PCURVE('',#3635,#3640);
#3635 = PLANE('',#3636);
#3636 = AXIS2_PLACEMENT_3D('',#3637,#3638,#3639);
#3637 = CARTESIAN_POINT('',(-315.,-160.,490.));
#3638 = DIRECTION('',(0.,0.,1.));
#3639 = DIRECTION('',(1.,0.,-0.));
#3640 = DEFINITIONAL_REPRESENTATION('',(#3641),#3645);
#3641 = ELLIPSE('',#3642,18.043287235919,11.1);
#3642 = AXIS2_PLACEMENT_2D('',#3643,#3644);
#3643 = CARTESIAN_POINT('',(16.237193517649,224.));
#3644 = DIRECTION('',(-1.,0.));
#3645 = ( GEOMETRIC_REPRESENTATION_CONTEXT(2) 
PARAMETRIC_REPRESENTATION_CONTEXT() REPRESENTATION_CONTEXT('2D SPACE',''
  ) );
#3646 = ORIENTED_EDGE('',*,*,#3647,.F.);
#3647 = EDGE_CURVE('',#3372,#3606,#3648,.T.);
#3648 = SURFACE_CURVE('',#3649,(#3654,#3665),.PCURVE_S1.);
#3649 = ELLIPSE('',#3650,14.079486227004,11.1);
#3650 = AXIS2_PLACEMENT_3D('',#3651,#3652,#3653);
#3651 = CARTESIAN_POINT('',(-315.,64.,502.67016034871));
#3652 = DIRECTION('',(1.,0.,-0.));
#3653 = DIRECTION('',(0.,0.,1.));
#3654 = PCURVE('',#1931,#3655);
#3655 = DEFINITIONAL_REPRESENTATION('',(#3656),#3664);
#3656 = B_SPLINE_CURVE_WITH_KNOTS('',6,(#3657,#3658,#3659,#3660,#3661,
    #3662,#3663),.UNSPECIFIED.,.F.,.F.,(7,7),(2.512834791995,
    3.14159265359),.PIECEWISE_BEZIER_KNOTS.);
#3657 = CARTESIAN_POINT('',(0.628757861594,347.46821115002));
#3658 = CARTESIAN_POINT('',(0.523964884662,346.93437561748));
#3659 = CARTESIAN_POINT('',(0.41917190773,346.49285232543));
#3660 = CARTESIAN_POINT('',(0.314378930797,346.15419252778));
#3661 = CARTESIAN_POINT('',(0.209585953865,345.92591100595));
#3662 = CARTESIAN_POINT('',(0.104792976932,345.81177062659));
#3663 = CARTESIAN_POINT('',(0.,345.81177062659));
#3664 = ( GEOMETRIC_REPRESENTATION_CONTEXT(2) 
PARAMETRIC_REPRESENTATION_CONTEXT() REPRESENTATION_CONTEXT('2D SPACE',''
  ) );
#3665 = PCURVE('',#3516,#3666);
#3666 = DEFINITIONAL_REPRESENTATION('',(#3667),#3671);
#3667 = ELLIPSE('',#3668,14.079486227004,11.1);
#3668 = AXIS2_PLACEMENT_2D('',#3669,#3670);
#3669 = CARTESIAN_POINT('',(12.670160348711,-224.));
#3670 = DIRECTION('',(1.,0.));
#3671 = ( GEOMETRIC_REPRESENTATION_CONTEXT(2) 
PARAMETRIC_REPRESENTATION_CONTEXT() REPRESENTATION_CONTEXT('2D SPACE',''
  ) );
#3672 = ADVANCED_FACE('',(#3673),#1957,.F.);
#3673 = FACE_BOUND('',#3674,.F.);
#3674 = EDGE_LOOP('',(#3675,#3676,#3677,#3678,#3702,#3724));
#3675 = ORIENTED_EDGE('',*,*,#3448,.T.);
#3676 = ORIENTED_EDGE('',*,*,#3423,.T.);
#3677 = ORIENTED_EDGE('',*,*,#1942,.T.);
#3678 = ORIENTED_EDGE('',*,*,#3679,.F.);
#3679 = EDGE_CURVE('',#3680,#1943,#3682,.T.);
#3680 = VERTEX_POINT('',#3681);
#3681 = CARTESIAN_POINT('',(-41.3842569121,64.,277.11309649617));
#3682 = SURFACE_CURVE('',#3683,(#3688,#3695),.PCURVE_S1.);
#3683 = CIRCLE('',#3684,9.5);
#3684 = AXIS2_PLACEMENT_3D('',#3685,#3686,#3687);
#3685 = CARTESIAN_POINT('',(-35.53997817169,64.,284.60271638001));
#3686 = DIRECTION('',(-0.788381040404,0.,0.615187235833));
#3687 = DIRECTION('',(-0.615187235833,0.,-0.788381040404));
#3688 = PCURVE('',#1957,#3689);
#3689 = DEFINITIONAL_REPRESENTATION('',(#3690),#3694);
#3690 = CIRCLE('',#3691,9.5);
#3691 = AXIS2_PLACEMENT_2D('',#3692,#3693);
#3692 = CARTESIAN_POINT('',(0.,0.));
#3693 = DIRECTION('',(1.,0.));
#3694 = ( GEOMETRIC_REPRESENTATION_CONTEXT(2) 
PARAMETRIC_REPRESENTATION_CONTEXT() REPRESENTATION_CONTEXT('2D SPACE',''
  ) );
#3695 = PCURVE('',#1983,#3696);
#3696 = DEFINITIONAL_REPRESENTATION('',(#3697),#3701);
#3697 = LINE('',#3698,#3699);
#3698 = CARTESIAN_POINT('',(0.,0.));
#3699 = VECTOR('',#3700,1.);
#3700 = DIRECTION('',(1.,0.));
#3701 = ( GEOMETRIC_REPRESENTATION_CONTEXT(2) 
PARAMETRIC_REPRESENTATION_CONTEXT() REPRESENTATION_CONTEXT('2D SPACE',''
  ) );
#3702 = ORIENTED_EDGE('',*,*,#3703,.F.);
#3703 = EDGE_CURVE('',#2023,#3680,#3704,.T.);
#3704 = SURFACE_CURVE('',#3705,(#3710,#3717),.PCURVE_S1.);
#3705 = CIRCLE('',#3706,9.5);
#3706 = AXIS2_PLACEMENT_3D('',#3707,#3708,#3709);
#3707 = CARTESIAN_POINT('',(-35.53997817169,64.,284.60271638001));
#3708 = DIRECTION('',(-0.788381040404,0.,0.615187235833));
#3709 = DIRECTION('',(-0.615187235833,0.,-0.788381040404));
#3710 = PCURVE('',#1957,#3711);
#3711 = DEFINITIONAL_REPRESENTATION('',(#3712),#3716);
#3712 = CIRCLE('',#3713,9.5);
#3713 = AXIS2_PLACEMENT_2D('',#3714,#3715);
#3714 = CARTESIAN_POINT('',(0.,0.));
#3715 = DIRECTION('',(1.,0.));
#3716 = ( GEOMETRIC_REPRESENTATION_CONTEXT(2) 
PARAMETRIC_REPRESENTATION_CONTEXT() REPRESENTATION_CONTEXT('2D SPACE',''
  ) );
#3717 = PCURVE('',#1983,#3718);
#3718 = DEFINITIONAL_REPRESENTATION('',(#3719),#3723);
#3719 = LINE('',#3720,#3721);
#3720 = CARTESIAN_POINT('',(0.,0.));
#3721 = VECTOR('',#3722,1.);
#3722 = DIRECTION('',(1.,0.));
#3723 = ( GEOMETRIC_REPRESENTATION_CONTEXT(2) 
PARAMETRIC_REPRESENTATION_CONTEXT() REPRESENTATION_CONTEXT('2D SPACE',''
  ) );
#3724 = ORIENTED_EDGE('',*,*,#2043,.T.);
#3725 = ADVANCED_FACE('',(#3726),#1983,.F.);
#3726 = FACE_BOUND('',#3727,.F.);
#3727 = EDGE_LOOP('',(#3728,#3751,#3814,#3849,#3905,#3906,#3907,#3908,
    #3935,#3936));
#3728 = ORIENTED_EDGE('',*,*,#3729,.T.);
#3729 = EDGE_CURVE('',#3680,#3730,#3732,.T.);
#3730 = VERTEX_POINT('',#3731);
#3731 = CARTESIAN_POINT('',(-314.2052595221,64.,490.));
#3732 = SEAM_CURVE('',#3733,(#3737,#3744),.PCURVE_S1.);
#3733 = LINE('',#3734,#3735);
#3734 = CARTESIAN_POINT('',(-41.3842569121,64.,277.11309649617));
#3735 = VECTOR('',#3736,1.);
#3736 = DIRECTION('',(-0.788381040404,2.465190328816E-32,0.615187235833)
  );
#3737 = PCURVE('',#1983,#3738);
#3738 = DEFINITIONAL_REPRESENTATION('',(#3739),#3743);
#3739 = LINE('',#3740,#3741);
#3740 = CARTESIAN_POINT('',(6.28318530718,-0.));
#3741 = VECTOR('',#3742,1.);
#3742 = DIRECTION('',(0.,1.));
#3743 = ( GEOMETRIC_REPRESENTATION_CONTEXT(2) 
PARAMETRIC_REPRESENTATION_CONTEXT() REPRESENTATION_CONTEXT('2D SPACE',''
  ) );
#3744 = PCURVE('',#1983,#3745);
#3745 = DEFINITIONAL_REPRESENTATION('',(#3746),#3750);
#3746 = LINE('',#3747,#3748);
#3747 = CARTESIAN_POINT('',(0.,-0.));
#3748 = VECTOR('',#3749,1.);
#3749 = DIRECTION('',(0.,1.));
#3750 = ( GEOMETRIC_REPRESENTATION_CONTEXT(2) 
PARAMETRIC_REPRESENTATION_CONTEXT() REPRESENTATION_CONTEXT('2D SPACE',''
  ) );
#3751 = ORIENTED_EDGE('',*,*,#3752,.F.);
#3752 = EDGE_CURVE('',#3753,#3730,#3755,.T.);
#3753 = VERTEX_POINT('',#3754);
#3754 = CARTESIAN_POINT('',(-285.,68.308705419219,490.));
#3755 = SURFACE_CURVE('',#3756,(#3761,#3802),.PCURVE_S1.);
#3756 = ELLIPSE('',#3757,15.442453039751,9.5);
#3757 = AXIS2_PLACEMENT_3D('',#3758,#3759,#3760);
#3758 = CARTESIAN_POINT('',(-298.7628064823,64.,490.));
#3759 = DIRECTION('',(0.,0.,1.));
#3760 = DIRECTION('',(-1.,0.,0.));
#3761 = PCURVE('',#1983,#3762);
#3762 = DEFINITIONAL_REPRESENTATION('',(#3763),#3801);
#3763 = B_SPLINE_CURVE_WITH_KNOTS('',8,(#3764,#3765,#3766,#3767,#3768,
    #3769,#3770,#3771,#3772,#3773,#3774,#3775,#3776,#3777,#3778,#3779,
    #3780,#3781,#3782,#3783,#3784,#3785,#3786,#3787,#3788,#3789,#3790,
    #3791,#3792,#3793,#3794,#3795,#3796,#3797,#3798,#3799,#3800),
  .UNSPECIFIED.,.F.,.F.,(9,7,7,7,7,9),(0.,1.570796326795,2.748893571891,
    4.516039439535,5.399612373357,6.28318530718),.UNSPECIFIED.);
#3764 = CARTESIAN_POINT('',(0.,346.05221159323));
#3765 = CARTESIAN_POINT('',(0.196349540849,346.05221159323));
#3766 = CARTESIAN_POINT('',(0.392699081697,345.5157920368));
#3767 = CARTESIAN_POINT('',(0.589048622553,344.44295748265));
#3768 = CARTESIAN_POINT('',(0.785398163389,342.87780755083));
#3769 = CARTESIAN_POINT('',(0.981747704251,340.90863107913));
#3770 = CARTESIAN_POINT('',(1.178097245095,338.6586045426));
#3771 = CARTESIAN_POINT('',(1.374446785946,336.26813918743));
#3772 = CARTESIAN_POINT('',(1.718058482432,332.08482580831));
#3773 = CARTESIAN_POINT('',(1.865320638069,330.29197787338));
#3774 = CARTESIAN_POINT('',(2.012582793706,328.55837192044));
#3775 = CARTESIAN_POINT('',(2.159844949344,326.9432657494));
#3776 = CARTESIAN_POINT('',(2.307107104981,325.50177608284));
#3777 = CARTESIAN_POINT('',(2.454369260617,324.28082377269));
#3778 = CARTESIAN_POINT('',(2.601631416254,323.31596212069));
#3779 = CARTESIAN_POINT('',(2.969786805347,321.60072848935));
#3780 = CARTESIAN_POINT('',(3.190680038803,321.19881599128));
#3781 = CARTESIAN_POINT('',(3.41157327224,321.50064228184));
#3782 = CARTESIAN_POINT('',(3.632466505711,322.51746863964));
#3783 = CARTESIAN_POINT('',(3.853359739158,324.1832051184));
#3784 = CARTESIAN_POINT('',(4.074252972624,326.35978821193));
#3785 = CARTESIAN_POINT('',(4.29514620608,328.86494075567));
#3786 = CARTESIAN_POINT('',(4.626486056263,332.82133964889));
#3787 = CARTESIAN_POINT('',(4.73693267299,334.17325121908));
#3788 = CARTESIAN_POINT('',(4.84737928972,335.53376089225));
#3789 = CARTESIAN_POINT('',(4.957825906446,336.87749252159));
#3790 = CARTESIAN_POINT('',(5.068272523172,338.17916617792));
#3791 = CARTESIAN_POINT('',(5.178719139903,339.41460969551));
#3792 = CARTESIAN_POINT('',(5.28916575663,340.56170100632));
#3793 = CARTESIAN_POINT('',(5.510058990085,342.64053705959));
#3794 = CARTESIAN_POINT('',(5.620505606813,343.57228172371));
#3795 = CARTESIAN_POINT('',(5.730952223543,344.37703296219));
#3796 = CARTESIAN_POINT('',(5.84139884027,345.03826974082));
#3797 = CARTESIAN_POINT('',(5.951845456996,345.54303302689));
#3798 = CARTESIAN_POINT('',(6.062292073725,345.882485138));
#3799 = CARTESIAN_POINT('',(6.172738690452,346.05221159323));
#3800 = CARTESIAN_POINT('',(6.28318530718,346.05221159323));
#3801 = ( GEOMETRIC_REPRESENTATION_CONTEXT(2) 
PARAMETRIC_REPRESENTATION_CONTEXT() REPRESENTATION_CONTEXT('2D SPACE',''
  ) );
#3802 = PCURVE('',#3803,#3808);
#3803 = PLANE('',#3804);
#3804 = AXIS2_PLACEMENT_3D('',#3805,#3806,#3807);
#3805 = CARTESIAN_POINT('',(-315.,-160.,490.));
#3806 = DIRECTION('',(0.,0.,1.));
#3807 = DIRECTION('',(1.,0.,-0.));
#3808 = DEFINITIONAL_REPRESENTATION('',(#3809),#3813);
#3809 = ELLIPSE('',#3810,15.442453039751,9.5);
#3810 = AXIS2_PLACEMENT_2D('',#3811,#3812);
#3811 = CARTESIAN_POINT('',(16.237193517649,224.));
#3812 = DIRECTION('',(-1.,0.));
#3813 = ( GEOMETRIC_REPRESENTATION_CONTEXT(2) 
PARAMETRIC_REPRESENTATION_CONTEXT() REPRESENTATION_CONTEXT('2D SPACE',''
  ) );
#3814 = ORIENTED_EDGE('',*,*,#3815,.T.);
#3815 = EDGE_CURVE('',#3753,#3816,#3818,.T.);
#3816 = VERTEX_POINT('',#3817);
#3817 = CARTESIAN_POINT('',(-285.,59.691294580781,490.));
#3818 = SURFACE_CURVE('',#3819,(#3824,#3837),.PCURVE_S1.);
#3819 = ELLIPSE('',#3820,12.050010734823,9.5);
#3820 = AXIS2_PLACEMENT_3D('',#3821,#3822,#3823);
#3821 = CARTESIAN_POINT('',(-285.,64.,479.26064625699));
#3822 = DIRECTION('',(1.,0.,-0.));
#3823 = DIRECTION('',(0.,0.,1.));
#3824 = PCURVE('',#1983,#3825);
#3825 = DEFINITIONAL_REPRESENTATION('',(#3826),#3836);
#3826 = B_SPLINE_CURVE_WITH_KNOTS('',8,(#3827,#3828,#3829,#3830,#3831,
    #3832,#3833,#3834,#3835),.UNSPECIFIED.,.F.,.F.,(9,9),(5.409844460932
    ,7.156526153427),.PIECEWISE_BEZIER_KNOTS.);
#3827 = CARTESIAN_POINT('',(4.014933499837,321.18177699843));
#3828 = CARTESIAN_POINT('',(3.796598288275,322.42233979868));
#3829 = CARTESIAN_POINT('',(3.578263076712,323.40351368655));
#3830 = CARTESIAN_POINT('',(3.359927865142,324.03518287115));
#3831 = CARTESIAN_POINT('',(3.141592653588,324.25361612252));
#3832 = CARTESIAN_POINT('',(2.923257442009,324.03518287069));
#3833 = CARTESIAN_POINT('',(2.704922230467,323.40351368679));
#3834 = CARTESIAN_POINT('',(2.486587018904,322.42233979868));
#3835 = CARTESIAN_POINT('',(2.268251807343,321.18177699843));
#3836 = ( GEOMETRIC_REPRESENTATION_CONTEXT(2) 
PARAMETRIC_REPRESENTATION_CONTEXT() REPRESENTATION_CONTEXT('2D SPACE',''
  ) );
#3837 = PCURVE('',#3838,#3843);
#3838 = PLANE('',#3839);
#3839 = AXIS2_PLACEMENT_3D('',#3840,#3841,#3842);
#3840 = CARTESIAN_POINT('',(-285.,-160.,490.));
#3841 = DIRECTION('',(1.,0.,-0.));
#3842 = DIRECTION('',(0.,0.,1.));
#3843 = DEFINITIONAL_REPRESENTATION('',(#3844),#3848);
#3844 = ELLIPSE('',#3845,12.050010734823,9.5);
#3845 = AXIS2_PLACEMENT_2D('',#3846,#3847);
#3846 = CARTESIAN_POINT('',(-10.739353743,-224.));
#3847 = DIRECTION('',(1.,0.));
#3848 = ( GEOMETRIC_REPRESENTATION_CONTEXT(2) 
PARAMETRIC_REPRESENTATION_CONTEXT() REPRESENTATION_CONTEXT('2D SPACE',''
  ) );
#3849 = ORIENTED_EDGE('',*,*,#3850,.F.);
#3850 = EDGE_CURVE('',#3730,#3816,#3851,.T.);
#3851 = SURFACE_CURVE('',#3852,(#3857,#3898),.PCURVE_S1.);
#3852 = ELLIPSE('',#3853,15.442453039751,9.5);
#3853 = AXIS2_PLACEMENT_3D('',#3854,#3855,#3856);
#3854 = CARTESIAN_POINT('',(-298.7628064823,64.,490.));
#3855 = DIRECTION('',(0.,0.,1.));
#3856 = DIRECTION('',(-1.,0.,0.));
#3857 = PCURVE('',#1983,#3858);
#3858 = DEFINITIONAL_REPRESENTATION('',(#3859),#3897);
#3859 = B_SPLINE_CURVE_WITH_KNOTS('',8,(#3860,#3861,#3862,#3863,#3864,
    #3865,#3866,#3867,#3868,#3869,#3870,#3871,#3872,#3873,#3874,#3875,
    #3876,#3877,#3878,#3879,#3880,#3881,#3882,#3883,#3884,#3885,#3886,
    #3887,#3888,#3889,#3890,#3891,#3892,#3893,#3894,#3895,#3896),
  .UNSPECIFIED.,.F.,.F.,(9,7,7,7,7,9),(0.,1.570796326795,2.748893571891,
    4.516039439535,5.399612373357,6.28318530718),.UNSPECIFIED.);
#3860 = CARTESIAN_POINT('',(0.,346.05221159323));
#3861 = CARTESIAN_POINT('',(0.196349540849,346.05221159323));
#3862 = CARTESIAN_POINT('',(0.392699081697,345.5157920368));
#3863 = CARTESIAN_POINT('',(0.589048622553,344.44295748265));
#3864 = CARTESIAN_POINT('',(0.785398163389,342.87780755083));
#3865 = CARTESIAN_POINT('',(0.981747704251,340.90863107913));
#3866 = CARTESIAN_POINT('',(1.178097245095,338.6586045426));
#3867 = CARTESIAN_POINT('',(1.374446785946,336.26813918743));
#3868 = CARTESIAN_POINT('',(1.718058482432,332.08482580831));
#3869 = CARTESIAN_POINT('',(1.865320638069,330.29197787338));
#3870 = CARTESIAN_POINT('',(2.012582793706,328.55837192044));
#3871 = CARTESIAN_POINT('',(2.159844949344,326.9432657494));
#3872 = CARTESIAN_POINT('',(2.307107104981,325.50177608284));
#3873 = CARTESIAN_POINT('',(2.454369260617,324.28082377269));
#3874 = CARTESIAN_POINT('',(2.601631416254,323.31596212069));
#3875 = CARTESIAN_POINT('',(2.969786805347,321.60072848935));
#3876 = CARTESIAN_POINT('',(3.190680038803,321.19881599128));
#3877 = CARTESIAN_POINT('',(3.41157327224,321.50064228184));
#3878 = CARTESIAN_POINT('',(3.632466505711,322.51746863964));
#3879 = CARTESIAN_POINT('',(3.853359739158,324.1832051184));
#3880 = CARTESIAN_POINT('',(4.074252972624,326.35978821193));
#3881 = CARTESIAN_POINT('',(4.29514620608,328.86494075567));
#3882 = CARTESIAN_POINT('',(4.626486056263,332.82133964889));
#3883 = CARTESIAN_POINT('',(4.73693267299,334.17325121908));
#3884 = CARTESIAN_POINT('',(4.84737928972,335.53376089225));
#3885 = CARTESIAN_POINT('',(4.957825906446,336.87749252159));
#3886 = CARTESIAN_POINT('',(5.068272523172,338.17916617792));
#3887 = CARTESIAN_POINT('',(5.178719139903,339.41460969551));
#3888 = CARTESIAN_POINT('',(5.28916575663,340.56170100632));
#3889 = CARTESIAN_POINT('',(5.510058990085,342.64053705959));
#3890 = CARTESIAN_POINT('',(5.620505606813,343.57228172371));
#3891 = CARTESIAN_POINT('',(5.730952223543,344.37703296219));
#3892 = CARTESIAN_POINT('',(5.84139884027,345.03826974082));
#3893 = CARTESIAN_POINT('',(5.951845456996,345.54303302689));
#3894 = CARTESIAN_POINT('',(6.062292073725,345.882485138));
#3895 = CARTESIAN_POINT('',(6.172738690452,346.05221159323));
#3896 = CARTESIAN_POINT('',(6.28318530718,346.05221159323));
#3897 = ( GEOMETRIC_REPRESENTATION_CONTEXT(2) 
PARAMETRIC_REPRESENTATION_CONTEXT() REPRESENTATION_CONTEXT('2D SPACE',''
  ) );
#3898 = PCURVE('',#3803,#3899);
#3899 = DEFINITIONAL_REPRESENTATION('',(#3900),#3904);
#3900 = ELLIPSE('',#3901,15.442453039751,9.5);
#3901 = AXIS2_PLACEMENT_2D('',#3902,#3903);
#3902 = CARTESIAN_POINT('',(16.237193517649,224.));
#3903 = DIRECTION('',(-1.,0.));
#3904 = ( GEOMETRIC_REPRESENTATION_CONTEXT(2) 
PARAMETRIC_REPRESENTATION_CONTEXT() REPRESENTATION_CONTEXT('2D SPACE',''
  ) );
#3905 = ORIENTED_EDGE('',*,*,#3729,.F.);
#3906 = ORIENTED_EDGE('',*,*,#3679,.T.);
#3907 = ORIENTED_EDGE('',*,*,#1968,.T.);
#3908 = ORIENTED_EDGE('',*,*,#3909,.F.);
#3909 = EDGE_CURVE('',#1995,#1969,#3910,.T.);
#3910 = SURFACE_CURVE('',#3911,(#3916,#3928),.PCURVE_S1.);
#3911 = ELLIPSE('',#3912,10.841284278879,9.5);
#3912 = AXIS2_PLACEMENT_3D('',#3913,#3914,#3915);
#3913 = CARTESIAN_POINT('',(-44.42917586043,64.,291.5391096653));
#3914 = DIRECTION('',(0.987241120713,0.,-0.159232438825));
#3915 = DIRECTION('',(0.159232438825,0.,0.987241120713));
#3916 = PCURVE('',#1983,#3917);
#3917 = DEFINITIONAL_REPRESENTATION('',(#3918),#3927);
#3918 = B_SPLINE_CURVE_WITH_KNOTS('',7,(#3919,#3920,#3921,#3922,#3923,
    #3924,#3925,#3926),.UNSPECIFIED.,.F.,.F.,(8,8),(1.107841598855,
    2.033751054735),.PIECEWISE_BEZIER_KNOTS.);
#3919 = CARTESIAN_POINT('',(2.033751054735,13.607973579832));
#3920 = CARTESIAN_POINT('',(1.901478275324,12.989792937355));
#3921 = CARTESIAN_POINT('',(1.769205495912,12.323996610429));
#3922 = CARTESIAN_POINT('',(1.636932716501,11.628250353594));
#3923 = CARTESIAN_POINT('',(1.504659937088,10.922260714466));
#3924 = CARTESIAN_POINT('',(1.372387157678,10.226514457636));
#3925 = CARTESIAN_POINT('',(1.240114378266,9.560718130709));
#3926 = CARTESIAN_POINT('',(1.107841598855,8.942537488232));
#3927 = ( GEOMETRIC_REPRESENTATION_CONTEXT(2) 
PARAMETRIC_REPRESENTATION_CONTEXT() REPRESENTATION_CONTEXT('2D SPACE',''
  ) );
#3928 = PCURVE('',#2010,#3929);
#3929 = DEFINITIONAL_REPRESENTATION('',(#3930),#3934);
#3930 = ELLIPSE('',#3931,10.841284278879,9.5);
#3931 = AXIS2_PLACEMENT_2D('',#3932,#3933);
#3932 = CARTESIAN_POINT('',(34.985485248397,-14.));
#3933 = DIRECTION('',(1.,0.));
#3934 = ( GEOMETRIC_REPRESENTATION_CONTEXT(2) 
PARAMETRIC_REPRESENTATION_CONTEXT() REPRESENTATION_CONTEXT('2D SPACE',''
  ) );
#3935 = ORIENTED_EDGE('',*,*,#2022,.F.);
#3936 = ORIENTED_EDGE('',*,*,#3703,.T.);
#3937 = ADVANCED_FACE('',(#3938),#2010,.F.);
#3938 = FACE_BOUND('',#3939,.F.);
#3939 = EDGE_LOOP('',(#3940,#3941));
#3940 = ORIENTED_EDGE('',*,*,#3909,.T.);
#3941 = ORIENTED_EDGE('',*,*,#1994,.T.);
#3942 = ADVANCED_FACE('',(#3943),#1876,.F.);
#3943 = FACE_BOUND('',#3944,.F.);
#3944 = EDGE_LOOP('',(#3945,#3946,#3947,#3948));
#3945 = ORIENTED_EDGE('',*,*,#2968,.T.);
#3946 = ORIENTED_EDGE('',*,*,#1860,.T.);
#3947 = ORIENTED_EDGE('',*,*,#3315,.F.);
#3948 = ORIENTED_EDGE('',*,*,#3949,.F.);
#3949 = EDGE_CURVE('',#2969,#3293,#3950,.T.);
#3950 = SURFACE_CURVE('',#3951,(#3955,#3962),.PCURVE_S1.);
#3951 = LINE('',#3952,#3953);
#3952 = CARTESIAN_POINT('',(-35.,50.,227.));
#3953 = VECTOR('',#3954,1.);
#3954 = DIRECTION('',(-0.4472135955,0.,0.894427191));
#3955 = PCURVE('',#1876,#3956);
#3956 = DEFINITIONAL_REPRESENTATION('',(#3957),#3961);
#3957 = LINE('',#3958,#3959);
#3958 = CARTESIAN_POINT('',(0.,0.));
#3959 = VECTOR('',#3960,1.);
#3960 = DIRECTION('',(1.,0.));
#3961 = ( GEOMETRIC_REPRESENTATION_CONTEXT(2) 
PARAMETRIC_REPRESENTATION_CONTEXT() REPRESENTATION_CONTEXT('2D SPACE',''
  ) );
#3962 = PCURVE('',#2411,#3963);
#3963 = DEFINITIONAL_REPRESENTATION('',(#3964),#3968);
#3964 = LINE('',#3965,#3966);
#3965 = CARTESIAN_POINT('',(-42.6548181198,-35.));
#3966 = VECTOR('',#3967,1.);
#3967 = DIRECTION('',(0.894427191,-0.4472135955));
#3968 = ( GEOMETRIC_REPRESENTATION_CONTEXT(2) 
PARAMETRIC_REPRESENTATION_CONTEXT() REPRESENTATION_CONTEXT('2D SPACE',''
  ) );
#3969 = ADVANCED_FACE('',(#3970),#2411,.F.);
#3970 = FACE_BOUND('',#3971,.F.);
#3971 = EDGE_LOOP('',(#3972,#3973,#3974,#3975,#3976,#3977,#3978,#3979,
    #3980,#3981));
#3972 = ORIENTED_EDGE('',*,*,#3292,.T.);
#3973 = ORIENTED_EDGE('',*,*,#3268,.T.);
#3974 = ORIENTED_EDGE('',*,*,#2393,.T.);
#3975 = ORIENTED_EDGE('',*,*,#3214,.T.);
#3976 = ORIENTED_EDGE('',*,*,#3187,.T.);
#3977 = ORIENTED_EDGE('',*,*,#3138,.T.);
#3978 = ORIENTED_EDGE('',*,*,#3089,.T.);
#3979 = ORIENTED_EDGE('',*,*,#3040,.T.);
#3980 = ORIENTED_EDGE('',*,*,#2991,.T.);
#3981 = ORIENTED_EDGE('',*,*,#3949,.T.);
#3982 = ADVANCED_FACE('',(#3983),#2519,.F.);
#3983 = FACE_BOUND('',#3984,.F.);
#3984 = EDGE_LOOP('',(#3985,#4020,#4041,#4042,#4043,#4071));
#3985 = ORIENTED_EDGE('',*,*,#3986,.F.);
#3986 = EDGE_CURVE('',#3987,#3989,#3991,.T.);
#3987 = VERTEX_POINT('',#3988);
#3988 = CARTESIAN_POINT('',(285.,-64.,491.31065699181));
#3989 = VERTEX_POINT('',#3990);
#3990 = CARTESIAN_POINT('',(285.,-68.30870541921,490.));
#3991 = SURFACE_CURVE('',#3992,(#3997,#4008),.PCURVE_S1.);
#3992 = ELLIPSE('',#3993,12.050010734823,9.5);
#3993 = AXIS2_PLACEMENT_3D('',#3994,#3995,#3996);
#3994 = CARTESIAN_POINT('',(285.,-64.,479.26064625699));
#3995 = DIRECTION('',(1.,0.,-0.));
#3996 = DIRECTION('',(0.,0.,1.));
#3997 = PCURVE('',#2519,#3998);
#3998 = DEFINITIONAL_REPRESENTATION('',(#3999),#4007);
#3999 = B_SPLINE_CURVE_WITH_KNOTS('',6,(#4000,#4001,#4002,#4003,#4004,
    #4005,#4006),.UNSPECIFIED.,.F.,.F.,(7,7),(0.,0.873340846247),
  .PIECEWISE_BEZIER_KNOTS.);
#4000 = CARTESIAN_POINT('',(0.,323.83363815785));
#4001 = CARTESIAN_POINT('',(0.145556807708,323.83363815785));
#4002 = CARTESIAN_POINT('',(0.291113615416,323.64516994156));
#4003 = CARTESIAN_POINT('',(0.436670423124,323.26822460132));
#4004 = CARTESIAN_POINT('',(0.582227230831,322.71481103785));
#4005 = CARTESIAN_POINT('',(0.727784038539,322.00881886526));
#4006 = CARTESIAN_POINT('',(0.873340846247,321.18177699843));
#4007 = ( GEOMETRIC_REPRESENTATION_CONTEXT(2) 
PARAMETRIC_REPRESENTATION_CONTEXT() REPRESENTATION_CONTEXT('2D SPACE',''
  ) );
#4008 = PCURVE('',#4009,#4014);
#4009 = PLANE('',#4010);
#4010 = AXIS2_PLACEMENT_3D('',#4011,#4012,#4013);
#4011 = CARTESIAN_POINT('',(285.,-160.,490.));
#4012 = DIRECTION('',(1.,0.,-0.));
#4013 = DIRECTION('',(0.,0.,1.));
#4014 = DEFINITIONAL_REPRESENTATION('',(#4015),#4019);
#4015 = ELLIPSE('',#4016,12.050010734823,9.5);
#4016 = AXIS2_PLACEMENT_2D('',#4017,#4018);
#4017 = CARTESIAN_POINT('',(-10.739353743,-96.));
#4018 = DIRECTION('',(1.,0.));
#4019 = ( GEOMETRIC_REPRESENTATION_CONTEXT(2) 
PARAMETRIC_REPRESENTATION_CONTEXT() REPRESENTATION_CONTEXT('2D SPACE',''
  ) );
#4020 = ORIENTED_EDGE('',*,*,#4021,.F.);
#4021 = EDGE_CURVE('',#2503,#3987,#4022,.T.);
#4022 = SEAM_CURVE('',#4023,(#4027,#4034),.PCURVE_S1.);
#4023 = LINE('',#4024,#4025);
#4024 = CARTESIAN_POINT('',(29.695699431283,-64.,292.09233626385));
#4025 = VECTOR('',#4026,1.);
#4026 = DIRECTION('',(0.788381040404,-2.465190328816E-32,0.615187235833)
  );
#4027 = PCURVE('',#2519,#4028);
#4028 = DEFINITIONAL_REPRESENTATION('',(#4029),#4033);
#4029 = LINE('',#4030,#4031);
#4030 = CARTESIAN_POINT('',(6.28318530718,-0.));
#4031 = VECTOR('',#4032,1.);
#4032 = DIRECTION('',(0.,1.));
#4033 = ( GEOMETRIC_REPRESENTATION_CONTEXT(2) 
PARAMETRIC_REPRESENTATION_CONTEXT() REPRESENTATION_CONTEXT('2D SPACE',''
  ) );
#4034 = PCURVE('',#2519,#4035);
#4035 = DEFINITIONAL_REPRESENTATION('',(#4036),#4040);
#4036 = LINE('',#4037,#4038);
#4037 = CARTESIAN_POINT('',(0.,-0.));
#4038 = VECTOR('',#4039,1.);
#4039 = DIRECTION('',(0.,1.));
#4040 = ( GEOMETRIC_REPRESENTATION_CONTEXT(2) 
PARAMETRIC_REPRESENTATION_CONTEXT() REPRESENTATION_CONTEXT('2D SPACE',''
  ) );
#4041 = ORIENTED_EDGE('',*,*,#2502,.T.);
#4042 = ORIENTED_EDGE('',*,*,#4021,.T.);
#4043 = ORIENTED_EDGE('',*,*,#4044,.F.);
#4044 = EDGE_CURVE('',#4045,#3987,#4047,.T.);
#4045 = VERTEX_POINT('',#4046);
#4046 = CARTESIAN_POINT('',(285.,-59.69129458078,490.));
#4047 = SURFACE_CURVE('',#4048,(#4053,#4064),.PCURVE_S1.);
#4048 = ELLIPSE('',#4049,12.050010734823,9.5);
#4049 = AXIS2_PLACEMENT_3D('',#4050,#4051,#4052);
#4050 = CARTESIAN_POINT('',(285.,-64.,479.26064625699));
#4051 = DIRECTION('',(1.,0.,-0.));
#4052 = DIRECTION('',(0.,0.,1.));
#4053 = PCURVE('',#2519,#4054);
#4054 = DEFINITIONAL_REPRESENTATION('',(#4055),#4063);
#4055 = B_SPLINE_CURVE_WITH_KNOTS('',6,(#4056,#4057,#4058,#4059,#4060,
    #4061,#4062),.UNSPECIFIED.,.F.,.F.,(7,7),(5.409844460932,
    6.28318530718),.PIECEWISE_BEZIER_KNOTS.);
#4056 = CARTESIAN_POINT('',(5.409844460932,321.18177699843));
#4057 = CARTESIAN_POINT('',(5.55540126864,322.00881886526));
#4058 = CARTESIAN_POINT('',(5.700958076348,322.71481103785));
#4059 = CARTESIAN_POINT('',(5.846514884056,323.26822460132));
#4060 = CARTESIAN_POINT('',(5.992071691764,323.64516994156));
#4061 = CARTESIAN_POINT('',(6.137628499472,323.83363815785));
#4062 = CARTESIAN_POINT('',(6.28318530718,323.83363815785));
#4063 = ( GEOMETRIC_REPRESENTATION_CONTEXT(2) 
PARAMETRIC_REPRESENTATION_CONTEXT() REPRESENTATION_CONTEXT('2D SPACE',''
  ) );
#4064 = PCURVE('',#4009,#4065);
#4065 = DEFINITIONAL_REPRESENTATION('',(#4066),#4070);
#4066 = ELLIPSE('',#4067,12.050010734823,9.5);
#4067 = AXIS2_PLACEMENT_2D('',#4068,#4069);
#4068 = CARTESIAN_POINT('',(-10.739353743,-96.));
#4069 = DIRECTION('',(1.,0.));
#4070 = ( GEOMETRIC_REPRESENTATION_CONTEXT(2) 
PARAMETRIC_REPRESENTATION_CONTEXT() REPRESENTATION_CONTEXT('2D SPACE',''
  ) );
#4071 = ORIENTED_EDGE('',*,*,#4072,.F.);
#4072 = EDGE_CURVE('',#3989,#4045,#4073,.T.);
#4073 = SURFACE_CURVE('',#4074,(#4079,#4120),.PCURVE_S1.);
#4074 = ELLIPSE('',#4075,15.442453039751,9.5);
#4075 = AXIS2_PLACEMENT_3D('',#4076,#4077,#4078);
#4076 = CARTESIAN_POINT('',(298.76280648235,-64.,490.));
#4077 = DIRECTION('',(0.,0.,1.));
#4078 = DIRECTION('',(1.,0.,-0.));
#4079 = PCURVE('',#2519,#4080);
#4080 = DEFINITIONAL_REPRESENTATION('',(#4081),#4119);
#4081 = B_SPLINE_CURVE_WITH_KNOTS('',8,(#4082,#4083,#4084,#4085,#4086,
    #4087,#4088,#4089,#4090,#4091,#4092,#4093,#4094,#4095,#4096,#4097,
    #4098,#4099,#4100,#4101,#4102,#4103,#4104,#4105,#4106,#4107,#4108,
    #4109,#4110,#4111,#4112,#4113,#4114,#4115,#4116,#4117,#4118),
  .UNSPECIFIED.,.F.,.F.,(9,7,7,7,7,9),(3.14159265359,4.712388980385,
    5.890486225481,7.657632093125,8.541205026947,9.424777960769),
  .UNSPECIFIED.);
#4082 = CARTESIAN_POINT('',(0.,321.70313720549));
#4083 = CARTESIAN_POINT('',(0.196349540849,321.70313720549));
#4084 = CARTESIAN_POINT('',(0.392699081698,322.23955676175));
#4085 = CARTESIAN_POINT('',(0.589048622549,323.31239131605));
#4086 = CARTESIAN_POINT('',(0.785398163391,324.87754124542));
#4087 = CARTESIAN_POINT('',(0.981747704246,326.84671771898));
#4088 = CARTESIAN_POINT('',(1.178097245095,329.09674425545));
#4089 = CARTESIAN_POINT('',(1.374446785946,331.48720961129));
#4090 = CARTESIAN_POINT('',(1.718058482432,335.67052299042));
#4091 = CARTESIAN_POINT('',(1.865320638069,337.46337092533));
#4092 = CARTESIAN_POINT('',(2.012582793707,339.19697687828));
#4093 = CARTESIAN_POINT('',(2.159844949343,340.81208304932));
#4094 = CARTESIAN_POINT('',(2.307107104979,342.25357271589));
#4095 = CARTESIAN_POINT('',(2.454369260617,343.47452502606));
#4096 = CARTESIAN_POINT('',(2.601631416254,344.43938667804));
#4097 = CARTESIAN_POINT('',(2.969786805347,346.15462030938));
#4098 = CARTESIAN_POINT('',(3.190680038802,346.55653280677));
#4099 = CARTESIAN_POINT('',(3.411573272251,346.25470651872));
#4100 = CARTESIAN_POINT('',(3.632466505711,345.23788015544));
#4101 = CARTESIAN_POINT('',(3.853359739163,343.57214368274));
#4102 = CARTESIAN_POINT('',(4.074252972624,341.39556058577));
#4103 = CARTESIAN_POINT('',(4.29514620608,338.89040804306));
#4104 = CARTESIAN_POINT('',(4.626486056263,334.93400914984));
#4105 = CARTESIAN_POINT('',(4.73693267299,333.58209757961));
#4106 = CARTESIAN_POINT('',(4.84737928972,332.22158790653));
#4107 = CARTESIAN_POINT('',(4.957825906447,330.87785627716));
#4108 = CARTESIAN_POINT('',(5.068272523174,329.57618262078));
#4109 = CARTESIAN_POINT('',(5.178719139903,328.34073910324));
#4110 = CARTESIAN_POINT('',(5.28916575663,327.19364779241));
#4111 = CARTESIAN_POINT('',(5.510058990085,325.11481173914));
#4112 = CARTESIAN_POINT('',(5.620505606813,324.18306707498));
#4113 = CARTESIAN_POINT('',(5.730952223543,323.37831583661));
#4114 = CARTESIAN_POINT('',(5.841398840271,322.71707905796));
#4115 = CARTESIAN_POINT('',(5.951845456998,322.21231577182));
#4116 = CARTESIAN_POINT('',(6.062292073725,321.87286366074));
#4117 = CARTESIAN_POINT('',(6.172738690452,321.70313720549));
#4118 = CARTESIAN_POINT('',(6.28318530718,321.70313720549));
#4119 = ( GEOMETRIC_REPRESENTATION_CONTEXT(2) 
PARAMETRIC_REPRESENTATION_CONTEXT() REPRESENTATION_CONTEXT('2D SPACE',''
  ) );
#4120 = PCURVE('',#4121,#4126);
#4121 = PLANE('',#4122);
#4122 = AXIS2_PLACEMENT_3D('',#4123,#4124,#4125);
#4123 = CARTESIAN_POINT('',(285.,-160.,490.));
#4124 = DIRECTION('',(0.,0.,1.));
#4125 = DIRECTION('',(1.,0.,-0.));
#4126 = DEFINITIONAL_REPRESENTATION('',(#4127),#4131);
#4127 = ELLIPSE('',#4128,15.442453039751,9.5);
#4128 = AXIS2_PLACEMENT_2D('',#4129,#4130);
#4129 = CARTESIAN_POINT('',(13.762806482351,96.));
#4130 = DIRECTION('',(1.,0.));
#4131 = ( GEOMETRIC_REPRESENTATION_CONTEXT(2) 
PARAMETRIC_REPRESENTATION_CONTEXT() REPRESENTATION_CONTEXT('2D SPACE',''
  ) );
#4132 = ADVANCED_FACE('',(#4133,#4136),#2551,.T.);
#4133 = FACE_BOUND('',#4134,.T.);
#4134 = EDGE_LOOP('',(#4135));
#4135 = ORIENTED_EDGE('',*,*,#2534,.T.);
#4136 = FACE_BOUND('',#4137,.T.);
#4137 = EDGE_LOOP('',(#4138));
#4138 = ORIENTED_EDGE('',*,*,#4139,.F.);
#4139 = EDGE_CURVE('',#4140,#4140,#4142,.T.);
#4140 = VERTEX_POINT('',#4141);
#4141 = CARTESIAN_POINT('',(304.,-135.,526.5));
#4142 = SURFACE_CURVE('',#4143,(#4148,#4155),.PCURVE_S1.);
#4143 = CIRCLE('',#4144,4.);
#4144 = AXIS2_PLACEMENT_3D('',#4145,#4146,#4147);
#4145 = CARTESIAN_POINT('',(300.,-135.,526.5));
#4146 = DIRECTION('',(0.,0.,1.));
#4147 = DIRECTION('',(1.,0.,-0.));
#4148 = PCURVE('',#2551,#4149);
#4149 = DEFINITIONAL_REPRESENTATION('',(#4150),#4154);
#4150 = CIRCLE('',#4151,4.);
#4151 = AXIS2_PLACEMENT_2D('',#4152,#4153);
#4152 = CARTESIAN_POINT('',(0.,0.));
#4153 = DIRECTION('',(1.,0.));
#4154 = ( GEOMETRIC_REPRESENTATION_CONTEXT(2) 
PARAMETRIC_REPRESENTATION_CONTEXT() REPRESENTATION_CONTEXT('2D SPACE',''
  ) );
#4155 = PCURVE('',#4156,#4161);
#4156 = CYLINDRICAL_SURFACE('',#4157,4.);
#4157 = AXIS2_PLACEMENT_3D('',#4158,#4159,#4160);
#4158 = CARTESIAN_POINT('',(300.,-135.,519.));
#4159 = DIRECTION('',(0.,0.,1.));
#4160 = DIRECTION('',(1.,0.,-0.));
#4161 = DEFINITIONAL_REPRESENTATION('',(#4162),#4166);
#4162 = LINE('',#4163,#4164);
#4163 = CARTESIAN_POINT('',(0.,7.5));
#4164 = VECTOR('',#4165,1.);
#4165 = DIRECTION('',(1.,0.));
#4166 = ( GEOMETRIC_REPRESENTATION_CONTEXT(2) 
PARAMETRIC_REPRESENTATION_CONTEXT() REPRESENTATION_CONTEXT('2D SPACE',''
  ) );
#4167 = ADVANCED_FACE('',(#4168,#4171),#2606,.T.);
#4168 = FACE_BOUND('',#4169,.T.);
#4169 = EDGE_LOOP('',(#4170));
#4170 = ORIENTED_EDGE('',*,*,#2589,.T.);
#4171 = FACE_BOUND('',#4172,.T.);
#4172 = EDGE_LOOP('',(#4173));
#4173 = ORIENTED_EDGE('',*,*,#4174,.F.);
#4174 = EDGE_CURVE('',#4175,#4175,#4177,.T.);
#4175 = VERTEX_POINT('',#4176);
#4176 = CARTESIAN_POINT('',(304.,135.,526.5));
#4177 = SURFACE_CURVE('',#4178,(#4183,#4190),.PCURVE_S1.);
#4178 = CIRCLE('',#4179,4.);
#4179 = AXIS2_PLACEMENT_3D('',#4180,#4181,#4182);
#4180 = CARTESIAN_POINT('',(300.,135.,526.5));
#4181 = DIRECTION('',(0.,0.,1.));
#4182 = DIRECTION('',(1.,0.,-0.));
#4183 = PCURVE('',#2606,#4184);
#4184 = DEFINITIONAL_REPRESENTATION('',(#4185),#4189);
#4185 = CIRCLE('',#4186,4.);
#4186 = AXIS2_PLACEMENT_2D('',#4187,#4188);
#4187 = CARTESIAN_POINT('',(0.,0.));
#4188 = DIRECTION('',(1.,0.));
#4189 = ( GEOMETRIC_REPRESENTATION_CONTEXT(2) 
PARAMETRIC_REPRESENTATION_CONTEXT() REPRESENTATION_CONTEXT('2D SPACE',''
  ) );
#4190 = PCURVE('',#4191,#4196);
#4191 = CYLINDRICAL_SURFACE('',#4192,4.);
#4192 = AXIS2_PLACEMENT_3D('',#4193,#4194,#4195);
#4193 = CARTESIAN_POINT('',(300.,135.,519.));
#4194 = DIRECTION('',(0.,0.,1.));
#4195 = DIRECTION('',(1.,0.,-0.));
#4196 = DEFINITIONAL_REPRESENTATION('',(#4197),#4201);
#4197 = LINE('',#4198,#4199);
#4198 = CARTESIAN_POINT('',(0.,7.5));
#4199 = VECTOR('',#4200,1.);
#4200 = DIRECTION('',(1.,0.));
#4201 = ( GEOMETRIC_REPRESENTATION_CONTEXT(2) 
PARAMETRIC_REPRESENTATION_CONTEXT() REPRESENTATION_CONTEXT('2D SPACE',''
  ) );
#4202 = ADVANCED_FACE('',(#4203,#4206),#2671,.F.);
#4203 = FACE_BOUND('',#4204,.F.);
#4204 = EDGE_LOOP('',(#4205));
#4205 = ORIENTED_EDGE('',*,*,#2654,.T.);
#4206 = FACE_BOUND('',#4207,.F.);
#4207 = EDGE_LOOP('',(#4208));
#4208 = ORIENTED_EDGE('',*,*,#4209,.F.);
#4209 = EDGE_CURVE('',#4210,#4210,#4212,.T.);
#4210 = VERTEX_POINT('',#4211);
#4211 = CARTESIAN_POINT('',(304.,-135.,520.));
#4212 = SURFACE_CURVE('',#4213,(#4218,#4225),.PCURVE_S1.);
#4213 = CIRCLE('',#4214,4.);
#4214 = AXIS2_PLACEMENT_3D('',#4215,#4216,#4217);
#4215 = CARTESIAN_POINT('',(300.,-135.,520.));
#4216 = DIRECTION('',(0.,0.,1.));
#4217 = DIRECTION('',(1.,0.,-0.));
#4218 = PCURVE('',#2671,#4219);
#4219 = DEFINITIONAL_REPRESENTATION('',(#4220),#4224);
#4220 = CIRCLE('',#4221,4.);
#4221 = AXIS2_PLACEMENT_2D('',#4222,#4223);
#4222 = CARTESIAN_POINT('',(0.,0.));
#4223 = DIRECTION('',(1.,0.));
#4224 = ( GEOMETRIC_REPRESENTATION_CONTEXT(2) 
PARAMETRIC_REPRESENTATION_CONTEXT() REPRESENTATION_CONTEXT('2D SPACE',''
  ) );
#4225 = PCURVE('',#4156,#4226);
#4226 = DEFINITIONAL_REPRESENTATION('',(#4227),#4231);
#4227 = LINE('',#4228,#4229);
#4228 = CARTESIAN_POINT('',(0.,1.));
#4229 = VECTOR('',#4230,1.);
#4230 = DIRECTION('',(1.,0.));
#4231 = ( GEOMETRIC_REPRESENTATION_CONTEXT(2) 
PARAMETRIC_REPRESENTATION_CONTEXT() REPRESENTATION_CONTEXT('2D SPACE',''
  ) );
#4232 = ADVANCED_FACE('',(#4233,#4236),#2726,.F.);
#4233 = FACE_BOUND('',#4234,.F.);
#4234 = EDGE_LOOP('',(#4235));
#4235 = ORIENTED_EDGE('',*,*,#2709,.T.);
#4236 = FACE_BOUND('',#4237,.F.);
#4237 = EDGE_LOOP('',(#4238));
#4238 = ORIENTED_EDGE('',*,*,#4239,.F.);
#4239 = EDGE_CURVE('',#4240,#4240,#4242,.T.);
#4240 = VERTEX_POINT('',#4241);
#4241 = CARTESIAN_POINT('',(304.,135.,520.));
#4242 = SURFACE_CURVE('',#4243,(#4248,#4255),.PCURVE_S1.);
#4243 = CIRCLE('',#4244,4.);
#4244 = AXIS2_PLACEMENT_3D('',#4245,#4246,#4247);
#4245 = CARTESIAN_POINT('',(300.,135.,520.));
#4246 = DIRECTION('',(0.,0.,1.));
#4247 = DIRECTION('',(1.,0.,-0.));
#4248 = PCURVE('',#2726,#4249);
#4249 = DEFINITIONAL_REPRESENTATION('',(#4250),#4254);
#4250 = CIRCLE('',#4251,4.);
#4251 = AXIS2_PLACEMENT_2D('',#4252,#4253);
#4252 = CARTESIAN_POINT('',(0.,0.));
#4253 = DIRECTION('',(1.,0.));
#4254 = ( GEOMETRIC_REPRESENTATION_CONTEXT(2) 
PARAMETRIC_REPRESENTATION_CONTEXT() REPRESENTATION_CONTEXT('2D SPACE',''
  ) );
#4255 = PCURVE('',#4191,#4256);
#4256 = DEFINITIONAL_REPRESENTATION('',(#4257),#4261);
#4257 = LINE('',#4258,#4259);
#4258 = CARTESIAN_POINT('',(0.,1.));
#4259 = VECTOR('',#4260,1.);
#4260 = DIRECTION('',(1.,0.));
#4261 = ( GEOMETRIC_REPRESENTATION_CONTEXT(2) 
PARAMETRIC_REPRESENTATION_CONTEXT() REPRESENTATION_CONTEXT('2D SPACE',''
  ) );
#4262 = ADVANCED_FACE('',(#4263),#2808,.F.);
#4263 = FACE_BOUND('',#4264,.F.);
#4264 = EDGE_LOOP('',(#4265,#4266,#4287));
#4265 = ORIENTED_EDGE('',*,*,#2883,.T.);
#4266 = ORIENTED_EDGE('',*,*,#4267,.T.);
#4267 = EDGE_CURVE('',#2821,#2788,#4268,.T.);
#4268 = SURFACE_CURVE('',#4269,(#4273,#4280),.PCURVE_S1.);
#4269 = LINE('',#4270,#4271);
#4270 = CARTESIAN_POINT('',(285.,-160.,490.));
#4271 = VECTOR('',#4272,1.);
#4272 = DIRECTION('',(-0.,1.,0.));
#4273 = PCURVE('',#2808,#4274);
#4274 = DEFINITIONAL_REPRESENTATION('',(#4275),#4279);
#4275 = LINE('',#4276,#4277);
#4276 = CARTESIAN_POINT('',(0.,0.));
#4277 = VECTOR('',#4278,1.);
#4278 = DIRECTION('',(0.,-1.));
#4279 = ( GEOMETRIC_REPRESENTATION_CONTEXT(2) 
PARAMETRIC_REPRESENTATION_CONTEXT() REPRESENTATION_CONTEXT('2D SPACE',''
  ) );
#4280 = PCURVE('',#2871,#4281);
#4281 = DEFINITIONAL_REPRESENTATION('',(#4282),#4286);
#4282 = LINE('',#4283,#4284);
#4283 = CARTESIAN_POINT('',(0.,0.));
#4284 = VECTOR('',#4285,1.);
#4285 = DIRECTION('',(0.,1.));
#4286 = ( GEOMETRIC_REPRESENTATION_CONTEXT(2) 
PARAMETRIC_REPRESENTATION_CONTEXT() REPRESENTATION_CONTEXT('2D SPACE',''
  ) );
#4287 = ORIENTED_EDGE('',*,*,#2787,.T.);
#4288 = ADVANCED_FACE('',(#4289),#2871,.F.);
#4289 = FACE_BOUND('',#4290,.F.);
#4290 = EDGE_LOOP('',(#4291,#4292));
#4291 = ORIENTED_EDGE('',*,*,#4267,.F.);
#4292 = ORIENTED_EDGE('',*,*,#2820,.T.);
#4293 = ADVANCED_FACE('',(#4294),#3388,.T.);
#4294 = FACE_BOUND('',#4295,.T.);
#4295 = EDGE_LOOP('',(#4296,#4297,#4298,#4320,#4353));
#4296 = ORIENTED_EDGE('',*,*,#3471,.T.);
#4297 = ORIENTED_EDGE('',*,*,#3369,.T.);
#4298 = ORIENTED_EDGE('',*,*,#4299,.T.);
#4299 = EDGE_CURVE('',#3372,#4300,#4302,.T.);
#4300 = VERTEX_POINT('',#4301);
#4301 = CARTESIAN_POINT('',(-315.,60.892029239722,491.28325261966));
#4302 = SURFACE_CURVE('',#4303,(#4307,#4313),.PCURVE_S1.);
#4303 = LINE('',#4304,#4305);
#4304 = CARTESIAN_POINT('',(-315.,-48.,491.28325261966));
#4305 = VECTOR('',#4306,1.);
#4306 = DIRECTION('',(-0.,1.,-0.));
#4307 = PCURVE('',#3388,#4308);
#4308 = DEFINITIONAL_REPRESENTATION('',(#4309),#4312);
#4309 = B_SPLINE_CURVE_WITH_KNOTS('',1,(#4310,#4311),.UNSPECIFIED.,.F.,
  .F.,(2,2),(100.9,123.1),.PIECEWISE_BEZIER_KNOTS.);
#4310 = CARTESIAN_POINT('',(8.97722216241,11.1));
#4311 = CARTESIAN_POINT('',(8.97722216241,-11.1));
#4312 = ( GEOMETRIC_REPRESENTATION_CONTEXT(2) 
PARAMETRIC_REPRESENTATION_CONTEXT() REPRESENTATION_CONTEXT('2D SPACE',''
  ) );
#4313 = PCURVE('',#3516,#4314);
#4314 = DEFINITIONAL_REPRESENTATION('',(#4315),#4319);
#4315 = LINE('',#4316,#4317);
#4316 = CARTESIAN_POINT('',(1.283252619665,-112.));
#4317 = VECTOR('',#4318,1.);
#4318 = DIRECTION('',(0.,-1.));
#4319 = ( GEOMETRIC_REPRESENTATION_CONTEXT(2) 
PARAMETRIC_REPRESENTATION_CONTEXT() REPRESENTATION_CONTEXT('2D SPACE',''
  ) );
#4320 = ORIENTED_EDGE('',*,*,#4321,.T.);
#4321 = EDGE_CURVE('',#4300,#4322,#4324,.T.);
#4322 = VERTEX_POINT('',#4323);
#4323 = CARTESIAN_POINT('',(-315.,67.107970760278,491.28325261966));
#4324 = SURFACE_CURVE('',#4325,(#4330,#4341),.PCURVE_S1.);
#4325 = CIRCLE('',#4326,9.5);
#4326 = AXIS2_PLACEMENT_3D('',#4327,#4328,#4329);
#4327 = CARTESIAN_POINT('',(-309.4773275124,64.,498.360724368));
#4328 = DIRECTION('',(0.788381040404,4.746203430273E-15,-0.615187235833)
  );
#4329 = DIRECTION('',(-0.581333946058,-0.327154816871,-0.744997026141));
#4330 = PCURVE('',#3388,#4331);
#4331 = DEFINITIONAL_REPRESENTATION('',(#4332),#4340);
#4332 = ( BOUNDED_CURVE() B_SPLINE_CURVE(2,(#4333,#4334,#4335,#4336,
#4337,#4338,#4339),.UNSPECIFIED.,.T.,.F.) B_SPLINE_CURVE_WITH_KNOTS((1,2
    ,2,2,2,1),(-2.094395102393,0.,2.094395102393,4.188790204786,
6.28318530718,8.377580409573),.UNSPECIFIED.) CURVE() 
GEOMETRIC_REPRESENTATION_ITEM() RATIONAL_B_SPLINE_CURVE((1.,0.5,1.,0.5,
1.,0.5,1.)) REPRESENTATION_ITEM('') );
#4333 = CARTESIAN_POINT('',(8.97722216241,3.107970760278));
#4334 = CARTESIAN_POINT('',(14.360385427649,-12.44103413584));
#4335 = CARTESIAN_POINT('',(-1.797029448585,-9.328487828202));
#4336 = CARTESIAN_POINT('',(-17.95444432481,-6.215941520556));
#4337 = CARTESIAN_POINT('',(-7.180192713825,6.220517067924));
#4338 = CARTESIAN_POINT('',(3.59405889717,18.656975656405));
#4339 = CARTESIAN_POINT('',(8.97722216241,3.107970760278));
#4340 = ( GEOMETRIC_REPRESENTATION_CONTEXT(2) 
PARAMETRIC_REPRESENTATION_CONTEXT() REPRESENTATION_CONTEXT('2D SPACE',''
  ) );
#4341 = PCURVE('',#4342,#4347);
#4342 = CYLINDRICAL_SURFACE('',#4343,9.5);
#4343 = AXIS2_PLACEMENT_3D('',#4344,#4345,#4346);
#4344 = CARTESIAN_POINT('',(-35.53997817169,64.,284.60271638001));
#4345 = DIRECTION('',(-0.788381040404,0.,0.615187235833));
#4346 = DIRECTION('',(-0.615187235833,0.,-0.788381040404));
#4347 = DEFINITIONAL_REPRESENTATION('',(#4348),#4352);
#4348 = LINE('',#4349,#4350);
#4349 = CARTESIAN_POINT('',(6.61647643792,347.46821055002));
#4350 = VECTOR('',#4351,1.);
#4351 = DIRECTION('',(-1.,-0.));
#4352 = ( GEOMETRIC_REPRESENTATION_CONTEXT(2) 
PARAMETRIC_REPRESENTATION_CONTEXT() REPRESENTATION_CONTEXT('2D SPACE',''
  ) );
#4353 = ORIENTED_EDGE('',*,*,#4354,.T.);
#4354 = EDGE_CURVE('',#4322,#3472,#4355,.T.);
#4355 = SURFACE_CURVE('',#4356,(#4360,#4366),.PCURVE_S1.);
#4356 = LINE('',#4357,#4358);
#4357 = CARTESIAN_POINT('',(-315.,-48.,491.28325261966));
#4358 = VECTOR('',#4359,1.);
#4359 = DIRECTION('',(-0.,1.,-0.));
#4360 = PCURVE('',#3388,#4361);
#4361 = DEFINITIONAL_REPRESENTATION('',(#4362),#4365);
#4362 = B_SPLINE_CURVE_WITH_KNOTS('',1,(#4363,#4364),.UNSPECIFIED.,.F.,
  .F.,(2,2),(100.9,123.1),.PIECEWISE_BEZIER_KNOTS.);
#4363 = CARTESIAN_POINT('',(8.97722216241,11.1));
#4364 = CARTESIAN_POINT('',(8.97722216241,-11.1));
#4365 = ( GEOMETRIC_REPRESENTATION_CONTEXT(2) 
PARAMETRIC_REPRESENTATION_CONTEXT() REPRESENTATION_CONTEXT('2D SPACE',''
  ) );
#4366 = PCURVE('',#3516,#4367);
#4367 = DEFINITIONAL_REPRESENTATION('',(#4368),#4372);
#4368 = LINE('',#4369,#4370);
#4369 = CARTESIAN_POINT('',(1.283252619665,-112.));
#4370 = VECTOR('',#4371,1.);
#4371 = DIRECTION('',(0.,-1.));
#4372 = ( GEOMETRIC_REPRESENTATION_CONTEXT(2) 
PARAMETRIC_REPRESENTATION_CONTEXT() REPRESENTATION_CONTEXT('2D SPACE',''
  ) );
#4373 = ADVANCED_FACE('',(#4374),#3516,.F.);
#4374 = FACE_BOUND('',#4375,.F.);
#4375 = EDGE_LOOP('',(#4376,#4406,#4434,#4462,#4490,#4523,#4550,#4582,
    #4609,#4631,#4659,#4680,#4681,#4682,#4709,#4734,#4735,#4736));
#4376 = ORIENTED_EDGE('',*,*,#4377,.T.);
#4377 = EDGE_CURVE('',#4378,#4380,#4382,.T.);
#4378 = VERTEX_POINT('',#4379);
#4379 = CARTESIAN_POINT('',(-315.,160.,490.));
#4380 = VERTEX_POINT('',#4381);
#4381 = CARTESIAN_POINT('',(-315.,160.,520.));
#4382 = SURFACE_CURVE('',#4383,(#4387,#4394),.PCURVE_S1.);
#4383 = LINE('',#4384,#4385);
#4384 = CARTESIAN_POINT('',(-315.,160.,490.));
#4385 = VECTOR('',#4386,1.);
#4386 = DIRECTION('',(0.,0.,1.));
#4387 = PCURVE('',#3516,#4388);
#4388 = DEFINITIONAL_REPRESENTATION('',(#4389),#4393);
#4389 = LINE('',#4390,#4391);
#4390 = CARTESIAN_POINT('',(0.,-320.));
#4391 = VECTOR('',#4392,1.);
#4392 = DIRECTION('',(1.,0.));
#4393 = ( GEOMETRIC_REPRESENTATION_CONTEXT(2) 
PARAMETRIC_REPRESENTATION_CONTEXT() REPRESENTATION_CONTEXT('2D SPACE',''
  ) );
#4394 = PCURVE('',#4395,#4400);
#4395 = PLANE('',#4396);
#4396 = AXIS2_PLACEMENT_3D('',#4397,#4398,#4399);
#4397 = CARTESIAN_POINT('',(-315.,160.,490.));
#4398 = DIRECTION('',(-0.,1.,0.));
#4399 = DIRECTION('',(0.,0.,1.));
#4400 = DEFINITIONAL_REPRESENTATION('',(#4401),#4405);
#4401 = LINE('',#4402,#4403);
#4402 = CARTESIAN_POINT('',(0.,0.));
#4403 = VECTOR('',#4404,1.);
#4404 = DIRECTION('',(1.,0.));
#4405 = ( GEOMETRIC_REPRESENTATION_CONTEXT(2) 
PARAMETRIC_REPRESENTATION_CONTEXT() REPRESENTATION_CONTEXT('2D SPACE',''
  ) );
#4406 = ORIENTED_EDGE('',*,*,#4407,.F.);
#4407 = EDGE_CURVE('',#4408,#4380,#4410,.T.);
#4408 = VERTEX_POINT('',#4409);
#4409 = CARTESIAN_POINT('',(-315.,-160.,520.));
#4410 = SURFACE_CURVE('',#4411,(#4415,#4422),.PCURVE_S1.);
#4411 = LINE('',#4412,#4413);
#4412 = CARTESIAN_POINT('',(-315.,-160.,520.));
#4413 = VECTOR('',#4414,1.);
#4414 = DIRECTION('',(-0.,1.,0.));
#4415 = PCURVE('',#3516,#4416);
#4416 = DEFINITIONAL_REPRESENTATION('',(#4417),#4421);
#4417 = LINE('',#4418,#4419);
#4418 = CARTESIAN_POINT('',(30.,0.));
#4419 = VECTOR('',#4420,1.);
#4420 = DIRECTION('',(0.,-1.));
#4421 = ( GEOMETRIC_REPRESENTATION_CONTEXT(2) 
PARAMETRIC_REPRESENTATION_CONTEXT() REPRESENTATION_CONTEXT('2D SPACE',''
  ) );
#4422 = PCURVE('',#4423,#4428);
#4423 = PLANE('',#4424);
#4424 = AXIS2_PLACEMENT_3D('',#4425,#4426,#4427);
#4425 = CARTESIAN_POINT('',(-315.,-160.,520.));
#4426 = DIRECTION('',(0.,0.,1.));
#4427 = DIRECTION('',(1.,0.,-0.));
#4428 = DEFINITIONAL_REPRESENTATION('',(#4429),#4433);
#4429 = LINE('',#4430,#4431);
#4430 = CARTESIAN_POINT('',(0.,0.));
#4431 = VECTOR('',#4432,1.);
#4432 = DIRECTION('',(0.,1.));
#4433 = ( GEOMETRIC_REPRESENTATION_CONTEXT(2) 
PARAMETRIC_REPRESENTATION_CONTEXT() REPRESENTATION_CONTEXT('2D SPACE',''
  ) );
#4434 = ORIENTED_EDGE('',*,*,#4435,.F.);
#4435 = EDGE_CURVE('',#4436,#4408,#4438,.T.);
#4436 = VERTEX_POINT('',#4437);
#4437 = CARTESIAN_POINT('',(-315.,-160.,490.));
#4438 = SURFACE_CURVE('',#4439,(#4443,#4450),.PCURVE_S1.);
#4439 = LINE('',#4440,#4441);
#4440 = CARTESIAN_POINT('',(-315.,-160.,490.));
#4441 = VECTOR('',#4442,1.);
#4442 = DIRECTION('',(0.,0.,1.));
#4443 = PCURVE('',#3516,#4444);
#4444 = DEFINITIONAL_REPRESENTATION('',(#4445),#4449);
#4445 = LINE('',#4446,#4447);
#4446 = CARTESIAN_POINT('',(0.,0.));
#4447 = VECTOR('',#4448,1.);
#4448 = DIRECTION('',(1.,0.));
#4449 = ( GEOMETRIC_REPRESENTATION_CONTEXT(2) 
PARAMETRIC_REPRESENTATION_CONTEXT() REPRESENTATION_CONTEXT('2D SPACE',''
  ) );
#4450 = PCURVE('',#4451,#4456);
#4451 = PLANE('',#4452);
#4452 = AXIS2_PLACEMENT_3D('',#4453,#4454,#4455);
#4453 = CARTESIAN_POINT('',(-315.,-160.,490.));
#4454 = DIRECTION('',(-0.,1.,0.));
#4455 = DIRECTION('',(0.,0.,1.));
#4456 = DEFINITIONAL_REPRESENTATION('',(#4457),#4461);
#4457 = LINE('',#4458,#4459);
#4458 = CARTESIAN_POINT('',(0.,0.));
#4459 = VECTOR('',#4460,1.);
#4460 = DIRECTION('',(1.,0.));
#4461 = ( GEOMETRIC_REPRESENTATION_CONTEXT(2) 
PARAMETRIC_REPRESENTATION_CONTEXT() REPRESENTATION_CONTEXT('2D SPACE',''
  ) );
#4462 = ORIENTED_EDGE('',*,*,#4463,.T.);
#4463 = EDGE_CURVE('',#4436,#4464,#4466,.T.);
#4464 = VERTEX_POINT('',#4465);
#4465 = CARTESIAN_POINT('',(-315.,-68.84061908736,490.));
#4466 = SURFACE_CURVE('',#4467,(#4471,#4478),.PCURVE_S1.);
#4467 = LINE('',#4468,#4469);
#4468 = CARTESIAN_POINT('',(-315.,-160.,490.));
#4469 = VECTOR('',#4470,1.);
#4470 = DIRECTION('',(-0.,1.,0.));
#4471 = PCURVE('',#3516,#4472);
#4472 = DEFINITIONAL_REPRESENTATION('',(#4473),#4477);
#4473 = LINE('',#4474,#4475);
#4474 = CARTESIAN_POINT('',(0.,0.));
#4475 = VECTOR('',#4476,1.);
#4476 = DIRECTION('',(0.,-1.));
#4477 = ( GEOMETRIC_REPRESENTATION_CONTEXT(2) 
PARAMETRIC_REPRESENTATION_CONTEXT() REPRESENTATION_CONTEXT('2D SPACE',''
  ) );
#4478 = PCURVE('',#4479,#4484);
#4479 = PLANE('',#4480);
#4480 = AXIS2_PLACEMENT_3D('',#4481,#4482,#4483);
#4481 = CARTESIAN_POINT('',(-315.,-160.,490.));
#4482 = DIRECTION('',(0.,0.,1.));
#4483 = DIRECTION('',(1.,0.,-0.));
#4484 = DEFINITIONAL_REPRESENTATION('',(#4485),#4489);
#4485 = LINE('',#4486,#4487);
#4486 = CARTESIAN_POINT('',(0.,0.));
#4487 = VECTOR('',#4488,1.);
#4488 = DIRECTION('',(0.,1.));
#4489 = ( GEOMETRIC_REPRESENTATION_CONTEXT(2) 
PARAMETRIC_REPRESENTATION_CONTEXT() REPRESENTATION_CONTEXT('2D SPACE',''
  ) );
#4490 = ORIENTED_EDGE('',*,*,#4491,.F.);
#4491 = EDGE_CURVE('',#4492,#4464,#4494,.T.);
#4492 = VERTEX_POINT('',#4493);
#4493 = CARTESIAN_POINT('',(-315.,-70.52835984354,491.28325261966));
#4494 = SURFACE_CURVE('',#4495,(#4500,#4507),.PCURVE_S1.);
#4495 = ELLIPSE('',#4496,14.079486227004,11.1);
#4496 = AXIS2_PLACEMENT_3D('',#4497,#4498,#4499);
#4497 = CARTESIAN_POINT('',(-315.,-64.,502.67016034871));
#4498 = DIRECTION('',(1.,0.,-0.));
#4499 = DIRECTION('',(0.,0.,1.));
#4500 = PCURVE('',#3516,#4501);
#4501 = DEFINITIONAL_REPRESENTATION('',(#4502),#4506);
#4502 = ELLIPSE('',#4503,14.079486227004,11.1);
#4503 = AXIS2_PLACEMENT_2D('',#4504,#4505);
#4504 = CARTESIAN_POINT('',(12.670160348711,-96.));
#4505 = DIRECTION('',(1.,0.));
#4506 = ( GEOMETRIC_REPRESENTATION_CONTEXT(2) 
PARAMETRIC_REPRESENTATION_CONTEXT() REPRESENTATION_CONTEXT('2D SPACE',''
  ) );
#4507 = PCURVE('',#4508,#4513);
#4508 = CYLINDRICAL_SURFACE('',#4509,11.1);
#4509 = AXIS2_PLACEMENT_3D('',#4510,#4511,#4512);
#4510 = CARTESIAN_POINT('',(-35.53997817169,-64.,284.60271638001));
#4511 = DIRECTION('',(-0.788381040404,0.,0.615187235833));
#4512 = DIRECTION('',(-0.615187235833,0.,-0.788381040404));
#4513 = DEFINITIONAL_REPRESENTATION('',(#4514),#4522);
#4514 = B_SPLINE_CURVE_WITH_KNOTS('',6,(#4515,#4516,#4517,#4518,#4519,
    #4520,#4521),.UNSPECIFIED.,.F.,.F.,(7,7),(2.512834791995,
    3.14159265359),.PIECEWISE_BEZIER_KNOTS.);
#4515 = CARTESIAN_POINT('',(0.628757861594,347.46821115002));
#4516 = CARTESIAN_POINT('',(0.523964884662,346.93437561748));
#4517 = CARTESIAN_POINT('',(0.41917190773,346.49285232543));
#4518 = CARTESIAN_POINT('',(0.314378930797,346.15419252778));
#4519 = CARTESIAN_POINT('',(0.209585953865,345.92591100595));
#4520 = CARTESIAN_POINT('',(0.104792976932,345.81177062659));
#4521 = CARTESIAN_POINT('',(0.,345.81177062659));
#4522 = ( GEOMETRIC_REPRESENTATION_CONTEXT(2) 
PARAMETRIC_REPRESENTATION_CONTEXT() REPRESENTATION_CONTEXT('2D SPACE',''
  ) );
#4523 = ORIENTED_EDGE('',*,*,#4524,.T.);
#4524 = EDGE_CURVE('',#4492,#4525,#4527,.T.);
#4525 = VERTEX_POINT('',#4526);
#4526 = CARTESIAN_POINT('',(-315.,-67.10797076027,491.28325261966));
#4527 = SURFACE_CURVE('',#4528,(#4532,#4539),.PCURVE_S1.);
#4528 = LINE('',#4529,#4530);
#4529 = CARTESIAN_POINT('',(-315.,-112.,491.28325261966));
#4530 = VECTOR('',#4531,1.);
#4531 = DIRECTION('',(-0.,1.,-0.));
#4532 = PCURVE('',#3516,#4533);
#4533 = DEFINITIONAL_REPRESENTATION('',(#4534),#4538);
#4534 = LINE('',#4535,#4536);
#4535 = CARTESIAN_POINT('',(1.283252619665,-48.));
#4536 = VECTOR('',#4537,1.);
#4537 = DIRECTION('',(0.,-1.));
#4538 = ( GEOMETRIC_REPRESENTATION_CONTEXT(2) 
PARAMETRIC_REPRESENTATION_CONTEXT() REPRESENTATION_CONTEXT('2D SPACE',''
  ) );
#4539 = PCURVE('',#4540,#4545);
#4540 = PLANE('',#4541);
#4541 = AXIS2_PLACEMENT_3D('',#4542,#4543,#4544);
#4542 = CARTESIAN_POINT('',(-309.4773275124,-64.,498.360724368));
#4543 = DIRECTION('',(-0.788381040404,0.,0.615187235833));
#4544 = DIRECTION('',(-0.615187235833,0.,-0.788381040404));
#4545 = DEFINITIONAL_REPRESENTATION('',(#4546),#4549);
#4546 = B_SPLINE_CURVE_WITH_KNOTS('',1,(#4547,#4548),.UNSPECIFIED.,.F.,
  .F.,(2,2),(36.9,59.1),.PIECEWISE_BEZIER_KNOTS.);
#4547 = CARTESIAN_POINT('',(8.97722216241,11.1));
#4548 = CARTESIAN_POINT('',(8.97722216241,-11.1));
#4549 = ( GEOMETRIC_REPRESENTATION_CONTEXT(2) 
PARAMETRIC_REPRESENTATION_CONTEXT() REPRESENTATION_CONTEXT('2D SPACE',''
  ) );
#4550 = ORIENTED_EDGE('',*,*,#4551,.T.);
#4551 = EDGE_CURVE('',#4525,#4552,#4554,.T.);
#4552 = VERTEX_POINT('',#4553);
#4553 = CARTESIAN_POINT('',(-315.,-64.,490.62014961388));
#4554 = SURFACE_CURVE('',#4555,(#4560,#4567),.PCURVE_S1.);
#4555 = ELLIPSE('',#4556,12.050010734823,9.5);
#4556 = AXIS2_PLACEMENT_3D('',#4557,#4558,#4559);
#4557 = CARTESIAN_POINT('',(-315.,-64.,502.67016034871));
#4558 = DIRECTION('',(1.,0.,-0.));
#4559 = DIRECTION('',(0.,0.,1.));
#4560 = PCURVE('',#3516,#4561);
#4561 = DEFINITIONAL_REPRESENTATION('',(#4562),#4566);
#4562 = ELLIPSE('',#4563,12.050010734823,9.5);
#4563 = AXIS2_PLACEMENT_2D('',#4564,#4565);
#4564 = CARTESIAN_POINT('',(12.670160348711,-96.));
#4565 = DIRECTION('',(1.,0.));
#4566 = ( GEOMETRIC_REPRESENTATION_CONTEXT(2) 
PARAMETRIC_REPRESENTATION_CONTEXT() REPRESENTATION_CONTEXT('2D SPACE',''
  ) );
#4567 = PCURVE('',#4568,#4573);
#4568 = CYLINDRICAL_SURFACE('',#4569,9.5);
#4569 = AXIS2_PLACEMENT_3D('',#4570,#4571,#4572);
#4570 = CARTESIAN_POINT('',(-35.53997817169,-64.,284.60271638001));
#4571 = DIRECTION('',(-0.788381040404,0.,0.615187235833));
#4572 = DIRECTION('',(-0.615187235833,0.,-0.788381040404));
#4573 = DEFINITIONAL_REPRESENTATION('',(#4574),#4581);
#4574 = B_SPLINE_CURVE_WITH_KNOTS('',5,(#4575,#4576,#4577,#4578,#4579,
    #4580),.UNSPECIFIED.,.F.,.F.,(6,6),(2.808301522849,3.14159265359),
  .PIECEWISE_BEZIER_KNOTS.);
#4575 = CARTESIAN_POINT('',(6.61647643792,347.46821055002));
#4576 = CARTESIAN_POINT('',(6.549818211772,347.30655083041));
#4577 = CARTESIAN_POINT('',(6.483159985624,347.1837980665));
#4578 = CARTESIAN_POINT('',(6.416501759476,347.10145071647));
#4579 = CARTESIAN_POINT('',(6.349843533328,347.06027804482));
#4580 = CARTESIAN_POINT('',(6.28318530718,347.06027804482));
#4581 = ( GEOMETRIC_REPRESENTATION_CONTEXT(2) 
PARAMETRIC_REPRESENTATION_CONTEXT() REPRESENTATION_CONTEXT('2D SPACE',''
  ) );
#4582 = ORIENTED_EDGE('',*,*,#4583,.T.);
#4583 = EDGE_CURVE('',#4552,#4584,#4586,.T.);
#4584 = VERTEX_POINT('',#4585);
#4585 = CARTESIAN_POINT('',(-315.,-60.89202923972,491.28325261966));
#4586 = SURFACE_CURVE('',#4587,(#4592,#4599),.PCURVE_S1.);
#4587 = ELLIPSE('',#4588,12.050010734823,9.5);
#4588 = AXIS2_PLACEMENT_3D('',#4589,#4590,#4591);
#4589 = CARTESIAN_POINT('',(-315.,-64.,502.67016034871));
#4590 = DIRECTION('',(1.,0.,-0.));
#4591 = DIRECTION('',(0.,0.,1.));
#4592 = PCURVE('',#3516,#4593);
#4593 = DEFINITIONAL_REPRESENTATION('',(#4594),#4598);
#4594 = ELLIPSE('',#4595,12.050010734823,9.5);
#4595 = AXIS2_PLACEMENT_2D('',#4596,#4597);
#4596 = CARTESIAN_POINT('',(12.670160348711,-96.));
#4597 = DIRECTION('',(1.,0.));
#4598 = ( GEOMETRIC_REPRESENTATION_CONTEXT(2) 
PARAMETRIC_REPRESENTATION_CONTEXT() REPRESENTATION_CONTEXT('2D SPACE',''
  ) );
#4599 = PCURVE('',#4568,#4600);
#4600 = DEFINITIONAL_REPRESENTATION('',(#4601),#4608);
#4601 = B_SPLINE_CURVE_WITH_KNOTS('',5,(#4602,#4603,#4604,#4605,#4606,
    #4607),.UNSPECIFIED.,.F.,.F.,(6,6),(3.14159265359,3.47488378433),
  .PIECEWISE_BEZIER_KNOTS.);
#4602 = CARTESIAN_POINT('',(6.28318530718,347.06027804482));
#4603 = CARTESIAN_POINT('',(6.216527081032,347.06027804482));
#4604 = CARTESIAN_POINT('',(6.149868854883,347.10145071647));
#4605 = CARTESIAN_POINT('',(6.083210628735,347.1837980665));
#4606 = CARTESIAN_POINT('',(6.016552402587,347.30655083041));
#4607 = CARTESIAN_POINT('',(5.949894176439,347.46821055002));
#4608 = ( GEOMETRIC_REPRESENTATION_CONTEXT(2) 
PARAMETRIC_REPRESENTATION_CONTEXT() REPRESENTATION_CONTEXT('2D SPACE',''
  ) );
#4609 = ORIENTED_EDGE('',*,*,#4610,.T.);
#4610 = EDGE_CURVE('',#4584,#4611,#4613,.T.);
#4611 = VERTEX_POINT('',#4612);
#4612 = CARTESIAN_POINT('',(-315.,-57.47164015646,491.28325261966));
#4613 = SURFACE_CURVE('',#4614,(#4618,#4625),.PCURVE_S1.);
#4614 = LINE('',#4615,#4616);
#4615 = CARTESIAN_POINT('',(-315.,-112.,491.28325261966));
#4616 = VECTOR('',#4617,1.);
#4617 = DIRECTION('',(-0.,1.,-0.));
#4618 = PCURVE('',#3516,#4619);
#4619 = DEFINITIONAL_REPRESENTATION('',(#4620),#4624);
#4620 = LINE('',#4621,#4622);
#4621 = CARTESIAN_POINT('',(1.283252619665,-48.));
#4622 = VECTOR('',#4623,1.);
#4623 = DIRECTION('',(0.,-1.));
#4624 = ( GEOMETRIC_REPRESENTATION_CONTEXT(2) 
PARAMETRIC_REPRESENTATION_CONTEXT() REPRESENTATION_CONTEXT('2D SPACE',''
  ) );
#4625 = PCURVE('',#4540,#4626);
#4626 = DEFINITIONAL_REPRESENTATION('',(#4627),#4630);
#4627 = B_SPLINE_CURVE_WITH_KNOTS('',1,(#4628,#4629),.UNSPECIFIED.,.F.,
  .F.,(2,2),(36.9,59.1),.PIECEWISE_BEZIER_KNOTS.);
#4628 = CARTESIAN_POINT('',(8.97722216241,11.1));
#4629 = CARTESIAN_POINT('',(8.97722216241,-11.1));
#4630 = ( GEOMETRIC_REPRESENTATION_CONTEXT(2) 
PARAMETRIC_REPRESENTATION_CONTEXT() REPRESENTATION_CONTEXT('2D SPACE',''
  ) );
#4631 = ORIENTED_EDGE('',*,*,#4632,.F.);
#4632 = EDGE_CURVE('',#4633,#4611,#4635,.T.);
#4633 = VERTEX_POINT('',#4634);
#4634 = CARTESIAN_POINT('',(-315.,-59.15938091263,490.));
#4635 = SURFACE_CURVE('',#4636,(#4641,#4648),.PCURVE_S1.);
#4636 = ELLIPSE('',#4637,14.079486227004,11.1);
#4637 = AXIS2_PLACEMENT_3D('',#4638,#4639,#4640);
#4638 = CARTESIAN_POINT('',(-315.,-64.,502.67016034871));
#4639 = DIRECTION('',(1.,0.,-0.));
#4640 = DIRECTION('',(0.,0.,1.));
#4641 = PCURVE('',#3516,#4642);
#4642 = DEFINITIONAL_REPRESENTATION('',(#4643),#4647);
#4643 = ELLIPSE('',#4644,14.079486227004,11.1);
#4644 = AXIS2_PLACEMENT_2D('',#4645,#4646);
#4645 = CARTESIAN_POINT('',(12.670160348711,-96.));
#4646 = DIRECTION('',(1.,0.));
#4647 = ( GEOMETRIC_REPRESENTATION_CONTEXT(2) 
PARAMETRIC_REPRESENTATION_CONTEXT() REPRESENTATION_CONTEXT('2D SPACE',''
  ) );
#4648 = PCURVE('',#4508,#4649);
#4649 = DEFINITIONAL_REPRESENTATION('',(#4650),#4658);
#4650 = B_SPLINE_CURVE_WITH_KNOTS('',6,(#4651,#4652,#4653,#4654,#4655,
    #4656,#4657),.UNSPECIFIED.,.F.,.F.,(7,7),(3.14159265359,
    3.770350515184),.PIECEWISE_BEZIER_KNOTS.);
#4651 = CARTESIAN_POINT('',(6.28318530718,345.81177062659));
#4652 = CARTESIAN_POINT('',(6.178392330247,345.81177062659));
#4653 = CARTESIAN_POINT('',(6.073599353315,345.92591100595));
#4654 = CARTESIAN_POINT('',(5.968806376382,346.15419252779));
#4655 = CARTESIAN_POINT('',(5.86401339945,346.49285232542));
#4656 = CARTESIAN_POINT('',(5.759220422518,346.93437561748));
#4657 = CARTESIAN_POINT('',(5.654427445585,347.46821115002));
#4658 = ( GEOMETRIC_REPRESENTATION_CONTEXT(2) 
PARAMETRIC_REPRESENTATION_CONTEXT() REPRESENTATION_CONTEXT('2D SPACE',''
  ) );
#4659 = ORIENTED_EDGE('',*,*,#4660,.T.);
#4660 = EDGE_CURVE('',#4633,#3606,#4661,.T.);
#4661 = SURFACE_CURVE('',#4662,(#4666,#4673),.PCURVE_S1.);
#4662 = LINE('',#4663,#4664);
#4663 = CARTESIAN_POINT('',(-315.,-160.,490.));
#4664 = VECTOR('',#4665,1.);
#4665 = DIRECTION('',(-0.,1.,0.));
#4666 = PCURVE('',#3516,#4667);
#4667 = DEFINITIONAL_REPRESENTATION('',(#4668),#4672);
#4668 = LINE('',#4669,#4670);
#4669 = CARTESIAN_POINT('',(0.,0.));
#4670 = VECTOR('',#4671,1.);
#4671 = DIRECTION('',(0.,-1.));
#4672 = ( GEOMETRIC_REPRESENTATION_CONTEXT(2) 
PARAMETRIC_REPRESENTATION_CONTEXT() REPRESENTATION_CONTEXT('2D SPACE',''
  ) );
#4673 = PCURVE('',#3635,#4674);
#4674 = DEFINITIONAL_REPRESENTATION('',(#4675),#4679);
#4675 = LINE('',#4676,#4677);
#4676 = CARTESIAN_POINT('',(0.,0.));
#4677 = VECTOR('',#4678,1.);
#4678 = DIRECTION('',(0.,1.));
#4679 = ( GEOMETRIC_REPRESENTATION_CONTEXT(2) 
PARAMETRIC_REPRESENTATION_CONTEXT() REPRESENTATION_CONTEXT('2D SPACE',''
  ) );
#4680 = ORIENTED_EDGE('',*,*,#3647,.F.);
#4681 = ORIENTED_EDGE('',*,*,#4299,.T.);
#4682 = ORIENTED_EDGE('',*,*,#4683,.T.);
#4683 = EDGE_CURVE('',#4300,#4684,#4686,.T.);
#4684 = VERTEX_POINT('',#4685);
#4685 = CARTESIAN_POINT('',(-315.,64.,490.62014961388));
#4686 = SURFACE_CURVE('',#4687,(#4692,#4699),.PCURVE_S1.);
#4687 = ELLIPSE('',#4688,12.050010734823,9.5);
#4688 = AXIS2_PLACEMENT_3D('',#4689,#4690,#4691);
#4689 = CARTESIAN_POINT('',(-315.,64.,502.67016034871));
#4690 = DIRECTION('',(1.,0.,-0.));
#4691 = DIRECTION('',(0.,0.,1.));
#4692 = PCURVE('',#3516,#4693);
#4693 = DEFINITIONAL_REPRESENTATION('',(#4694),#4698);
#4694 = ELLIPSE('',#4695,12.050010734823,9.5);
#4695 = AXIS2_PLACEMENT_2D('',#4696,#4697);
#4696 = CARTESIAN_POINT('',(12.670160348711,-224.));
#4697 = DIRECTION('',(1.,0.));
#4698 = ( GEOMETRIC_REPRESENTATION_CONTEXT(2) 
PARAMETRIC_REPRESENTATION_CONTEXT() REPRESENTATION_CONTEXT('2D SPACE',''
  ) );
#4699 = PCURVE('',#4342,#4700);
#4700 = DEFINITIONAL_REPRESENTATION('',(#4701),#4708);
#4701 = B_SPLINE_CURVE_WITH_KNOTS('',5,(#4702,#4703,#4704,#4705,#4706,
    #4707),.UNSPECIFIED.,.F.,.F.,(6,6),(2.808301522849,3.14159265359),
  .PIECEWISE_BEZIER_KNOTS.);
#4702 = CARTESIAN_POINT('',(6.61647643792,347.46821055002));
#4703 = CARTESIAN_POINT('',(6.549818211772,347.30655083041));
#4704 = CARTESIAN_POINT('',(6.483159985624,347.1837980665));
#4705 = CARTESIAN_POINT('',(6.416501759476,347.10145071647));
#4706 = CARTESIAN_POINT('',(6.349843533328,347.06027804482));
#4707 = CARTESIAN_POINT('',(6.28318530718,347.06027804482));
#4708 = ( GEOMETRIC_REPRESENTATION_CONTEXT(2) 
PARAMETRIC_REPRESENTATION_CONTEXT() REPRESENTATION_CONTEXT('2D SPACE',''
  ) );
#4709 = ORIENTED_EDGE('',*,*,#4710,.T.);
#4710 = EDGE_CURVE('',#4684,#4322,#4711,.T.);
#4711 = SURFACE_CURVE('',#4712,(#4717,#4724),.PCURVE_S1.);
#4712 = ELLIPSE('',#4713,12.050010734823,9.5);
#4713 = AXIS2_PLACEMENT_3D('',#4714,#4715,#4716);
#4714 = CARTESIAN_POINT('',(-315.,64.,502.67016034871));
#4715 = DIRECTION('',(1.,0.,-0.));
#4716 = DIRECTION('',(0.,0.,1.));
#4717 = PCURVE('',#3516,#4718);
#4718 = DEFINITIONAL_REPRESENTATION('',(#4719),#4723);
#4719 = ELLIPSE('',#4720,12.050010734823,9.5);
#4720 = AXIS2_PLACEMENT_2D('',#4721,#4722);
#4721 = CARTESIAN_POINT('',(12.670160348711,-224.));
#4722 = DIRECTION('',(1.,0.));
#4723 = ( GEOMETRIC_REPRESENTATION_CONTEXT(2) 
PARAMETRIC_REPRESENTATION_CONTEXT() REPRESENTATION_CONTEXT('2D SPACE',''
  ) );
#4724 = PCURVE('',#4342,#4725);
#4725 = DEFINITIONAL_REPRESENTATION('',(#4726),#4733);
#4726 = B_SPLINE_CURVE_WITH_KNOTS('',5,(#4727,#4728,#4729,#4730,#4731,
    #4732),.UNSPECIFIED.,.F.,.F.,(6,6),(3.14159265359,3.47488378433),
  .PIECEWISE_BEZIER_KNOTS.);
#4727 = CARTESIAN_POINT('',(6.28318530718,347.06027804482));
#4728 = CARTESIAN_POINT('',(6.216527081032,347.06027804482));
#4729 = CARTESIAN_POINT('',(6.149868854883,347.10145071647));
#4730 = CARTESIAN_POINT('',(6.083210628735,347.1837980665));
#4731 = CARTESIAN_POINT('',(6.016552402587,347.30655083041));
#4732 = CARTESIAN_POINT('',(5.949894176439,347.46821055002));
#4733 = ( GEOMETRIC_REPRESENTATION_CONTEXT(2) 
PARAMETRIC_REPRESENTATION_CONTEXT() REPRESENTATION_CONTEXT('2D SPACE',''
  ) );
#4734 = ORIENTED_EDGE('',*,*,#4354,.T.);
#4735 = ORIENTED_EDGE('',*,*,#3495,.F.);
#4736 = ORIENTED_EDGE('',*,*,#4737,.T.);
#4737 = EDGE_CURVE('',#3496,#4378,#4738,.T.);
#4738 = SURFACE_CURVE('',#4739,(#4743,#4750),.PCURVE_S1.);
#4739 = LINE('',#4740,#4741);
#4740 = CARTESIAN_POINT('',(-315.,-160.,490.));
#4741 = VECTOR('',#4742,1.);
#4742 = DIRECTION('',(-0.,1.,0.));
#4743 = PCURVE('',#3516,#4744);
#4744 = DEFINITIONAL_REPRESENTATION('',(#4745),#4749);
#4745 = LINE('',#4746,#4747);
#4746 = CARTESIAN_POINT('',(0.,0.));
#4747 = VECTOR('',#4748,1.);
#4748 = DIRECTION('',(0.,-1.));
#4749 = ( GEOMETRIC_REPRESENTATION_CONTEXT(2) 
PARAMETRIC_REPRESENTATION_CONTEXT() REPRESENTATION_CONTEXT('2D SPACE',''
  ) );
#4750 = PCURVE('',#3558,#4751);
#4751 = DEFINITIONAL_REPRESENTATION('',(#4752),#4756);
#4752 = LINE('',#4753,#4754);
#4753 = CARTESIAN_POINT('',(0.,0.));
#4754 = VECTOR('',#4755,1.);
#4755 = DIRECTION('',(0.,1.));
#4756 = ( GEOMETRIC_REPRESENTATION_CONTEXT(2) 
PARAMETRIC_REPRESENTATION_CONTEXT() REPRESENTATION_CONTEXT('2D SPACE',''
  ) );
#4757 = ADVANCED_FACE('',(#4758),#3635,.F.);
#4758 = FACE_BOUND('',#4759,.F.);
#4759 = EDGE_LOOP('',(#4760,#4761,#4798,#4819));
#4760 = ORIENTED_EDGE('',*,*,#4660,.F.);
#4761 = ORIENTED_EDGE('',*,*,#4762,.F.);
#4762 = EDGE_CURVE('',#4763,#4633,#4765,.T.);
#4763 = VERTEX_POINT('',#4764);
#4764 = CARTESIAN_POINT('',(-285.,-56.82191234452,490.));
#4765 = SURFACE_CURVE('',#4766,(#4771,#4778),.PCURVE_S1.);
#4766 = ELLIPSE('',#4767,18.043287235919,11.1);
#4767 = AXIS2_PLACEMENT_3D('',#4768,#4769,#4770);
#4768 = CARTESIAN_POINT('',(-298.7628064823,-64.,490.));
#4769 = DIRECTION('',(0.,0.,1.));
#4770 = DIRECTION('',(-1.,0.,0.));
#4771 = PCURVE('',#3635,#4772);
#4772 = DEFINITIONAL_REPRESENTATION('',(#4773),#4777);
#4773 = ELLIPSE('',#4774,18.043287235919,11.1);
#4774 = AXIS2_PLACEMENT_2D('',#4775,#4776);
#4775 = CARTESIAN_POINT('',(16.237193517649,96.));
#4776 = DIRECTION('',(-1.,0.));
#4777 = ( GEOMETRIC_REPRESENTATION_CONTEXT(2) 
PARAMETRIC_REPRESENTATION_CONTEXT() REPRESENTATION_CONTEXT('2D SPACE',''
  ) );
#4778 = PCURVE('',#4508,#4779);
#4779 = DEFINITIONAL_REPRESENTATION('',(#4780),#4797);
#4780 = B_SPLINE_CURVE_WITH_KNOTS('',8,(#4781,#4782,#4783,#4784,#4785,
    #4786,#4787,#4788,#4789,#4790,#4791,#4792,#4793,#4794,#4795,#4796),
  .UNSPECIFIED.,.F.,.F.,(9,7,9),(3.520598724453,4.751997788567,
    5.98339685268),.UNSPECIFIED.);
#4781 = CARTESIAN_POINT('',(3.520598724453,320.66219558472));
#4782 = CARTESIAN_POINT('',(3.674523607468,321.47233390253));
#4783 = CARTESIAN_POINT('',(3.82844849048,322.64031529269));
#4784 = CARTESIAN_POINT('',(3.982373373494,324.13689025247));
#4785 = CARTESIAN_POINT('',(4.136298256508,325.91472605569));
#4786 = CARTESIAN_POINT('',(4.29022313952,327.91060859989));
#4787 = CARTESIAN_POINT('',(4.44414802254,330.04998548445));
#4788 = CARTESIAN_POINT('',(4.598072905553,332.25309991653));
#4789 = CARTESIAN_POINT('',(4.905922671581,336.62882370483));
#4790 = CARTESIAN_POINT('',(5.059847554602,338.80143322941));
#4791 = CARTESIAN_POINT('',(5.213772437564,340.87980033562));
#4792 = CARTESIAN_POINT('',(5.367697320649,342.78570993896));
#4793 = CARTESIAN_POINT('',(5.521622203607,344.4476937917));
#4794 = CARTESIAN_POINT('',(5.675547086659,345.80696765304));
#4795 = CARTESIAN_POINT('',(5.829471969666,346.82158876306));
#4796 = CARTESIAN_POINT('',(5.98339685268,347.46821115002));
#4797 = ( GEOMETRIC_REPRESENTATION_CONTEXT(2) 
PARAMETRIC_REPRESENTATION_CONTEXT() REPRESENTATION_CONTEXT('2D SPACE',''
  ) );
#4798 = ORIENTED_EDGE('',*,*,#4799,.T.);
#4799 = EDGE_CURVE('',#4763,#3571,#4800,.T.);
#4800 = SURFACE_CURVE('',#4801,(#4805,#4812),.PCURVE_S1.);
#4801 = LINE('',#4802,#4803);
#4802 = CARTESIAN_POINT('',(-285.,-160.,490.));
#4803 = VECTOR('',#4804,1.);
#4804 = DIRECTION('',(-0.,1.,0.));
#4805 = PCURVE('',#3635,#4806);
#4806 = DEFINITIONAL_REPRESENTATION('',(#4807),#4811);
#4807 = LINE('',#4808,#4809);
#4808 = CARTESIAN_POINT('',(30.,0.));
#4809 = VECTOR('',#4810,1.);
#4810 = DIRECTION('',(0.,1.));
#4811 = ( GEOMETRIC_REPRESENTATION_CONTEXT(2) 
PARAMETRIC_REPRESENTATION_CONTEXT() REPRESENTATION_CONTEXT('2D SPACE',''
  ) );
#4812 = PCURVE('',#3593,#4813);
#4813 = DEFINITIONAL_REPRESENTATION('',(#4814),#4818);
#4814 = LINE('',#4815,#4816);
#4815 = CARTESIAN_POINT('',(0.,0.));
#4816 = VECTOR('',#4817,1.);
#4817 = DIRECTION('',(0.,-1.));
#4818 = ( GEOMETRIC_REPRESENTATION_CONTEXT(2) 
PARAMETRIC_REPRESENTATION_CONTEXT() REPRESENTATION_CONTEXT('2D SPACE',''
  ) );
#4819 = ORIENTED_EDGE('',*,*,#3605,.F.);
#4820 = ADVANCED_FACE('',(#4821),#3593,.T.);
#4821 = FACE_BOUND('',#4822,.T.);
#4822 = EDGE_LOOP('',(#4823,#4848,#4871,#4894,#4917,#4945,#4946,#4947));
#4823 = ORIENTED_EDGE('',*,*,#4824,.T.);
#4824 = EDGE_CURVE('',#4825,#4827,#4829,.T.);
#4825 = VERTEX_POINT('',#4826);
#4826 = CARTESIAN_POINT('',(-285.,160.,490.));
#4827 = VERTEX_POINT('',#4828);
#4828 = CARTESIAN_POINT('',(-285.,160.,520.));
#4829 = SURFACE_CURVE('',#4830,(#4834,#4841),.PCURVE_S1.);
#4830 = LINE('',#4831,#4832);
#4831 = CARTESIAN_POINT('',(-285.,160.,490.));
#4832 = VECTOR('',#4833,1.);
#4833 = DIRECTION('',(0.,0.,1.));
#4834 = PCURVE('',#3593,#4835);
#4835 = DEFINITIONAL_REPRESENTATION('',(#4836),#4840);
#4836 = LINE('',#4837,#4838);
#4837 = CARTESIAN_POINT('',(0.,-320.));
#4838 = VECTOR('',#4839,1.);
#4839 = DIRECTION('',(1.,0.));
#4840 = ( GEOMETRIC_REPRESENTATION_CONTEXT(2) 
PARAMETRIC_REPRESENTATION_CONTEXT() REPRESENTATION_CONTEXT('2D SPACE',''
  ) );
#4841 = PCURVE('',#4395,#4842);
#4842 = DEFINITIONAL_REPRESENTATION('',(#4843),#4847);
#4843 = LINE('',#4844,#4845);
#4844 = CARTESIAN_POINT('',(0.,30.));
#4845 = VECTOR('',#4846,1.);
#4846 = DIRECTION('',(1.,0.));
#4847 = ( GEOMETRIC_REPRESENTATION_CONTEXT(2) 
PARAMETRIC_REPRESENTATION_CONTEXT() REPRESENTATION_CONTEXT('2D SPACE',''
  ) );
#4848 = ORIENTED_EDGE('',*,*,#4849,.F.);
#4849 = EDGE_CURVE('',#4850,#4827,#4852,.T.);
#4850 = VERTEX_POINT('',#4851);
#4851 = CARTESIAN_POINT('',(-285.,-160.,520.));
#4852 = SURFACE_CURVE('',#4853,(#4857,#4864),.PCURVE_S1.);
#4853 = LINE('',#4854,#4855);
#4854 = CARTESIAN_POINT('',(-285.,-160.,520.));
#4855 = VECTOR('',#4856,1.);
#4856 = DIRECTION('',(-0.,1.,0.));
#4857 = PCURVE('',#3593,#4858);
#4858 = DEFINITIONAL_REPRESENTATION('',(#4859),#4863);
#4859 = LINE('',#4860,#4861);
#4860 = CARTESIAN_POINT('',(30.,0.));
#4861 = VECTOR('',#4862,1.);
#4862 = DIRECTION('',(0.,-1.));
#4863 = ( GEOMETRIC_REPRESENTATION_CONTEXT(2) 
PARAMETRIC_REPRESENTATION_CONTEXT() REPRESENTATION_CONTEXT('2D SPACE',''
  ) );
#4864 = PCURVE('',#4423,#4865);
#4865 = DEFINITIONAL_REPRESENTATION('',(#4866),#4870);
#4866 = LINE('',#4867,#4868);
#4867 = CARTESIAN_POINT('',(30.,0.));
#4868 = VECTOR('',#4869,1.);
#4869 = DIRECTION('',(0.,1.));
#4870 = ( GEOMETRIC_REPRESENTATION_CONTEXT(2) 
PARAMETRIC_REPRESENTATION_CONTEXT() REPRESENTATION_CONTEXT('2D SPACE',''
  ) );
#4871 = ORIENTED_EDGE('',*,*,#4872,.F.);
#4872 = EDGE_CURVE('',#4873,#4850,#4875,.T.);
#4873 = VERTEX_POINT('',#4874);
#4874 = CARTESIAN_POINT('',(-285.,-160.,490.));
#4875 = SURFACE_CURVE('',#4876,(#4880,#4887),.PCURVE_S1.);
#4876 = LINE('',#4877,#4878);
#4877 = CARTESIAN_POINT('',(-285.,-160.,490.));
#4878 = VECTOR('',#4879,1.);
#4879 = DIRECTION('',(0.,0.,1.));
#4880 = PCURVE('',#3593,#4881);
#4881 = DEFINITIONAL_REPRESENTATION('',(#4882),#4886);
#4882 = LINE('',#4883,#4884);
#4883 = CARTESIAN_POINT('',(0.,0.));
#4884 = VECTOR('',#4885,1.);
#4885 = DIRECTION('',(1.,0.));
#4886 = ( GEOMETRIC_REPRESENTATION_CONTEXT(2) 
PARAMETRIC_REPRESENTATION_CONTEXT() REPRESENTATION_CONTEXT('2D SPACE',''
  ) );
#4887 = PCURVE('',#4451,#4888);
#4888 = DEFINITIONAL_REPRESENTATION('',(#4889),#4893);
#4889 = LINE('',#4890,#4891);
#4890 = CARTESIAN_POINT('',(0.,30.));
#4891 = VECTOR('',#4892,1.);
#4892 = DIRECTION('',(1.,0.));
#4893 = ( GEOMETRIC_REPRESENTATION_CONTEXT(2) 
PARAMETRIC_REPRESENTATION_CONTEXT() REPRESENTATION_CONTEXT('2D SPACE',''
  ) );
#4894 = ORIENTED_EDGE('',*,*,#4895,.T.);
#4895 = EDGE_CURVE('',#4873,#4896,#4898,.T.);
#4896 = VERTEX_POINT('',#4897);
#4897 = CARTESIAN_POINT('',(-285.,-71.17808765547,490.));
#4898 = SURFACE_CURVE('',#4899,(#4903,#4910),.PCURVE_S1.);
#4899 = LINE('',#4900,#4901);
#4900 = CARTESIAN_POINT('',(-285.,-160.,490.));
#4901 = VECTOR('',#4902,1.);
#4902 = DIRECTION('',(-0.,1.,0.));
#4903 = PCURVE('',#3593,#4904);
#4904 = DEFINITIONAL_REPRESENTATION('',(#4905),#4909);
#4905 = LINE('',#4906,#4907);
#4906 = CARTESIAN_POINT('',(0.,0.));
#4907 = VECTOR('',#4908,1.);
#4908 = DIRECTION('',(0.,-1.));
#4909 = ( GEOMETRIC_REPRESENTATION_CONTEXT(2) 
PARAMETRIC_REPRESENTATION_CONTEXT() REPRESENTATION_CONTEXT('2D SPACE',''
  ) );
#4910 = PCURVE('',#4479,#4911);
#4911 = DEFINITIONAL_REPRESENTATION('',(#4912),#4916);
#4912 = LINE('',#4913,#4914);
#4913 = CARTESIAN_POINT('',(30.,0.));
#4914 = VECTOR('',#4915,1.);
#4915 = DIRECTION('',(0.,1.));
#4916 = ( GEOMETRIC_REPRESENTATION_CONTEXT(2) 
PARAMETRIC_REPRESENTATION_CONTEXT() REPRESENTATION_CONTEXT('2D SPACE',''
  ) );
#4917 = ORIENTED_EDGE('',*,*,#4918,.F.);
#4918 = EDGE_CURVE('',#4763,#4896,#4919,.T.);
#4919 = SURFACE_CURVE('',#4920,(#4925,#4932),.PCURVE_S1.);
#4920 = ELLIPSE('',#4921,14.079486227004,11.1);
#4921 = AXIS2_PLACEMENT_3D('',#4922,#4923,#4924);
#4922 = CARTESIAN_POINT('',(-285.,-64.,479.26064625699));
#4923 = DIRECTION('',(1.,0.,-0.));
#4924 = DIRECTION('',(0.,0.,1.));
#4925 = PCURVE('',#3593,#4926);
#4926 = DEFINITIONAL_REPRESENTATION('',(#4927),#4931);
#4927 = ELLIPSE('',#4928,14.079486227004,11.1);
#4928 = AXIS2_PLACEMENT_2D('',#4929,#4930);
#4929 = CARTESIAN_POINT('',(-10.739353743,-96.));
#4930 = DIRECTION('',(1.,0.));
#4931 = ( GEOMETRIC_REPRESENTATION_CONTEXT(2) 
PARAMETRIC_REPRESENTATION_CONTEXT() REPRESENTATION_CONTEXT('2D SPACE',''
  ) );
#4932 = PCURVE('',#4508,#4933);
#4933 = DEFINITIONAL_REPRESENTATION('',(#4934),#4944);
#4934 = B_SPLINE_CURVE_WITH_KNOTS('',8,(#4935,#4936,#4937,#4938,#4939,
    #4940,#4941,#4942,#4943),.UNSPECIFIED.,.F.,.F.,(9,9),(5.294382160837
    ,7.271988453522),.PIECEWISE_BEZIER_KNOTS.);
#4935 = CARTESIAN_POINT('',(4.130395799933,321.18177699843));
#4936 = CARTESIAN_POINT('',(3.883195013347,322.97041378801));
#4937 = CARTESIAN_POINT('',(3.63599422676,324.42654166108));
#4938 = CARTESIAN_POINT('',(3.388793440183,325.38360433292));
#4939 = CARTESIAN_POINT('',(3.141592653577,325.71841530036));
#4940 = CARTESIAN_POINT('',(2.894391867014,325.3836043328));
#4941 = CARTESIAN_POINT('',(2.647191080415,324.42654166114));
#4942 = CARTESIAN_POINT('',(2.399990293833,322.97041378801));
#4943 = CARTESIAN_POINT('',(2.152789507247,321.18177699843));
#4944 = ( GEOMETRIC_REPRESENTATION_CONTEXT(2) 
PARAMETRIC_REPRESENTATION_CONTEXT() REPRESENTATION_CONTEXT('2D SPACE',''
  ) );
#4945 = ORIENTED_EDGE('',*,*,#4799,.T.);
#4946 = ORIENTED_EDGE('',*,*,#3570,.F.);
#4947 = ORIENTED_EDGE('',*,*,#4948,.T.);
#4948 = EDGE_CURVE('',#3529,#4825,#4949,.T.);
#4949 = SURFACE_CURVE('',#4950,(#4954,#4961),.PCURVE_S1.);
#4950 = LINE('',#4951,#4952);
#4951 = CARTESIAN_POINT('',(-285.,-160.,490.));
#4952 = VECTOR('',#4953,1.);
#4953 = DIRECTION('',(-0.,1.,0.));
#4954 = PCURVE('',#3593,#4955);
#4955 = DEFINITIONAL_REPRESENTATION('',(#4956),#4960);
#4956 = LINE('',#4957,#4958);
#4957 = CARTESIAN_POINT('',(0.,0.));
#4958 = VECTOR('',#4959,1.);
#4959 = DIRECTION('',(0.,-1.));
#4960 = ( GEOMETRIC_REPRESENTATION_CONTEXT(2) 
PARAMETRIC_REPRESENTATION_CONTEXT() REPRESENTATION_CONTEXT('2D SPACE',''
  ) );
#4961 = PCURVE('',#3558,#4962);
#4962 = DEFINITIONAL_REPRESENTATION('',(#4963),#4967);
#4963 = LINE('',#4964,#4965);
#4964 = CARTESIAN_POINT('',(30.,0.));
#4965 = VECTOR('',#4966,1.);
#4966 = DIRECTION('',(0.,1.));
#4967 = ( GEOMETRIC_REPRESENTATION_CONTEXT(2) 
PARAMETRIC_REPRESENTATION_CONTEXT() REPRESENTATION_CONTEXT('2D SPACE',''
  ) );
#4968 = ADVANCED_FACE('',(#4969),#3558,.F.);
#4969 = FACE_BOUND('',#4970,.F.);
#4970 = EDGE_LOOP('',(#4971,#4972,#4973,#4974));
#4971 = ORIENTED_EDGE('',*,*,#4737,.F.);
#4972 = ORIENTED_EDGE('',*,*,#3528,.F.);
#4973 = ORIENTED_EDGE('',*,*,#4948,.T.);
#4974 = ORIENTED_EDGE('',*,*,#4975,.F.);
#4975 = EDGE_CURVE('',#4378,#4825,#4976,.T.);
#4976 = SURFACE_CURVE('',#4977,(#4981,#4988),.PCURVE_S1.);
#4977 = LINE('',#4978,#4979);
#4978 = CARTESIAN_POINT('',(-315.,160.,490.));
#4979 = VECTOR('',#4980,1.);
#4980 = DIRECTION('',(1.,0.,-0.));
#4981 = PCURVE('',#3558,#4982);
#4982 = DEFINITIONAL_REPRESENTATION('',(#4983),#4987);
#4983 = LINE('',#4984,#4985);
#4984 = CARTESIAN_POINT('',(0.,320.));
#4985 = VECTOR('',#4986,1.);
#4986 = DIRECTION('',(1.,0.));
#4987 = ( GEOMETRIC_REPRESENTATION_CONTEXT(2) 
PARAMETRIC_REPRESENTATION_CONTEXT() REPRESENTATION_CONTEXT('2D SPACE',''
  ) );
#4988 = PCURVE('',#4395,#4989);
#4989 = DEFINITIONAL_REPRESENTATION('',(#4990),#4994);
#4990 = LINE('',#4991,#4992);
#4991 = CARTESIAN_POINT('',(0.,0.));
#4992 = VECTOR('',#4993,1.);
#4993 = DIRECTION('',(0.,1.));
#4994 = ( GEOMETRIC_REPRESENTATION_CONTEXT(2) 
PARAMETRIC_REPRESENTATION_CONTEXT() REPRESENTATION_CONTEXT('2D SPACE',''
  ) );
#4995 = ADVANCED_FACE('',(#4996),#3803,.F.);
#4996 = FACE_BOUND('',#4997,.F.);
#4997 = EDGE_LOOP('',(#4998,#4999,#5020));
#4998 = ORIENTED_EDGE('',*,*,#3850,.T.);
#4999 = ORIENTED_EDGE('',*,*,#5000,.T.);
#5000 = EDGE_CURVE('',#3816,#3753,#5001,.T.);
#5001 = SURFACE_CURVE('',#5002,(#5006,#5013),.PCURVE_S1.);
#5002 = LINE('',#5003,#5004);
#5003 = CARTESIAN_POINT('',(-285.,-160.,490.));
#5004 = VECTOR('',#5005,1.);
#5005 = DIRECTION('',(-0.,1.,0.));
#5006 = PCURVE('',#3803,#5007);
#5007 = DEFINITIONAL_REPRESENTATION('',(#5008),#5012);
#5008 = LINE('',#5009,#5010);
#5009 = CARTESIAN_POINT('',(30.,0.));
#5010 = VECTOR('',#5011,1.);
#5011 = DIRECTION('',(0.,1.));
#5012 = ( GEOMETRIC_REPRESENTATION_CONTEXT(2) 
PARAMETRIC_REPRESENTATION_CONTEXT() REPRESENTATION_CONTEXT('2D SPACE',''
  ) );
#5013 = PCURVE('',#3838,#5014);
#5014 = DEFINITIONAL_REPRESENTATION('',(#5015),#5019);
#5015 = LINE('',#5016,#5017);
#5016 = CARTESIAN_POINT('',(0.,0.));
#5017 = VECTOR('',#5018,1.);
#5018 = DIRECTION('',(0.,-1.));
#5019 = ( GEOMETRIC_REPRESENTATION_CONTEXT(2) 
PARAMETRIC_REPRESENTATION_CONTEXT() REPRESENTATION_CONTEXT('2D SPACE',''
  ) );
#5020 = ORIENTED_EDGE('',*,*,#3752,.T.);
#5021 = ADVANCED_FACE('',(#5022),#3838,.T.);
#5022 = FACE_BOUND('',#5023,.T.);
#5023 = EDGE_LOOP('',(#5024,#5025));
#5024 = ORIENTED_EDGE('',*,*,#3815,.T.);
#5025 = ORIENTED_EDGE('',*,*,#5000,.T.);
#5026 = ADVANCED_FACE('',(#5027),#4009,.F.);
#5027 = FACE_BOUND('',#5028,.F.);
#5028 = EDGE_LOOP('',(#5029,#5030,#5051));
#5029 = ORIENTED_EDGE('',*,*,#3986,.T.);
#5030 = ORIENTED_EDGE('',*,*,#5031,.T.);
#5031 = EDGE_CURVE('',#3989,#4045,#5032,.T.);
#5032 = SURFACE_CURVE('',#5033,(#5037,#5044),.PCURVE_S1.);
#5033 = LINE('',#5034,#5035);
#5034 = CARTESIAN_POINT('',(285.,-160.,490.));
#5035 = VECTOR('',#5036,1.);
#5036 = DIRECTION('',(-0.,1.,0.));
#5037 = PCURVE('',#4009,#5038);
#5038 = DEFINITIONAL_REPRESENTATION('',(#5039),#5043);
#5039 = LINE('',#5040,#5041);
#5040 = CARTESIAN_POINT('',(0.,0.));
#5041 = VECTOR('',#5042,1.);
#5042 = DIRECTION('',(0.,-1.));
#5043 = ( GEOMETRIC_REPRESENTATION_CONTEXT(2) 
PARAMETRIC_REPRESENTATION_CONTEXT() REPRESENTATION_CONTEXT('2D SPACE',''
  ) );
#5044 = PCURVE('',#4121,#5045);
#5045 = DEFINITIONAL_REPRESENTATION('',(#5046),#5050);
#5046 = LINE('',#5047,#5048);
#5047 = CARTESIAN_POINT('',(0.,0.));
#5048 = VECTOR('',#5049,1.);
#5049 = DIRECTION('',(0.,1.));
#5050 = ( GEOMETRIC_REPRESENTATION_CONTEXT(2) 
PARAMETRIC_REPRESENTATION_CONTEXT() REPRESENTATION_CONTEXT('2D SPACE',''
  ) );
#5051 = ORIENTED_EDGE('',*,*,#4044,.T.);
#5052 = ADVANCED_FACE('',(#5053),#4121,.F.);
#5053 = FACE_BOUND('',#5054,.F.);
#5054 = EDGE_LOOP('',(#5055,#5056));
#5055 = ORIENTED_EDGE('',*,*,#5031,.F.);
#5056 = ORIENTED_EDGE('',*,*,#4072,.T.);
#5057 = ADVANCED_FACE('',(#5058),#4156,.F.);
#5058 = FACE_BOUND('',#5059,.F.);
#5059 = EDGE_LOOP('',(#5060,#5061,#5082,#5083));
#5060 = ORIENTED_EDGE('',*,*,#4139,.F.);
#5061 = ORIENTED_EDGE('',*,*,#5062,.F.);
#5062 = EDGE_CURVE('',#4210,#4140,#5063,.T.);
#5063 = SEAM_CURVE('',#5064,(#5068,#5075),.PCURVE_S1.);
#5064 = LINE('',#5065,#5066);
#5065 = CARTESIAN_POINT('',(304.,-135.,519.));
#5066 = VECTOR('',#5067,1.);
#5067 = DIRECTION('',(0.,0.,1.));
#5068 = PCURVE('',#4156,#5069);
#5069 = DEFINITIONAL_REPRESENTATION('',(#5070),#5074);
#5070 = LINE('',#5071,#5072);
#5071 = CARTESIAN_POINT('',(6.28318530718,-0.));
#5072 = VECTOR('',#5073,1.);
#5073 = DIRECTION('',(0.,1.));
#5074 = ( GEOMETRIC_REPRESENTATION_CONTEXT(2) 
PARAMETRIC_REPRESENTATION_CONTEXT() REPRESENTATION_CONTEXT('2D SPACE',''
  ) );
#5075 = PCURVE('',#4156,#5076);
#5076 = DEFINITIONAL_REPRESENTATION('',(#5077),#5081);
#5077 = LINE('',#5078,#5079);
#5078 = CARTESIAN_POINT('',(0.,-0.));
#5079 = VECTOR('',#5080,1.);
#5080 = DIRECTION('',(0.,1.));
#5081 = ( GEOMETRIC_REPRESENTATION_CONTEXT(2) 
PARAMETRIC_REPRESENTATION_CONTEXT() REPRESENTATION_CONTEXT('2D SPACE',''
  ) );
#5082 = ORIENTED_EDGE('',*,*,#4209,.T.);
#5083 = ORIENTED_EDGE('',*,*,#5062,.T.);
#5084 = ADVANCED_FACE('',(#5085),#4191,.F.);
#5085 = FACE_BOUND('',#5086,.F.);
#5086 = EDGE_LOOP('',(#5087,#5088,#5109,#5110));
#5087 = ORIENTED_EDGE('',*,*,#4174,.F.);
#5088 = ORIENTED_EDGE('',*,*,#5089,.F.);
#5089 = EDGE_CURVE('',#4240,#4175,#5090,.T.);
#5090 = SEAM_CURVE('',#5091,(#5095,#5102),.PCURVE_S1.);
#5091 = LINE('',#5092,#5093);
#5092 = CARTESIAN_POINT('',(304.,135.,519.));
#5093 = VECTOR('',#5094,1.);
#5094 = DIRECTION('',(0.,0.,1.));
#5095 = PCURVE('',#4191,#5096);
#5096 = DEFINITIONAL_REPRESENTATION('',(#5097),#5101);
#5097 = LINE('',#5098,#5099);
#5098 = CARTESIAN_POINT('',(6.28318530718,-0.));
#5099 = VECTOR('',#5100,1.);
#5100 = DIRECTION('',(0.,1.));
#5101 = ( GEOMETRIC_REPRESENTATION_CONTEXT(2) 
PARAMETRIC_REPRESENTATION_CONTEXT() REPRESENTATION_CONTEXT('2D SPACE',''
  ) );
#5102 = PCURVE('',#4191,#5103);
#5103 = DEFINITIONAL_REPRESENTATION('',(#5104),#5108);
#5104 = LINE('',#5105,#5106);
#5105 = CARTESIAN_POINT('',(0.,-0.));
#5106 = VECTOR('',#5107,1.);
#5107 = DIRECTION('',(0.,1.));
#5108 = ( GEOMETRIC_REPRESENTATION_CONTEXT(2) 
PARAMETRIC_REPRESENTATION_CONTEXT() REPRESENTATION_CONTEXT('2D SPACE',''
  ) );
#5109 = ORIENTED_EDGE('',*,*,#4239,.T.);
#5110 = ORIENTED_EDGE('',*,*,#5089,.T.);
#5111 = ADVANCED_FACE('',(#5112),#4342,.F.);
#5112 = FACE_BOUND('',#5113,.F.);
#5113 = EDGE_LOOP('',(#5114,#5115,#5116));
#5114 = ORIENTED_EDGE('',*,*,#4710,.F.);
#5115 = ORIENTED_EDGE('',*,*,#4683,.F.);
#5116 = ORIENTED_EDGE('',*,*,#4321,.T.);
#5117 = ADVANCED_FACE('',(#5118,#5144),#4395,.T.);
#5118 = FACE_BOUND('',#5119,.T.);
#5119 = EDGE_LOOP('',(#5120,#5121,#5122,#5143));
#5120 = ORIENTED_EDGE('',*,*,#4975,.F.);
#5121 = ORIENTED_EDGE('',*,*,#4377,.T.);
#5122 = ORIENTED_EDGE('',*,*,#5123,.T.);
#5123 = EDGE_CURVE('',#4380,#4827,#5124,.T.);
#5124 = SURFACE_CURVE('',#5125,(#5129,#5136),.PCURVE_S1.);
#5125 = LINE('',#5126,#5127);
#5126 = CARTESIAN_POINT('',(-315.,160.,520.));
#5127 = VECTOR('',#5128,1.);
#5128 = DIRECTION('',(1.,0.,-0.));
#5129 = PCURVE('',#4395,#5130);
#5130 = DEFINITIONAL_REPRESENTATION('',(#5131),#5135);
#5131 = LINE('',#5132,#5133);
#5132 = CARTESIAN_POINT('',(30.,0.));
#5133 = VECTOR('',#5134,1.);
#5134 = DIRECTION('',(0.,1.));
#5135 = ( GEOMETRIC_REPRESENTATION_CONTEXT(2) 
PARAMETRIC_REPRESENTATION_CONTEXT() REPRESENTATION_CONTEXT('2D SPACE',''
  ) );
#5136 = PCURVE('',#4423,#5137);
#5137 = DEFINITIONAL_REPRESENTATION('',(#5138),#5142);
#5138 = LINE('',#5139,#5140);
#5139 = CARTESIAN_POINT('',(0.,320.));
#5140 = VECTOR('',#5141,1.);
#5141 = DIRECTION('',(1.,0.));
#5142 = ( GEOMETRIC_REPRESENTATION_CONTEXT(2) 
PARAMETRIC_REPRESENTATION_CONTEXT() REPRESENTATION_CONTEXT('2D SPACE',''
  ) );
#5143 = ORIENTED_EDGE('',*,*,#4824,.F.);
#5144 = FACE_BOUND('',#5145,.T.);
#5145 = EDGE_LOOP('',(#5146,#5174,#5200,#5226));
#5146 = ORIENTED_EDGE('',*,*,#5147,.F.);
#5147 = EDGE_CURVE('',#5148,#5150,#5152,.T.);
#5148 = VERTEX_POINT('',#5149);
#5149 = CARTESIAN_POINT('',(-313.,160.,518.));
#5150 = VERTEX_POINT('',#5151);
#5151 = CARTESIAN_POINT('',(-287.,160.,518.));
#5152 = SURFACE_CURVE('',#5153,(#5157,#5163),.PCURVE_S1.);
#5153 = LINE('',#5154,#5155);
#5154 = CARTESIAN_POINT('',(-314.,160.,518.));
#5155 = VECTOR('',#5156,1.);
#5156 = DIRECTION('',(1.,0.,-0.));
#5157 = PCURVE('',#4395,#5158);
#5158 = DEFINITIONAL_REPRESENTATION('',(#5159),#5162);
#5159 = B_SPLINE_CURVE_WITH_KNOTS('',1,(#5160,#5161),.UNSPECIFIED.,.F.,
  .F.,(2,2),(1.,27.),.PIECEWISE_BEZIER_KNOTS.);
#5160 = CARTESIAN_POINT('',(28.,2.));
#5161 = CARTESIAN_POINT('',(28.,28.));
#5162 = ( GEOMETRIC_REPRESENTATION_CONTEXT(2) 
PARAMETRIC_REPRESENTATION_CONTEXT() REPRESENTATION_CONTEXT('2D SPACE',''
  ) );
#5163 = PCURVE('',#5164,#5169);
#5164 = PLANE('',#5165);
#5165 = AXIS2_PLACEMENT_3D('',#5166,#5167,#5168);
#5166 = CARTESIAN_POINT('',(-313.,-161.,518.));
#5167 = DIRECTION('',(0.,0.,1.));
#5168 = DIRECTION('',(1.,0.,-0.));
#5169 = DEFINITIONAL_REPRESENTATION('',(#5170),#5173);
#5170 = B_SPLINE_CURVE_WITH_KNOTS('',1,(#5171,#5172),.UNSPECIFIED.,.F.,
  .F.,(2,2),(1.,27.),.PIECEWISE_BEZIER_KNOTS.);
#5171 = CARTESIAN_POINT('',(0.,321.));
#5172 = CARTESIAN_POINT('',(26.,321.));
#5173 = ( GEOMETRIC_REPRESENTATION_CONTEXT(2) 
PARAMETRIC_REPRESENTATION_CONTEXT() REPRESENTATION_CONTEXT('2D SPACE',''
  ) );
#5174 = ORIENTED_EDGE('',*,*,#5175,.T.);
#5175 = EDGE_CURVE('',#5148,#5176,#5178,.T.);
#5176 = VERTEX_POINT('',#5177);
#5177 = CARTESIAN_POINT('',(-313.,160.,492.));
#5178 = SURFACE_CURVE('',#5179,(#5183,#5189),.PCURVE_S1.);
#5179 = LINE('',#5180,#5181);
#5180 = CARTESIAN_POINT('',(-313.,160.,491.));
#5181 = VECTOR('',#5182,1.);
#5182 = DIRECTION('',(-0.,0.,-1.));
#5183 = PCURVE('',#4395,#5184);
#5184 = DEFINITIONAL_REPRESENTATION('',(#5185),#5188);
#5185 = B_SPLINE_CURVE_WITH_KNOTS('',1,(#5186,#5187),.UNSPECIFIED.,.F.,
  .F.,(2,2),(-27.,-1.),.PIECEWISE_BEZIER_KNOTS.);
#5186 = CARTESIAN_POINT('',(28.,2.));
#5187 = CARTESIAN_POINT('',(2.,2.));
#5188 = ( GEOMETRIC_REPRESENTATION_CONTEXT(2) 
PARAMETRIC_REPRESENTATION_CONTEXT() REPRESENTATION_CONTEXT('2D SPACE',''
  ) );
#5189 = PCURVE('',#5190,#5195);
#5190 = PLANE('',#5191);
#5191 = AXIS2_PLACEMENT_3D('',#5192,#5193,#5194);
#5192 = CARTESIAN_POINT('',(-313.,-161.,492.));
#5193 = DIRECTION('',(1.,0.,-0.));
#5194 = DIRECTION('',(0.,0.,1.));
#5195 = DEFINITIONAL_REPRESENTATION('',(#5196),#5199);
#5196 = B_SPLINE_CURVE_WITH_KNOTS('',1,(#5197,#5198),.UNSPECIFIED.,.F.,
  .F.,(2,2),(-27.,-1.),.PIECEWISE_BEZIER_KNOTS.);
#5197 = CARTESIAN_POINT('',(26.,-321.));
#5198 = CARTESIAN_POINT('',(0.,-321.));
#5199 = ( GEOMETRIC_REPRESENTATION_CONTEXT(2) 
PARAMETRIC_REPRESENTATION_CONTEXT() REPRESENTATION_CONTEXT('2D SPACE',''
  ) );
#5200 = ORIENTED_EDGE('',*,*,#5201,.T.);
#5201 = EDGE_CURVE('',#5176,#5202,#5204,.T.);
#5202 = VERTEX_POINT('',#5203);
#5203 = CARTESIAN_POINT('',(-287.,160.,492.));
#5204 = SURFACE_CURVE('',#5205,(#5209,#5215),.PCURVE_S1.);
#5205 = LINE('',#5206,#5207);
#5206 = CARTESIAN_POINT('',(-314.,160.,492.));
#5207 = VECTOR('',#5208,1.);
#5208 = DIRECTION('',(1.,0.,-0.));
#5209 = PCURVE('',#4395,#5210);
#5210 = DEFINITIONAL_REPRESENTATION('',(#5211),#5214);
#5211 = B_SPLINE_CURVE_WITH_KNOTS('',1,(#5212,#5213),.UNSPECIFIED.,.F.,
  .F.,(2,2),(1.,27.),.PIECEWISE_BEZIER_KNOTS.);
#5212 = CARTESIAN_POINT('',(2.,2.));
#5213 = CARTESIAN_POINT('',(2.,28.));
#5214 = ( GEOMETRIC_REPRESENTATION_CONTEXT(2) 
PARAMETRIC_REPRESENTATION_CONTEXT() REPRESENTATION_CONTEXT('2D SPACE',''
  ) );
#5215 = PCURVE('',#5216,#5221);
#5216 = PLANE('',#5217);
#5217 = AXIS2_PLACEMENT_3D('',#5218,#5219,#5220);
#5218 = CARTESIAN_POINT('',(-313.,-161.,492.));
#5219 = DIRECTION('',(0.,0.,1.));
#5220 = DIRECTION('',(1.,0.,-0.));
#5221 = DEFINITIONAL_REPRESENTATION('',(#5222),#5225);
#5222 = B_SPLINE_CURVE_WITH_KNOTS('',1,(#5223,#5224),.UNSPECIFIED.,.F.,
  .F.,(2,2),(1.,27.),.PIECEWISE_BEZIER_KNOTS.);
#5223 = CARTESIAN_POINT('',(0.,321.));
#5224 = CARTESIAN_POINT('',(26.,321.));
#5225 = ( GEOMETRIC_REPRESENTATION_CONTEXT(2) 
PARAMETRIC_REPRESENTATION_CONTEXT() REPRESENTATION_CONTEXT('2D SPACE',''
  ) );
#5226 = ORIENTED_EDGE('',*,*,#5227,.F.);
#5227 = EDGE_CURVE('',#5150,#5202,#5228,.T.);
#5228 = SURFACE_CURVE('',#5229,(#5233,#5239),.PCURVE_S1.);
#5229 = LINE('',#5230,#5231);
#5230 = CARTESIAN_POINT('',(-287.,160.,491.));
#5231 = VECTOR('',#5232,1.);
#5232 = DIRECTION('',(-0.,0.,-1.));
#5233 = PCURVE('',#4395,#5234);
#5234 = DEFINITIONAL_REPRESENTATION('',(#5235),#5238);
#5235 = B_SPLINE_CURVE_WITH_KNOTS('',1,(#5236,#5237),.UNSPECIFIED.,.F.,
  .F.,(2,2),(-27.,-1.),.PIECEWISE_BEZIER_KNOTS.);
#5236 = CARTESIAN_POINT('',(28.,28.));
#5237 = CARTESIAN_POINT('',(2.,28.));
#5238 = ( GEOMETRIC_REPRESENTATION_CONTEXT(2) 
PARAMETRIC_REPRESENTATION_CONTEXT() REPRESENTATION_CONTEXT('2D SPACE',''
  ) );
#5239 = PCURVE('',#5240,#5245);
#5240 = PLANE('',#5241);
#5241 = AXIS2_PLACEMENT_3D('',#5242,#5243,#5244);
#5242 = CARTESIAN_POINT('',(-287.,-161.,492.));
#5243 = DIRECTION('',(1.,0.,-0.));
#5244 = DIRECTION('',(0.,0.,1.));
#5245 = DEFINITIONAL_REPRESENTATION('',(#5246),#5249);
#5246 = B_SPLINE_CURVE_WITH_KNOTS('',1,(#5247,#5248),.UNSPECIFIED.,.F.,
  .F.,(2,2),(-27.,-1.),.PIECEWISE_BEZIER_KNOTS.);
#5247 = CARTESIAN_POINT('',(26.,-321.));
#5248 = CARTESIAN_POINT('',(0.,-321.));
#5249 = ( GEOMETRIC_REPRESENTATION_CONTEXT(2) 
PARAMETRIC_REPRESENTATION_CONTEXT() REPRESENTATION_CONTEXT('2D SPACE',''
  ) );
#5250 = ADVANCED_FACE('',(#5251),#4508,.T.);
#5251 = FACE_BOUND('',#5252,.T.);
#5252 = EDGE_LOOP('',(#5253,#5278,#5300,#5301,#5302,#5303,#5338,#5339,
    #5361,#5362));
#5253 = ORIENTED_EDGE('',*,*,#5254,.T.);
#5254 = EDGE_CURVE('',#5255,#5257,#5259,.T.);
#5255 = VERTEX_POINT('',#5256);
#5256 = CARTESIAN_POINT('',(-42.36855648943,-64.,275.85168683153));
#5257 = VERTEX_POINT('',#5258);
#5258 = CARTESIAN_POINT('',(-316.3059058301,-64.,489.60969481951));
#5259 = SEAM_CURVE('',#5260,(#5264,#5271),.PCURVE_S1.);
#5260 = LINE('',#5261,#5262);
#5261 = CARTESIAN_POINT('',(-42.36855648943,-64.,275.85168683153));
#5262 = VECTOR('',#5263,1.);
#5263 = DIRECTION('',(-0.788381040404,2.465190328816E-32,0.615187235833)
  );
#5264 = PCURVE('',#4508,#5265);
#5265 = DEFINITIONAL_REPRESENTATION('',(#5266),#5270);
#5266 = LINE('',#5267,#5268);
#5267 = CARTESIAN_POINT('',(6.28318530718,-0.));
#5268 = VECTOR('',#5269,1.);
#5269 = DIRECTION('',(0.,1.));
#5270 = ( GEOMETRIC_REPRESENTATION_CONTEXT(2) 
PARAMETRIC_REPRESENTATION_CONTEXT() REPRESENTATION_CONTEXT('2D SPACE',''
  ) );
#5271 = PCURVE('',#4508,#5272);
#5272 = DEFINITIONAL_REPRESENTATION('',(#5273),#5277);
#5273 = LINE('',#5274,#5275);
#5274 = CARTESIAN_POINT('',(0.,-0.));
#5275 = VECTOR('',#5276,1.);
#5276 = DIRECTION('',(0.,1.));
#5277 = ( GEOMETRIC_REPRESENTATION_CONTEXT(2) 
PARAMETRIC_REPRESENTATION_CONTEXT() REPRESENTATION_CONTEXT('2D SPACE',''
  ) );
#5278 = ORIENTED_EDGE('',*,*,#5279,.F.);
#5279 = EDGE_CURVE('',#4611,#5257,#5280,.T.);
#5280 = SURFACE_CURVE('',#5281,(#5286,#5293),.PCURVE_S1.);
#5281 = CIRCLE('',#5282,11.1);
#5282 = AXIS2_PLACEMENT_3D('',#5283,#5284,#5285);
#5283 = CARTESIAN_POINT('',(-309.4773275124,-64.,498.360724368));
#5284 = DIRECTION('',(-0.788381040404,0.,0.615187235833));
#5285 = DIRECTION('',(-0.615187235833,0.,-0.788381040404));
#5286 = PCURVE('',#4508,#5287);
#5287 = DEFINITIONAL_REPRESENTATION('',(#5288),#5292);
#5288 = LINE('',#5289,#5290);
#5289 = CARTESIAN_POINT('',(0.,347.46821055002));
#5290 = VECTOR('',#5291,1.);
#5291 = DIRECTION('',(1.,0.));
#5292 = ( GEOMETRIC_REPRESENTATION_CONTEXT(2) 
PARAMETRIC_REPRESENTATION_CONTEXT() REPRESENTATION_CONTEXT('2D SPACE',''
  ) );
#5293 = PCURVE('',#4540,#5294);
#5294 = DEFINITIONAL_REPRESENTATION('',(#5295),#5299);
#5295 = CIRCLE('',#5296,11.1);
#5296 = AXIS2_PLACEMENT_2D('',#5297,#5298);
#5297 = CARTESIAN_POINT('',(0.,0.));
#5298 = DIRECTION('',(1.,0.));
#5299 = ( GEOMETRIC_REPRESENTATION_CONTEXT(2) 
PARAMETRIC_REPRESENTATION_CONTEXT() REPRESENTATION_CONTEXT('2D SPACE',''
  ) );
#5300 = ORIENTED_EDGE('',*,*,#4632,.F.);
#5301 = ORIENTED_EDGE('',*,*,#4762,.F.);
#5302 = ORIENTED_EDGE('',*,*,#4918,.T.);
#5303 = ORIENTED_EDGE('',*,*,#5304,.F.);
#5304 = EDGE_CURVE('',#4464,#4896,#5305,.T.);
#5305 = SURFACE_CURVE('',#5306,(#5311,#5331),.PCURVE_S1.);
#5306 = ELLIPSE('',#5307,18.043287235919,11.1);
#5307 = AXIS2_PLACEMENT_3D('',#5308,#5309,#5310);
#5308 = CARTESIAN_POINT('',(-298.7628064823,-64.,490.));
#5309 = DIRECTION('',(0.,0.,1.));
#5310 = DIRECTION('',(-1.,0.,0.));
#5311 = PCURVE('',#4508,#5312);
#5312 = DEFINITIONAL_REPRESENTATION('',(#5313),#5330);
#5313 = B_SPLINE_CURVE_WITH_KNOTS('',8,(#5314,#5315,#5316,#5317,#5318,
    #5319,#5320,#5321,#5322,#5323,#5324,#5325,#5326,#5327,#5328,#5329),
  .UNSPECIFIED.,.F.,.F.,(9,7,9),(0.299788454499,1.531187518613,
    2.762586582726),.UNSPECIFIED.);
#5314 = CARTESIAN_POINT('',(0.299788454499,347.46821115002));
#5315 = CARTESIAN_POINT('',(0.453713337513,346.82158876306));
#5316 = CARTESIAN_POINT('',(0.607638220527,345.80696765257));
#5317 = CARTESIAN_POINT('',(0.761563103539,344.44769379228));
#5318 = CARTESIAN_POINT('',(0.91548798655,342.7857099378));
#5319 = CARTESIAN_POINT('',(1.06941286957,340.8798003369));
#5320 = CARTESIAN_POINT('',(1.223337752584,338.80143322912));
#5321 = CARTESIAN_POINT('',(1.377262635598,336.62882370483));
#5322 = CARTESIAN_POINT('',(1.685112401627,332.25309991653));
#5323 = CARTESIAN_POINT('',(1.839037284641,330.0499854836));
#5324 = CARTESIAN_POINT('',(1.992962167652,327.91060860152));
#5325 = CARTESIAN_POINT('',(2.146887050672,325.91472605243));
#5326 = CARTESIAN_POINT('',(2.300811933679,324.13689025444));
#5327 = CARTESIAN_POINT('',(2.454736816698,322.64031529211));
#5328 = CARTESIAN_POINT('',(2.608661699712,321.47233390253));
#5329 = CARTESIAN_POINT('',(2.762586582726,320.66219558472));
#5330 = ( GEOMETRIC_REPRESENTATION_CONTEXT(2) 
PARAMETRIC_REPRESENTATION_CONTEXT() REPRESENTATION_CONTEXT('2D SPACE',''
  ) );
#5331 = PCURVE('',#4479,#5332);
#5332 = DEFINITIONAL_REPRESENTATION('',(#5333),#5337);
#5333 = ELLIPSE('',#5334,18.043287235919,11.1);
#5334 = AXIS2_PLACEMENT_2D('',#5335,#5336);
#5335 = CARTESIAN_POINT('',(16.237193517649,96.));
#5336 = DIRECTION('',(-1.,0.));
#5337 = ( GEOMETRIC_REPRESENTATION_CONTEXT(2) 
PARAMETRIC_REPRESENTATION_CONTEXT() REPRESENTATION_CONTEXT('2D SPACE',''
  ) );
#5338 = ORIENTED_EDGE('',*,*,#4491,.F.);
#5339 = ORIENTED_EDGE('',*,*,#5340,.F.);
#5340 = EDGE_CURVE('',#5257,#4492,#5341,.T.);
#5341 = SURFACE_CURVE('',#5342,(#5347,#5354),.PCURVE_S1.);
#5342 = CIRCLE('',#5343,11.1);
#5343 = AXIS2_PLACEMENT_3D('',#5344,#5345,#5346);
#5344 = CARTESIAN_POINT('',(-309.4773275124,-64.,498.360724368));
#5345 = DIRECTION('',(-0.788381040404,0.,0.615187235833));
#5346 = DIRECTION('',(-0.615187235833,0.,-0.788381040404));
#5347 = PCURVE('',#4508,#5348);
#5348 = DEFINITIONAL_REPRESENTATION('',(#5349),#5353);
#5349 = LINE('',#5350,#5351);
#5350 = CARTESIAN_POINT('',(0.,347.46821055002));
#5351 = VECTOR('',#5352,1.);
#5352 = DIRECTION('',(1.,0.));
#5353 = ( GEOMETRIC_REPRESENTATION_CONTEXT(2) 
PARAMETRIC_REPRESENTATION_CONTEXT() REPRESENTATION_CONTEXT('2D SPACE',''
  ) );
#5354 = PCURVE('',#4540,#5355);
#5355 = DEFINITIONAL_REPRESENTATION('',(#5356),#5360);
#5356 = CIRCLE('',#5357,11.1);
#5357 = AXIS2_PLACEMENT_2D('',#5358,#5359);
#5358 = CARTESIAN_POINT('',(0.,0.));
#5359 = DIRECTION('',(1.,0.));
#5360 = ( GEOMETRIC_REPRESENTATION_CONTEXT(2) 
PARAMETRIC_REPRESENTATION_CONTEXT() REPRESENTATION_CONTEXT('2D SPACE',''
  ) );
#5361 = ORIENTED_EDGE('',*,*,#5254,.F.);
#5362 = ORIENTED_EDGE('',*,*,#5363,.T.);
#5363 = EDGE_CURVE('',#5255,#5255,#5364,.T.);
#5364 = SURFACE_CURVE('',#5365,(#5370,#5377),.PCURVE_S1.);
#5365 = CIRCLE('',#5366,11.1);
#5366 = AXIS2_PLACEMENT_3D('',#5367,#5368,#5369);
#5367 = CARTESIAN_POINT('',(-35.53997817169,-64.,284.60271638001));
#5368 = DIRECTION('',(-0.788381040404,0.,0.615187235833));
#5369 = DIRECTION('',(-0.615187235833,0.,-0.788381040404));
#5370 = PCURVE('',#4508,#5371);
#5371 = DEFINITIONAL_REPRESENTATION('',(#5372),#5376);
#5372 = LINE('',#5373,#5374);
#5373 = CARTESIAN_POINT('',(0.,0.));
#5374 = VECTOR('',#5375,1.);
#5375 = DIRECTION('',(1.,0.));
#5376 = ( GEOMETRIC_REPRESENTATION_CONTEXT(2) 
PARAMETRIC_REPRESENTATION_CONTEXT() REPRESENTATION_CONTEXT('2D SPACE',''
  ) );
#5377 = PCURVE('',#5378,#5383);
#5378 = PLANE('',#5379);
#5379 = AXIS2_PLACEMENT_3D('',#5380,#5381,#5382);
#5380 = CARTESIAN_POINT('',(-35.53997817169,-64.,284.60271638001));
#5381 = DIRECTION('',(-0.788381040404,0.,0.615187235833));
#5382 = DIRECTION('',(-0.615187235833,0.,-0.788381040404));
#5383 = DEFINITIONAL_REPRESENTATION('',(#5384),#5388);
#5384 = CIRCLE('',#5385,11.1);
#5385 = AXIS2_PLACEMENT_2D('',#5386,#5387);
#5386 = CARTESIAN_POINT('',(0.,0.));
#5387 = DIRECTION('',(1.,0.));
#5388 = ( GEOMETRIC_REPRESENTATION_CONTEXT(2) 
PARAMETRIC_REPRESENTATION_CONTEXT() REPRESENTATION_CONTEXT('2D SPACE',''
  ) );
#5389 = ADVANCED_FACE('',(#5390),#4540,.T.);
#5390 = FACE_BOUND('',#5391,.T.);
#5391 = EDGE_LOOP('',(#5392,#5393,#5394,#5395,#5421));
#5392 = ORIENTED_EDGE('',*,*,#5279,.T.);
#5393 = ORIENTED_EDGE('',*,*,#5340,.T.);
#5394 = ORIENTED_EDGE('',*,*,#4524,.T.);
#5395 = ORIENTED_EDGE('',*,*,#5396,.T.);
#5396 = EDGE_CURVE('',#4525,#4584,#5397,.T.);
#5397 = SURFACE_CURVE('',#5398,(#5403,#5414),.PCURVE_S1.);
#5398 = CIRCLE('',#5399,9.5);
#5399 = AXIS2_PLACEMENT_3D('',#5400,#5401,#5402);
#5400 = CARTESIAN_POINT('',(-309.4773275124,-64.,498.360724368));
#5401 = DIRECTION('',(0.788381040404,4.912736883966E-15,-0.615187235833)
  );
#5402 = DIRECTION('',(-0.581333946058,-0.327154816871,-0.744997026141));
#5403 = PCURVE('',#4540,#5404);
#5404 = DEFINITIONAL_REPRESENTATION('',(#5405),#5413);
#5405 = ( BOUNDED_CURVE() B_SPLINE_CURVE(2,(#5406,#5407,#5408,#5409,
#5410,#5411,#5412),.UNSPECIFIED.,.T.,.F.) B_SPLINE_CURVE_WITH_KNOTS((1,2
    ,2,2,2,1),(-2.094395102393,0.,2.094395102393,4.188790204786,
6.28318530718,8.377580409573),.UNSPECIFIED.) CURVE() 
GEOMETRIC_REPRESENTATION_ITEM() RATIONAL_B_SPLINE_CURVE((1.,0.5,1.,0.5,
1.,0.5,1.)) REPRESENTATION_ITEM('') );
#5406 = CARTESIAN_POINT('',(8.97722216241,3.107970760278));
#5407 = CARTESIAN_POINT('',(14.360385427649,-12.44103413584));
#5408 = CARTESIAN_POINT('',(-1.797029448585,-9.328487828202));
#5409 = CARTESIAN_POINT('',(-17.95444432481,-6.215941520556));
#5410 = CARTESIAN_POINT('',(-7.180192713825,6.220517067924));
#5411 = CARTESIAN_POINT('',(3.59405889717,18.656975656405));
#5412 = CARTESIAN_POINT('',(8.97722216241,3.107970760278));
#5413 = ( GEOMETRIC_REPRESENTATION_CONTEXT(2) 
PARAMETRIC_REPRESENTATION_CONTEXT() REPRESENTATION_CONTEXT('2D SPACE',''
  ) );
#5414 = PCURVE('',#4568,#5415);
#5415 = DEFINITIONAL_REPRESENTATION('',(#5416),#5420);
#5416 = LINE('',#5417,#5418);
#5417 = CARTESIAN_POINT('',(6.61647643792,347.46821055002));
#5418 = VECTOR('',#5419,1.);
#5419 = DIRECTION('',(-1.,-0.));
#5420 = ( GEOMETRIC_REPRESENTATION_CONTEXT(2) 
PARAMETRIC_REPRESENTATION_CONTEXT() REPRESENTATION_CONTEXT('2D SPACE',''
  ) );
#5421 = ORIENTED_EDGE('',*,*,#4610,.T.);
#5422 = ADVANCED_FACE('',(#5423),#4568,.F.);
#5423 = FACE_BOUND('',#5424,.F.);
#5424 = EDGE_LOOP('',(#5425,#5426,#5427));
#5425 = ORIENTED_EDGE('',*,*,#4583,.F.);
#5426 = ORIENTED_EDGE('',*,*,#4551,.F.);
#5427 = ORIENTED_EDGE('',*,*,#5396,.T.);
#5428 = ADVANCED_FACE('',(#5429),#4479,.F.);
#5429 = FACE_BOUND('',#5430,.F.);
#5430 = EDGE_LOOP('',(#5431,#5432,#5453,#5454));
#5431 = ORIENTED_EDGE('',*,*,#4463,.F.);
#5432 = ORIENTED_EDGE('',*,*,#5433,.T.);
#5433 = EDGE_CURVE('',#4436,#4873,#5434,.T.);
#5434 = SURFACE_CURVE('',#5435,(#5439,#5446),.PCURVE_S1.);
#5435 = LINE('',#5436,#5437);
#5436 = CARTESIAN_POINT('',(-315.,-160.,490.));
#5437 = VECTOR('',#5438,1.);
#5438 = DIRECTION('',(1.,0.,-0.));
#5439 = PCURVE('',#4479,#5440);
#5440 = DEFINITIONAL_REPRESENTATION('',(#5441),#5445);
#5441 = LINE('',#5442,#5443);
#5442 = CARTESIAN_POINT('',(0.,0.));
#5443 = VECTOR('',#5444,1.);
#5444 = DIRECTION('',(1.,0.));
#5445 = ( GEOMETRIC_REPRESENTATION_CONTEXT(2) 
PARAMETRIC_REPRESENTATION_CONTEXT() REPRESENTATION_CONTEXT('2D SPACE',''
  ) );
#5446 = PCURVE('',#4451,#5447);
#5447 = DEFINITIONAL_REPRESENTATION('',(#5448),#5452);
#5448 = LINE('',#5449,#5450);
#5449 = CARTESIAN_POINT('',(0.,0.));
#5450 = VECTOR('',#5451,1.);
#5451 = DIRECTION('',(0.,1.));
#5452 = ( GEOMETRIC_REPRESENTATION_CONTEXT(2) 
PARAMETRIC_REPRESENTATION_CONTEXT() REPRESENTATION_CONTEXT('2D SPACE',''
  ) );
#5453 = ORIENTED_EDGE('',*,*,#4895,.T.);
#5454 = ORIENTED_EDGE('',*,*,#5304,.F.);
#5455 = ADVANCED_FACE('',(#5456,#5482),#4451,.F.);
#5456 = FACE_BOUND('',#5457,.F.);
#5457 = EDGE_LOOP('',(#5458,#5459,#5460,#5481));
#5458 = ORIENTED_EDGE('',*,*,#5433,.F.);
#5459 = ORIENTED_EDGE('',*,*,#4435,.T.);
#5460 = ORIENTED_EDGE('',*,*,#5461,.T.);
#5461 = EDGE_CURVE('',#4408,#4850,#5462,.T.);
#5462 = SURFACE_CURVE('',#5463,(#5467,#5474),.PCURVE_S1.);
#5463 = LINE('',#5464,#5465);
#5464 = CARTESIAN_POINT('',(-315.,-160.,520.));
#5465 = VECTOR('',#5466,1.);
#5466 = DIRECTION('',(1.,0.,-0.));
#5467 = PCURVE('',#4451,#5468);
#5468 = DEFINITIONAL_REPRESENTATION('',(#5469),#5473);
#5469 = LINE('',#5470,#5471);
#5470 = CARTESIAN_POINT('',(30.,0.));
#5471 = VECTOR('',#5472,1.);
#5472 = DIRECTION('',(0.,1.));
#5473 = ( GEOMETRIC_REPRESENTATION_CONTEXT(2) 
PARAMETRIC_REPRESENTATION_CONTEXT() REPRESENTATION_CONTEXT('2D SPACE',''
  ) );
#5474 = PCURVE('',#4423,#5475);
#5475 = DEFINITIONAL_REPRESENTATION('',(#5476),#5480);
#5476 = LINE('',#5477,#5478);
#5477 = CARTESIAN_POINT('',(0.,0.));
#5478 = VECTOR('',#5479,1.);
#5479 = DIRECTION('',(1.,0.));
#5480 = ( GEOMETRIC_REPRESENTATION_CONTEXT(2) 
PARAMETRIC_REPRESENTATION_CONTEXT() REPRESENTATION_CONTEXT('2D SPACE',''
  ) );
#5481 = ORIENTED_EDGE('',*,*,#4872,.F.);
#5482 = FACE_BOUND('',#5483,.F.);
#5483 = EDGE_LOOP('',(#5484,#5507,#5528,#5549));
#5484 = ORIENTED_EDGE('',*,*,#5485,.F.);
#5485 = EDGE_CURVE('',#5486,#5488,#5490,.T.);
#5486 = VERTEX_POINT('',#5487);
#5487 = CARTESIAN_POINT('',(-313.,-160.,518.));
#5488 = VERTEX_POINT('',#5489);
#5489 = CARTESIAN_POINT('',(-287.,-160.,518.));
#5490 = SURFACE_CURVE('',#5491,(#5495,#5501),.PCURVE_S1.);
#5491 = LINE('',#5492,#5493);
#5492 = CARTESIAN_POINT('',(-314.,-160.,518.));
#5493 = VECTOR('',#5494,1.);
#5494 = DIRECTION('',(1.,0.,-0.));
#5495 = PCURVE('',#4451,#5496);
#5496 = DEFINITIONAL_REPRESENTATION('',(#5497),#5500);
#5497 = B_SPLINE_CURVE_WITH_KNOTS('',1,(#5498,#5499),.UNSPECIFIED.,.F.,
  .F.,(2,2),(1.,27.),.PIECEWISE_BEZIER_KNOTS.);
#5498 = CARTESIAN_POINT('',(28.,2.));
#5499 = CARTESIAN_POINT('',(28.,28.));
#5500 = ( GEOMETRIC_REPRESENTATION_CONTEXT(2) 
PARAMETRIC_REPRESENTATION_CONTEXT() REPRESENTATION_CONTEXT('2D SPACE',''
  ) );
#5501 = PCURVE('',#5164,#5502);
#5502 = DEFINITIONAL_REPRESENTATION('',(#5503),#5506);
#5503 = B_SPLINE_CURVE_WITH_KNOTS('',1,(#5504,#5505),.UNSPECIFIED.,.F.,
  .F.,(2,2),(1.,27.),.PIECEWISE_BEZIER_KNOTS.);
#5504 = CARTESIAN_POINT('',(0.,1.));
#5505 = CARTESIAN_POINT('',(26.,1.));
#5506 = ( GEOMETRIC_REPRESENTATION_CONTEXT(2) 
PARAMETRIC_REPRESENTATION_CONTEXT() REPRESENTATION_CONTEXT('2D SPACE',''
  ) );
#5507 = ORIENTED_EDGE('',*,*,#5508,.T.);
#5508 = EDGE_CURVE('',#5486,#5509,#5511,.T.);
#5509 = VERTEX_POINT('',#5510);
#5510 = CARTESIAN_POINT('',(-313.,-160.,492.));
#5511 = SURFACE_CURVE('',#5512,(#5516,#5522),.PCURVE_S1.);
#5512 = LINE('',#5513,#5514);
#5513 = CARTESIAN_POINT('',(-313.,-160.,491.));
#5514 = VECTOR('',#5515,1.);
#5515 = DIRECTION('',(-0.,0.,-1.));
#5516 = PCURVE('',#4451,#5517);
#5517 = DEFINITIONAL_REPRESENTATION('',(#5518),#5521);
#5518 = B_SPLINE_CURVE_WITH_KNOTS('',1,(#5519,#5520),.UNSPECIFIED.,.F.,
  .F.,(2,2),(-27.,-1.),.PIECEWISE_BEZIER_KNOTS.);
#5519 = CARTESIAN_POINT('',(28.,2.));
#5520 = CARTESIAN_POINT('',(2.,2.));
#5521 = ( GEOMETRIC_REPRESENTATION_CONTEXT(2) 
PARAMETRIC_REPRESENTATION_CONTEXT() REPRESENTATION_CONTEXT('2D SPACE',''
  ) );
#5522 = PCURVE('',#5190,#5523);
#5523 = DEFINITIONAL_REPRESENTATION('',(#5524),#5527);
#5524 = B_SPLINE_CURVE_WITH_KNOTS('',1,(#5525,#5526),.UNSPECIFIED.,.F.,
  .F.,(2,2),(-27.,-1.),.PIECEWISE_BEZIER_KNOTS.);
#5525 = CARTESIAN_POINT('',(26.,-1.));
#5526 = CARTESIAN_POINT('',(0.,-1.));
#5527 = ( GEOMETRIC_REPRESENTATION_CONTEXT(2) 
PARAMETRIC_REPRESENTATION_CONTEXT() REPRESENTATION_CONTEXT('2D SPACE',''
  ) );
#5528 = ORIENTED_EDGE('',*,*,#5529,.T.);
#5529 = EDGE_CURVE('',#5509,#5530,#5532,.T.);
#5530 = VERTEX_POINT('',#5531);
#5531 = CARTESIAN_POINT('',(-287.,-160.,492.));
#5532 = SURFACE_CURVE('',#5533,(#5537,#5543),.PCURVE_S1.);
#5533 = LINE('',#5534,#5535);
#5534 = CARTESIAN_POINT('',(-314.,-160.,492.));
#5535 = VECTOR('',#5536,1.);
#5536 = DIRECTION('',(1.,0.,-0.));
#5537 = PCURVE('',#4451,#5538);
#5538 = DEFINITIONAL_REPRESENTATION('',(#5539),#5542);
#5539 = B_SPLINE_CURVE_WITH_KNOTS('',1,(#5540,#5541),.UNSPECIFIED.,.F.,
  .F.,(2,2),(1.,27.),.PIECEWISE_BEZIER_KNOTS.);
#5540 = CARTESIAN_POINT('',(2.,2.));
#5541 = CARTESIAN_POINT('',(2.,28.));
#5542 = ( GEOMETRIC_REPRESENTATION_CONTEXT(2) 
PARAMETRIC_REPRESENTATION_CONTEXT() REPRESENTATION_CONTEXT('2D SPACE',''
  ) );
#5543 = PCURVE('',#5216,#5544);
#5544 = DEFINITIONAL_REPRESENTATION('',(#5545),#5548);
#5545 = B_SPLINE_CURVE_WITH_KNOTS('',1,(#5546,#5547),.UNSPECIFIED.,.F.,
  .F.,(2,2),(1.,27.),.PIECEWISE_BEZIER_KNOTS.);
#5546 = CARTESIAN_POINT('',(0.,1.));
#5547 = CARTESIAN_POINT('',(26.,1.));
#5548 = ( GEOMETRIC_REPRESENTATION_CONTEXT(2) 
PARAMETRIC_REPRESENTATION_CONTEXT() REPRESENTATION_CONTEXT('2D SPACE',''
  ) );
#5549 = ORIENTED_EDGE('',*,*,#5550,.F.);
#5550 = EDGE_CURVE('',#5488,#5530,#5551,.T.);
#5551 = SURFACE_CURVE('',#5552,(#5556,#5562),.PCURVE_S1.);
#5552 = LINE('',#5553,#5554);
#5553 = CARTESIAN_POINT('',(-287.,-160.,491.));
#5554 = VECTOR('',#5555,1.);
#5555 = DIRECTION('',(-0.,0.,-1.));
#5556 = PCURVE('',#4451,#5557);
#5557 = DEFINITIONAL_REPRESENTATION('',(#5558),#5561);
#5558 = B_SPLINE_CURVE_WITH_KNOTS('',1,(#5559,#5560),.UNSPECIFIED.,.F.,
  .F.,(2,2),(-27.,-1.),.PIECEWISE_BEZIER_KNOTS.);
#5559 = CARTESIAN_POINT('',(28.,28.));
#5560 = CARTESIAN_POINT('',(2.,28.));
#5561 = ( GEOMETRIC_REPRESENTATION_CONTEXT(2) 
PARAMETRIC_REPRESENTATION_CONTEXT() REPRESENTATION_CONTEXT('2D SPACE',''
  ) );
#5562 = PCURVE('',#5240,#5563);
#5563 = DEFINITIONAL_REPRESENTATION('',(#5564),#5567);
#5564 = B_SPLINE_CURVE_WITH_KNOTS('',1,(#5565,#5566),.UNSPECIFIED.,.F.,
  .F.,(2,2),(-27.,-1.),.PIECEWISE_BEZIER_KNOTS.);
#5565 = CARTESIAN_POINT('',(26.,-1.));
#5566 = CARTESIAN_POINT('',(0.,-1.));
#5567 = ( GEOMETRIC_REPRESENTATION_CONTEXT(2) 
PARAMETRIC_REPRESENTATION_CONTEXT() REPRESENTATION_CONTEXT('2D SPACE',''
  ) );
#5568 = ADVANCED_FACE('',(#5569,#5575,#5606),#4423,.T.);
#5569 = FACE_BOUND('',#5570,.T.);
#5570 = EDGE_LOOP('',(#5571,#5572,#5573,#5574));
#5571 = ORIENTED_EDGE('',*,*,#4407,.F.);
#5572 = ORIENTED_EDGE('',*,*,#5461,.T.);
#5573 = ORIENTED_EDGE('',*,*,#4849,.T.);
#5574 = ORIENTED_EDGE('',*,*,#5123,.F.);
#5575 = FACE_BOUND('',#5576,.T.);
#5576 = EDGE_LOOP('',(#5577));
#5577 = ORIENTED_EDGE('',*,*,#5578,.F.);
#5578 = EDGE_CURVE('',#5579,#5579,#5581,.T.);
#5579 = VERTEX_POINT('',#5580);
#5580 = CARTESIAN_POINT('',(-293.5,-135.,520.));
#5581 = SURFACE_CURVE('',#5582,(#5587,#5594),.PCURVE_S1.);
#5582 = CIRCLE('',#5583,6.5);
#5583 = AXIS2_PLACEMENT_3D('',#5584,#5585,#5586);
#5584 = CARTESIAN_POINT('',(-300.,-135.,520.));
#5585 = DIRECTION('',(0.,0.,1.));
#5586 = DIRECTION('',(1.,0.,-0.));
#5587 = PCURVE('',#4423,#5588);
#5588 = DEFINITIONAL_REPRESENTATION('',(#5589),#5593);
#5589 = CIRCLE('',#5590,6.5);
#5590 = AXIS2_PLACEMENT_2D('',#5591,#5592);
#5591 = CARTESIAN_POINT('',(15.,25.));
#5592 = DIRECTION('',(1.,0.));
#5593 = ( GEOMETRIC_REPRESENTATION_CONTEXT(2) 
PARAMETRIC_REPRESENTATION_CONTEXT() REPRESENTATION_CONTEXT('2D SPACE',''
  ) );
#5594 = PCURVE('',#5595,#5600);
#5595 = CYLINDRICAL_SURFACE('',#5596,6.5);
#5596 = AXIS2_PLACEMENT_3D('',#5597,#5598,#5599);
#5597 = CARTESIAN_POINT('',(-300.,-135.,520.));
#5598 = DIRECTION('',(0.,0.,1.));
#5599 = DIRECTION('',(1.,0.,-0.));
#5600 = DEFINITIONAL_REPRESENTATION('',(#5601),#5605);
#5601 = LINE('',#5602,#5603);
#5602 = CARTESIAN_POINT('',(0.,0.));
#5603 = VECTOR('',#5604,1.);
#5604 = DIRECTION('',(1.,0.));
#5605 = ( GEOMETRIC_REPRESENTATION_CONTEXT(2) 
PARAMETRIC_REPRESENTATION_CONTEXT() REPRESENTATION_CONTEXT('2D SPACE',''
  ) );
#5606 = FACE_BOUND('',#5607,.T.);
#5607 = EDGE_LOOP('',(#5608));
#5608 = ORIENTED_EDGE('',*,*,#5609,.F.);
#5609 = EDGE_CURVE('',#5610,#5610,#5612,.T.);
#5610 = VERTEX_POINT('',#5611);
#5611 = CARTESIAN_POINT('',(-293.5,135.,520.));
#5612 = SURFACE_CURVE('',#5613,(#5618,#5625),.PCURVE_S1.);
#5613 = CIRCLE('',#5614,6.5);
#5614 = AXIS2_PLACEMENT_3D('',#5615,#5616,#5617);
#5615 = CARTESIAN_POINT('',(-300.,135.,520.));
#5616 = DIRECTION('',(0.,0.,1.));
#5617 = DIRECTION('',(1.,0.,-0.));
#5618 = PCURVE('',#4423,#5619);
#5619 = DEFINITIONAL_REPRESENTATION('',(#5620),#5624);
#5620 = CIRCLE('',#5621,6.5);
#5621 = AXIS2_PLACEMENT_2D('',#5622,#5623);
#5622 = CARTESIAN_POINT('',(15.,295.));
#5623 = DIRECTION('',(1.,0.));
#5624 = ( GEOMETRIC_REPRESENTATION_CONTEXT(2) 
PARAMETRIC_REPRESENTATION_CONTEXT() REPRESENTATION_CONTEXT('2D SPACE',''
  ) );
#5625 = PCURVE('',#5626,#5631);
#5626 = CYLINDRICAL_SURFACE('',#5627,6.5);
#5627 = AXIS2_PLACEMENT_3D('',#5628,#5629,#5630);
#5628 = CARTESIAN_POINT('',(-300.,135.,520.));
#5629 = DIRECTION('',(0.,0.,1.));
#5630 = DIRECTION('',(1.,0.,-0.));
#5631 = DEFINITIONAL_REPRESENTATION('',(#5632),#5636);
#5632 = LINE('',#5633,#5634);
#5633 = CARTESIAN_POINT('',(0.,0.));
#5634 = VECTOR('',#5635,1.);
#5635 = DIRECTION('',(1.,0.));
#5636 = ( GEOMETRIC_REPRESENTATION_CONTEXT(2) 
PARAMETRIC_REPRESENTATION_CONTEXT() REPRESENTATION_CONTEXT('2D SPACE',''
  ) );
#5637 = ADVANCED_FACE('',(#5638,#5684,#5715),#5164,.F.);
#5638 = FACE_BOUND('',#5639,.F.);
#5639 = EDGE_LOOP('',(#5640,#5661,#5662,#5683));
#5640 = ORIENTED_EDGE('',*,*,#5641,.F.);
#5641 = EDGE_CURVE('',#5486,#5148,#5642,.T.);
#5642 = SURFACE_CURVE('',#5643,(#5647,#5654),.PCURVE_S1.);
#5643 = LINE('',#5644,#5645);
#5644 = CARTESIAN_POINT('',(-313.,-161.,518.));
#5645 = VECTOR('',#5646,1.);
#5646 = DIRECTION('',(-0.,1.,0.));
#5647 = PCURVE('',#5164,#5648);
#5648 = DEFINITIONAL_REPRESENTATION('',(#5649),#5653);
#5649 = LINE('',#5650,#5651);
#5650 = CARTESIAN_POINT('',(0.,0.));
#5651 = VECTOR('',#5652,1.);
#5652 = DIRECTION('',(0.,1.));
#5653 = ( GEOMETRIC_REPRESENTATION_CONTEXT(2) 
PARAMETRIC_REPRESENTATION_CONTEXT() REPRESENTATION_CONTEXT('2D SPACE',''
  ) );
#5654 = PCURVE('',#5190,#5655);
#5655 = DEFINITIONAL_REPRESENTATION('',(#5656),#5660);
#5656 = LINE('',#5657,#5658);
#5657 = CARTESIAN_POINT('',(26.,0.));
#5658 = VECTOR('',#5659,1.);
#5659 = DIRECTION('',(0.,-1.));
#5660 = ( GEOMETRIC_REPRESENTATION_CONTEXT(2) 
PARAMETRIC_REPRESENTATION_CONTEXT() REPRESENTATION_CONTEXT('2D SPACE',''
  ) );
#5661 = ORIENTED_EDGE('',*,*,#5485,.T.);
#5662 = ORIENTED_EDGE('',*,*,#5663,.T.);
#5663 = EDGE_CURVE('',#5488,#5150,#5664,.T.);
#5664 = SURFACE_CURVE('',#5665,(#5669,#5676),.PCURVE_S1.);
#5665 = LINE('',#5666,#5667);
#5666 = CARTESIAN_POINT('',(-287.,-161.,518.));
#5667 = VECTOR('',#5668,1.);
#5668 = DIRECTION('',(-0.,1.,0.));
#5669 = PCURVE('',#5164,#5670);
#5670 = DEFINITIONAL_REPRESENTATION('',(#5671),#5675);
#5671 = LINE('',#5672,#5673);
#5672 = CARTESIAN_POINT('',(26.,0.));
#5673 = VECTOR('',#5674,1.);
#5674 = DIRECTION('',(0.,1.));
#5675 = ( GEOMETRIC_REPRESENTATION_CONTEXT(2) 
PARAMETRIC_REPRESENTATION_CONTEXT() REPRESENTATION_CONTEXT('2D SPACE',''
  ) );
#5676 = PCURVE('',#5240,#5677);
#5677 = DEFINITIONAL_REPRESENTATION('',(#5678),#5682);
#5678 = LINE('',#5679,#5680);
#5679 = CARTESIAN_POINT('',(26.,0.));
#5680 = VECTOR('',#5681,1.);
#5681 = DIRECTION('',(0.,-1.));
#5682 = ( GEOMETRIC_REPRESENTATION_CONTEXT(2) 
PARAMETRIC_REPRESENTATION_CONTEXT() REPRESENTATION_CONTEXT('2D SPACE',''
  ) );
#5683 = ORIENTED_EDGE('',*,*,#5147,.F.);
#5684 = FACE_BOUND('',#5685,.F.);
#5685 = EDGE_LOOP('',(#5686));
#5686 = ORIENTED_EDGE('',*,*,#5687,.F.);
#5687 = EDGE_CURVE('',#5688,#5688,#5690,.T.);
#5688 = VERTEX_POINT('',#5689);
#5689 = CARTESIAN_POINT('',(-295.5,-135.,518.));
#5690 = SURFACE_CURVE('',#5691,(#5696,#5703),.PCURVE_S1.);
#5691 = CIRCLE('',#5692,4.5);
#5692 = AXIS2_PLACEMENT_3D('',#5693,#5694,#5695);
#5693 = CARTESIAN_POINT('',(-300.,-135.,518.));
#5694 = DIRECTION('',(0.,0.,1.));
#5695 = DIRECTION('',(1.,0.,-0.));
#5696 = PCURVE('',#5164,#5697);
#5697 = DEFINITIONAL_REPRESENTATION('',(#5698),#5702);
#5698 = CIRCLE('',#5699,4.5);
#5699 = AXIS2_PLACEMENT_2D('',#5700,#5701);
#5700 = CARTESIAN_POINT('',(13.,26.));
#5701 = DIRECTION('',(1.,0.));
#5702 = ( GEOMETRIC_REPRESENTATION_CONTEXT(2) 
PARAMETRIC_REPRESENTATION_CONTEXT() REPRESENTATION_CONTEXT('2D SPACE',''
  ) );
#5703 = PCURVE('',#5704,#5709);
#5704 = CYLINDRICAL_SURFACE('',#5705,4.5);
#5705 = AXIS2_PLACEMENT_3D('',#5706,#5707,#5708);
#5706 = CARTESIAN_POINT('',(-300.,-135.,517.));
#5707 = DIRECTION('',(0.,0.,1.));
#5708 = DIRECTION('',(1.,0.,-0.));
#5709 = DEFINITIONAL_REPRESENTATION('',(#5710),#5714);
#5710 = LINE('',#5711,#5712);
#5711 = CARTESIAN_POINT('',(0.,1.));
#5712 = VECTOR('',#5713,1.);
#5713 = DIRECTION('',(1.,0.));
#5714 = ( GEOMETRIC_REPRESENTATION_CONTEXT(2) 
PARAMETRIC_REPRESENTATION_CONTEXT() REPRESENTATION_CONTEXT('2D SPACE',''
  ) );
#5715 = FACE_BOUND('',#5716,.F.);
#5716 = EDGE_LOOP('',(#5717));
#5717 = ORIENTED_EDGE('',*,*,#5718,.F.);
#5718 = EDGE_CURVE('',#5719,#5719,#5721,.T.);
#5719 = VERTEX_POINT('',#5720);
#5720 = CARTESIAN_POINT('',(-295.5,135.,518.));
#5721 = SURFACE_CURVE('',#5722,(#5727,#5734),.PCURVE_S1.);
#5722 = CIRCLE('',#5723,4.5);
#5723 = AXIS2_PLACEMENT_3D('',#5724,#5725,#5726);
#5724 = CARTESIAN_POINT('',(-300.,135.,518.));
#5725 = DIRECTION('',(0.,0.,1.));
#5726 = DIRECTION('',(1.,0.,-0.));
#5727 = PCURVE('',#5164,#5728);
#5728 = DEFINITIONAL_REPRESENTATION('',(#5729),#5733);
#5729 = CIRCLE('',#5730,4.5);
#5730 = AXIS2_PLACEMENT_2D('',#5731,#5732);
#5731 = CARTESIAN_POINT('',(13.,296.));
#5732 = DIRECTION('',(1.,0.));
#5733 = ( GEOMETRIC_REPRESENTATION_CONTEXT(2) 
PARAMETRIC_REPRESENTATION_CONTEXT() REPRESENTATION_CONTEXT('2D SPACE',''
  ) );
#5734 = PCURVE('',#5735,#5740);
#5735 = CYLINDRICAL_SURFACE('',#5736,4.5);
#5736 = AXIS2_PLACEMENT_3D('',#5737,#5738,#5739);
#5737 = CARTESIAN_POINT('',(-300.,135.,517.));
#5738 = DIRECTION('',(0.,0.,1.));
#5739 = DIRECTION('',(1.,0.,-0.));
#5740 = DEFINITIONAL_REPRESENTATION('',(#5741),#5745);
#5741 = LINE('',#5742,#5743);
#5742 = CARTESIAN_POINT('',(0.,1.));
#5743 = VECTOR('',#5744,1.);
#5744 = DIRECTION('',(1.,0.));
#5745 = ( GEOMETRIC_REPRESENTATION_CONTEXT(2) 
PARAMETRIC_REPRESENTATION_CONTEXT() REPRESENTATION_CONTEXT('2D SPACE',''
  ) );
#5746 = ADVANCED_FACE('',(#5747),#5240,.F.);
#5747 = FACE_BOUND('',#5748,.F.);
#5748 = EDGE_LOOP('',(#5749,#5750,#5751,#5772));
#5749 = ORIENTED_EDGE('',*,*,#5663,.F.);
#5750 = ORIENTED_EDGE('',*,*,#5550,.T.);
#5751 = ORIENTED_EDGE('',*,*,#5752,.T.);
#5752 = EDGE_CURVE('',#5530,#5202,#5753,.T.);
#5753 = SURFACE_CURVE('',#5754,(#5758,#5765),.PCURVE_S1.);
#5754 = LINE('',#5755,#5756);
#5755 = CARTESIAN_POINT('',(-287.,-161.,492.));
#5756 = VECTOR('',#5757,1.);
#5757 = DIRECTION('',(-0.,1.,0.));
#5758 = PCURVE('',#5240,#5759);
#5759 = DEFINITIONAL_REPRESENTATION('',(#5760),#5764);
#5760 = LINE('',#5761,#5762);
#5761 = CARTESIAN_POINT('',(0.,0.));
#5762 = VECTOR('',#5763,1.);
#5763 = DIRECTION('',(0.,-1.));
#5764 = ( GEOMETRIC_REPRESENTATION_CONTEXT(2) 
PARAMETRIC_REPRESENTATION_CONTEXT() REPRESENTATION_CONTEXT('2D SPACE',''
  ) );
#5765 = PCURVE('',#5216,#5766);
#5766 = DEFINITIONAL_REPRESENTATION('',(#5767),#5771);
#5767 = LINE('',#5768,#5769);
#5768 = CARTESIAN_POINT('',(26.,0.));
#5769 = VECTOR('',#5770,1.);
#5770 = DIRECTION('',(0.,1.));
#5771 = ( GEOMETRIC_REPRESENTATION_CONTEXT(2) 
PARAMETRIC_REPRESENTATION_CONTEXT() REPRESENTATION_CONTEXT('2D SPACE',''
  ) );
#5772 = ORIENTED_EDGE('',*,*,#5227,.F.);
#5773 = ADVANCED_FACE('',(#5774),#5216,.T.);
#5774 = FACE_BOUND('',#5775,.T.);
#5775 = EDGE_LOOP('',(#5776,#5797,#5798,#5799));
#5776 = ORIENTED_EDGE('',*,*,#5777,.F.);
#5777 = EDGE_CURVE('',#5509,#5176,#5778,.T.);
#5778 = SURFACE_CURVE('',#5779,(#5783,#5790),.PCURVE_S1.);
#5779 = LINE('',#5780,#5781);
#5780 = CARTESIAN_POINT('',(-313.,-161.,492.));
#5781 = VECTOR('',#5782,1.);
#5782 = DIRECTION('',(-0.,1.,0.));
#5783 = PCURVE('',#5216,#5784);
#5784 = DEFINITIONAL_REPRESENTATION('',(#5785),#5789);
#5785 = LINE('',#5786,#5787);
#5786 = CARTESIAN_POINT('',(0.,0.));
#5787 = VECTOR('',#5788,1.);
#5788 = DIRECTION('',(0.,1.));
#5789 = ( GEOMETRIC_REPRESENTATION_CONTEXT(2) 
PARAMETRIC_REPRESENTATION_CONTEXT() REPRESENTATION_CONTEXT('2D SPACE',''
  ) );
#5790 = PCURVE('',#5190,#5791);
#5791 = DEFINITIONAL_REPRESENTATION('',(#5792),#5796);
#5792 = LINE('',#5793,#5794);
#5793 = CARTESIAN_POINT('',(0.,0.));
#5794 = VECTOR('',#5795,1.);
#5795 = DIRECTION('',(0.,-1.));
#5796 = ( GEOMETRIC_REPRESENTATION_CONTEXT(2) 
PARAMETRIC_REPRESENTATION_CONTEXT() REPRESENTATION_CONTEXT('2D SPACE',''
  ) );
#5797 = ORIENTED_EDGE('',*,*,#5529,.T.);
#5798 = ORIENTED_EDGE('',*,*,#5752,.T.);
#5799 = ORIENTED_EDGE('',*,*,#5201,.F.);
#5800 = ADVANCED_FACE('',(#5801),#5190,.T.);
#5801 = FACE_BOUND('',#5802,.T.);
#5802 = EDGE_LOOP('',(#5803,#5804,#5805,#5806));
#5803 = ORIENTED_EDGE('',*,*,#5641,.F.);
#5804 = ORIENTED_EDGE('',*,*,#5508,.T.);
#5805 = ORIENTED_EDGE('',*,*,#5777,.T.);
#5806 = ORIENTED_EDGE('',*,*,#5175,.F.);
#5807 = ADVANCED_FACE('',(#5808,#5811),#5378,.F.);
#5808 = FACE_BOUND('',#5809,.F.);
#5809 = EDGE_LOOP('',(#5810));
#5810 = ORIENTED_EDGE('',*,*,#5363,.T.);
#5811 = FACE_BOUND('',#5812,.F.);
#5812 = EDGE_LOOP('',(#5813));
#5813 = ORIENTED_EDGE('',*,*,#5814,.F.);
#5814 = EDGE_CURVE('',#5815,#5815,#5817,.T.);
#5815 = VERTEX_POINT('',#5816);
#5816 = CARTESIAN_POINT('',(-41.3842569121,-64.,277.11309649617));
#5817 = SURFACE_CURVE('',#5818,(#5823,#5830),.PCURVE_S1.);
#5818 = CIRCLE('',#5819,9.5);
#5819 = AXIS2_PLACEMENT_3D('',#5820,#5821,#5822);
#5820 = CARTESIAN_POINT('',(-35.53997817169,-64.,284.60271638001));
#5821 = DIRECTION('',(-0.788381040404,0.,0.615187235833));
#5822 = DIRECTION('',(-0.615187235833,0.,-0.788381040404));
#5823 = PCURVE('',#5378,#5824);
#5824 = DEFINITIONAL_REPRESENTATION('',(#5825),#5829);
#5825 = CIRCLE('',#5826,9.5);
#5826 = AXIS2_PLACEMENT_2D('',#5827,#5828);
#5827 = CARTESIAN_POINT('',(0.,0.));
#5828 = DIRECTION('',(1.,0.));
#5829 = ( GEOMETRIC_REPRESENTATION_CONTEXT(2) 
PARAMETRIC_REPRESENTATION_CONTEXT() REPRESENTATION_CONTEXT('2D SPACE',''
  ) );
#5830 = PCURVE('',#5831,#5836);
#5831 = CYLINDRICAL_SURFACE('',#5832,9.5);
#5832 = AXIS2_PLACEMENT_3D('',#5833,#5834,#5835);
#5833 = CARTESIAN_POINT('',(-35.53997817169,-64.,284.60271638001));
#5834 = DIRECTION('',(-0.788381040404,0.,0.615187235833));
#5835 = DIRECTION('',(-0.615187235833,0.,-0.788381040404));
#5836 = DEFINITIONAL_REPRESENTATION('',(#5837),#5841);
#5837 = LINE('',#5838,#5839);
#5838 = CARTESIAN_POINT('',(0.,0.));
#5839 = VECTOR('',#5840,1.);
#5840 = DIRECTION('',(1.,0.));
#5841 = ( GEOMETRIC_REPRESENTATION_CONTEXT(2) 
PARAMETRIC_REPRESENTATION_CONTEXT() REPRESENTATION_CONTEXT('2D SPACE',''
  ) );
#5842 = ADVANCED_FACE('',(#5843),#5595,.T.);
#5843 = FACE_BOUND('',#5844,.T.);
#5844 = EDGE_LOOP('',(#5845,#5874,#5895,#5896));
#5845 = ORIENTED_EDGE('',*,*,#5846,.F.);
#5846 = EDGE_CURVE('',#5847,#5847,#5849,.T.);
#5847 = VERTEX_POINT('',#5848);
#5848 = CARTESIAN_POINT('',(-293.5,-135.,526.5));
#5849 = SURFACE_CURVE('',#5850,(#5855,#5862),.PCURVE_S1.);
#5850 = CIRCLE('',#5851,6.5);
#5851 = AXIS2_PLACEMENT_3D('',#5852,#5853,#5854);
#5852 = CARTESIAN_POINT('',(-300.,-135.,526.5));
#5853 = DIRECTION('',(0.,0.,1.));
#5854 = DIRECTION('',(1.,0.,-0.));
#5855 = PCURVE('',#5595,#5856);
#5856 = DEFINITIONAL_REPRESENTATION('',(#5857),#5861);
#5857 = LINE('',#5858,#5859);
#5858 = CARTESIAN_POINT('',(0.,6.5));
#5859 = VECTOR('',#5860,1.);
#5860 = DIRECTION('',(1.,0.));
#5861 = ( GEOMETRIC_REPRESENTATION_CONTEXT(2) 
PARAMETRIC_REPRESENTATION_CONTEXT() REPRESENTATION_CONTEXT('2D SPACE',''
  ) );
#5862 = PCURVE('',#5863,#5868);
#5863 = PLANE('',#5864);
#5864 = AXIS2_PLACEMENT_3D('',#5865,#5866,#5867);
#5865 = CARTESIAN_POINT('',(-300.,-135.,526.5));
#5866 = DIRECTION('',(0.,0.,1.));
#5867 = DIRECTION('',(1.,0.,-0.));
#5868 = DEFINITIONAL_REPRESENTATION('',(#5869),#5873);
#5869 = CIRCLE('',#5870,6.5);
#5870 = AXIS2_PLACEMENT_2D('',#5871,#5872);
#5871 = CARTESIAN_POINT('',(0.,0.));
#5872 = DIRECTION('',(1.,0.));
#5873 = ( GEOMETRIC_REPRESENTATION_CONTEXT(2) 
PARAMETRIC_REPRESENTATION_CONTEXT() REPRESENTATION_CONTEXT('2D SPACE',''
  ) );
#5874 = ORIENTED_EDGE('',*,*,#5875,.F.);
#5875 = EDGE_CURVE('',#5579,#5847,#5876,.T.);
#5876 = SEAM_CURVE('',#5877,(#5881,#5888),.PCURVE_S1.);
#5877 = LINE('',#5878,#5879);
#5878 = CARTESIAN_POINT('',(-293.5,-135.,520.));
#5879 = VECTOR('',#5880,1.);
#5880 = DIRECTION('',(0.,0.,1.));
#5881 = PCURVE('',#5595,#5882);
#5882 = DEFINITIONAL_REPRESENTATION('',(#5883),#5887);
#5883 = LINE('',#5884,#5885);
#5884 = CARTESIAN_POINT('',(6.28318530718,-0.));
#5885 = VECTOR('',#5886,1.);
#5886 = DIRECTION('',(0.,1.));
#5887 = ( GEOMETRIC_REPRESENTATION_CONTEXT(2) 
PARAMETRIC_REPRESENTATION_CONTEXT() REPRESENTATION_CONTEXT('2D SPACE',''
  ) );
#5888 = PCURVE('',#5595,#5889);
#5889 = DEFINITIONAL_REPRESENTATION('',(#5890),#5894);
#5890 = LINE('',#5891,#5892);
#5891 = CARTESIAN_POINT('',(0.,-0.));
#5892 = VECTOR('',#5893,1.);
#5893 = DIRECTION('',(0.,1.));
#5894 = ( GEOMETRIC_REPRESENTATION_CONTEXT(2) 
PARAMETRIC_REPRESENTATION_CONTEXT() REPRESENTATION_CONTEXT('2D SPACE',''
  ) );
#5895 = ORIENTED_EDGE('',*,*,#5578,.T.);
#5896 = ORIENTED_EDGE('',*,*,#5875,.T.);
#5897 = ADVANCED_FACE('',(#5898),#5626,.T.);
#5898 = FACE_BOUND('',#5899,.T.);
#5899 = EDGE_LOOP('',(#5900,#5929,#5950,#5951));
#5900 = ORIENTED_EDGE('',*,*,#5901,.F.);
#5901 = EDGE_CURVE('',#5902,#5902,#5904,.T.);
#5902 = VERTEX_POINT('',#5903);
#5903 = CARTESIAN_POINT('',(-293.5,135.,526.5));
#5904 = SURFACE_CURVE('',#5905,(#5910,#5917),.PCURVE_S1.);
#5905 = CIRCLE('',#5906,6.5);
#5906 = AXIS2_PLACEMENT_3D('',#5907,#5908,#5909);
#5907 = CARTESIAN_POINT('',(-300.,135.,526.5));
#5908 = DIRECTION('',(0.,0.,1.));
#5909 = DIRECTION('',(1.,0.,-0.));
#5910 = PCURVE('',#5626,#5911);
#5911 = DEFINITIONAL_REPRESENTATION('',(#5912),#5916);
#5912 = LINE('',#5913,#5914);
#5913 = CARTESIAN_POINT('',(0.,6.5));
#5914 = VECTOR('',#5915,1.);
#5915 = DIRECTION('',(1.,0.));
#5916 = ( GEOMETRIC_REPRESENTATION_CONTEXT(2) 
PARAMETRIC_REPRESENTATION_CONTEXT() REPRESENTATION_CONTEXT('2D SPACE',''
  ) );
#5917 = PCURVE('',#5918,#5923);
#5918 = PLANE('',#5919);
#5919 = AXIS2_PLACEMENT_3D('',#5920,#5921,#5922);
#5920 = CARTESIAN_POINT('',(-300.,135.,526.5));
#5921 = DIRECTION('',(0.,0.,1.));
#5922 = DIRECTION('',(1.,0.,-0.));
#5923 = DEFINITIONAL_REPRESENTATION('',(#5924),#5928);
#5924 = CIRCLE('',#5925,6.5);
#5925 = AXIS2_PLACEMENT_2D('',#5926,#5927);
#5926 = CARTESIAN_POINT('',(0.,0.));
#5927 = DIRECTION('',(1.,0.));
#5928 = ( GEOMETRIC_REPRESENTATION_CONTEXT(2) 
PARAMETRIC_REPRESENTATION_CONTEXT() REPRESENTATION_CONTEXT('2D SPACE',''
  ) );
#5929 = ORIENTED_EDGE('',*,*,#5930,.F.);
#5930 = EDGE_CURVE('',#5610,#5902,#5931,.T.);
#5931 = SEAM_CURVE('',#5932,(#5936,#5943),.PCURVE_S1.);
#5932 = LINE('',#5933,#5934);
#5933 = CARTESIAN_POINT('',(-293.5,135.,520.));
#5934 = VECTOR('',#5935,1.);
#5935 = DIRECTION('',(0.,0.,1.));
#5936 = PCURVE('',#5626,#5937);
#5937 = DEFINITIONAL_REPRESENTATION('',(#5938),#5942);
#5938 = LINE('',#5939,#5940);
#5939 = CARTESIAN_POINT('',(6.28318530718,-0.));
#5940 = VECTOR('',#5941,1.);
#5941 = DIRECTION('',(0.,1.));
#5942 = ( GEOMETRIC_REPRESENTATION_CONTEXT(2) 
PARAMETRIC_REPRESENTATION_CONTEXT() REPRESENTATION_CONTEXT('2D SPACE',''
  ) );
#5943 = PCURVE('',#5626,#5944);
#5944 = DEFINITIONAL_REPRESENTATION('',(#5945),#5949);
#5945 = LINE('',#5946,#5947);
#5946 = CARTESIAN_POINT('',(0.,-0.));
#5947 = VECTOR('',#5948,1.);
#5948 = DIRECTION('',(0.,1.));
#5949 = ( GEOMETRIC_REPRESENTATION_CONTEXT(2) 
PARAMETRIC_REPRESENTATION_CONTEXT() REPRESENTATION_CONTEXT('2D SPACE',''
  ) );
#5950 = ORIENTED_EDGE('',*,*,#5609,.T.);
#5951 = ORIENTED_EDGE('',*,*,#5930,.T.);
#5952 = ADVANCED_FACE('',(#5953),#5704,.F.);
#5953 = FACE_BOUND('',#5954,.F.);
#5954 = EDGE_LOOP('',(#5955,#5984,#6005,#6006));
#5955 = ORIENTED_EDGE('',*,*,#5956,.F.);
#5956 = EDGE_CURVE('',#5957,#5957,#5959,.T.);
#5957 = VERTEX_POINT('',#5958);
#5958 = CARTESIAN_POINT('',(-295.5,-135.,520.));
#5959 = SURFACE_CURVE('',#5960,(#5965,#5972),.PCURVE_S1.);
#5960 = CIRCLE('',#5961,4.5);
#5961 = AXIS2_PLACEMENT_3D('',#5962,#5963,#5964);
#5962 = CARTESIAN_POINT('',(-300.,-135.,520.));
#5963 = DIRECTION('',(0.,0.,1.));
#5964 = DIRECTION('',(1.,0.,-0.));
#5965 = PCURVE('',#5704,#5966);
#5966 = DEFINITIONAL_REPRESENTATION('',(#5967),#5971);
#5967 = LINE('',#5968,#5969);
#5968 = CARTESIAN_POINT('',(0.,3.));
#5969 = VECTOR('',#5970,1.);
#5970 = DIRECTION('',(1.,0.));
#5971 = ( GEOMETRIC_REPRESENTATION_CONTEXT(2) 
PARAMETRIC_REPRESENTATION_CONTEXT() REPRESENTATION_CONTEXT('2D SPACE',''
  ) );
#5972 = PCURVE('',#5973,#5978);
#5973 = PLANE('',#5974);
#5974 = AXIS2_PLACEMENT_3D('',#5975,#5976,#5977);
#5975 = CARTESIAN_POINT('',(-300.,-135.,520.));
#5976 = DIRECTION('',(0.,0.,1.));
#5977 = DIRECTION('',(1.,0.,-0.));
#5978 = DEFINITIONAL_REPRESENTATION('',(#5979),#5983);
#5979 = CIRCLE('',#5980,4.5);
#5980 = AXIS2_PLACEMENT_2D('',#5981,#5982);
#5981 = CARTESIAN_POINT('',(0.,0.));
#5982 = DIRECTION('',(1.,0.));
#5983 = ( GEOMETRIC_REPRESENTATION_CONTEXT(2) 
PARAMETRIC_REPRESENTATION_CONTEXT() REPRESENTATION_CONTEXT('2D SPACE',''
  ) );
#5984 = ORIENTED_EDGE('',*,*,#5985,.F.);
#5985 = EDGE_CURVE('',#5688,#5957,#5986,.T.);
#5986 = SEAM_CURVE('',#5987,(#5991,#5998),.PCURVE_S1.);
#5987 = LINE('',#5988,#5989);
#5988 = CARTESIAN_POINT('',(-295.5,-135.,517.));
#5989 = VECTOR('',#5990,1.);
#5990 = DIRECTION('',(0.,0.,1.));
#5991 = PCURVE('',#5704,#5992);
#5992 = DEFINITIONAL_REPRESENTATION('',(#5993),#5997);
#5993 = LINE('',#5994,#5995);
#5994 = CARTESIAN_POINT('',(6.28318530718,-0.));
#5995 = VECTOR('',#5996,1.);
#5996 = DIRECTION('',(0.,1.));
#5997 = ( GEOMETRIC_REPRESENTATION_CONTEXT(2) 
PARAMETRIC_REPRESENTATION_CONTEXT() REPRESENTATION_CONTEXT('2D SPACE',''
  ) );
#5998 = PCURVE('',#5704,#5999);
#5999 = DEFINITIONAL_REPRESENTATION('',(#6000),#6004);
#6000 = LINE('',#6001,#6002);
#6001 = CARTESIAN_POINT('',(0.,-0.));
#6002 = VECTOR('',#6003,1.);
#6003 = DIRECTION('',(0.,1.));
#6004 = ( GEOMETRIC_REPRESENTATION_CONTEXT(2) 
PARAMETRIC_REPRESENTATION_CONTEXT() REPRESENTATION_CONTEXT('2D SPACE',''
  ) );
#6005 = ORIENTED_EDGE('',*,*,#5687,.T.);
#6006 = ORIENTED_EDGE('',*,*,#5985,.T.);
#6007 = ADVANCED_FACE('',(#6008),#5735,.F.);
#6008 = FACE_BOUND('',#6009,.F.);
#6009 = EDGE_LOOP('',(#6010,#6039,#6060,#6061));
#6010 = ORIENTED_EDGE('',*,*,#6011,.F.);
#6011 = EDGE_CURVE('',#6012,#6012,#6014,.T.);
#6012 = VERTEX_POINT('',#6013);
#6013 = CARTESIAN_POINT('',(-295.5,135.,520.));
#6014 = SURFACE_CURVE('',#6015,(#6020,#6027),.PCURVE_S1.);
#6015 = CIRCLE('',#6016,4.5);
#6016 = AXIS2_PLACEMENT_3D('',#6017,#6018,#6019);
#6017 = CARTESIAN_POINT('',(-300.,135.,520.));
#6018 = DIRECTION('',(0.,0.,1.));
#6019 = DIRECTION('',(1.,0.,-0.));
#6020 = PCURVE('',#5735,#6021);
#6021 = DEFINITIONAL_REPRESENTATION('',(#6022),#6026);
#6022 = LINE('',#6023,#6024);
#6023 = CARTESIAN_POINT('',(0.,3.));
#6024 = VECTOR('',#6025,1.);
#6025 = DIRECTION('',(1.,0.));
#6026 = ( GEOMETRIC_REPRESENTATION_CONTEXT(2) 
PARAMETRIC_REPRESENTATION_CONTEXT() REPRESENTATION_CONTEXT('2D SPACE',''
  ) );
#6027 = PCURVE('',#6028,#6033);
#6028 = PLANE('',#6029);
#6029 = AXIS2_PLACEMENT_3D('',#6030,#6031,#6032);
#6030 = CARTESIAN_POINT('',(-300.,135.,520.));
#6031 = DIRECTION('',(0.,0.,1.));
#6032 = DIRECTION('',(1.,0.,-0.));
#6033 = DEFINITIONAL_REPRESENTATION('',(#6034),#6038);
#6034 = CIRCLE('',#6035,4.5);
#6035 = AXIS2_PLACEMENT_2D('',#6036,#6037);
#6036 = CARTESIAN_POINT('',(0.,0.));
#6037 = DIRECTION('',(1.,0.));
#6038 = ( GEOMETRIC_REPRESENTATION_CONTEXT(2) 
PARAMETRIC_REPRESENTATION_CONTEXT() REPRESENTATION_CONTEXT('2D SPACE',''
  ) );
#6039 = ORIENTED_EDGE('',*,*,#6040,.F.);
#6040 = EDGE_CURVE('',#5719,#6012,#6041,.T.);
#6041 = SEAM_CURVE('',#6042,(#6046,#6053),.PCURVE_S1.);
#6042 = LINE('',#6043,#6044);
#6043 = CARTESIAN_POINT('',(-295.5,135.,517.));
#6044 = VECTOR('',#6045,1.);
#6045 = DIRECTION('',(0.,0.,1.));
#6046 = PCURVE('',#5735,#6047);
#6047 = DEFINITIONAL_REPRESENTATION('',(#6048),#6052);
#6048 = LINE('',#6049,#6050);
#6049 = CARTESIAN_POINT('',(6.28318530718,-0.));
#6050 = VECTOR('',#6051,1.);
#6051 = DIRECTION('',(0.,1.));
#6052 = ( GEOMETRIC_REPRESENTATION_CONTEXT(2) 
PARAMETRIC_REPRESENTATION_CONTEXT() REPRESENTATION_CONTEXT('2D SPACE',''
  ) );
#6053 = PCURVE('',#5735,#6054);
#6054 = DEFINITIONAL_REPRESENTATION('',(#6055),#6059);
#6055 = LINE('',#6056,#6057);
#6056 = CARTESIAN_POINT('',(0.,-0.));
#6057 = VECTOR('',#6058,1.);
#6058 = DIRECTION('',(0.,1.));
#6059 = ( GEOMETRIC_REPRESENTATION_CONTEXT(2) 
PARAMETRIC_REPRESENTATION_CONTEXT() REPRESENTATION_CONTEXT('2D SPACE',''
  ) );
#6060 = ORIENTED_EDGE('',*,*,#5718,.T.);
#6061 = ORIENTED_EDGE('',*,*,#6040,.T.);
#6062 = ADVANCED_FACE('',(#6063),#5831,.F.);
#6063 = FACE_BOUND('',#6064,.F.);
#6064 = EDGE_LOOP('',(#6065,#6130,#6151,#6152,#6153,#6211));
#6065 = ORIENTED_EDGE('',*,*,#6066,.F.);
#6066 = EDGE_CURVE('',#6067,#6069,#6071,.T.);
#6067 = VERTEX_POINT('',#6068);
#6068 = CARTESIAN_POINT('',(-314.2052595221,-64.,490.));
#6069 = VERTEX_POINT('',#6070);
#6070 = CARTESIAN_POINT('',(-285.,-68.30870541921,490.));
#6071 = SURFACE_CURVE('',#6072,(#6077,#6118),.PCURVE_S1.);
#6072 = ELLIPSE('',#6073,15.442453039751,9.5);
#6073 = AXIS2_PLACEMENT_3D('',#6074,#6075,#6076);
#6074 = CARTESIAN_POINT('',(-298.7628064823,-64.,490.));
#6075 = DIRECTION('',(0.,0.,1.));
#6076 = DIRECTION('',(-1.,0.,0.));
#6077 = PCURVE('',#5831,#6078);
#6078 = DEFINITIONAL_REPRESENTATION('',(#6079),#6117);
#6079 = B_SPLINE_CURVE_WITH_KNOTS('',8,(#6080,#6081,#6082,#6083,#6084,
    #6085,#6086,#6087,#6088,#6089,#6090,#6091,#6092,#6093,#6094,#6095,
    #6096,#6097,#6098,#6099,#6100,#6101,#6102,#6103,#6104,#6105,#6106,
    #6107,#6108,#6109,#6110,#6111,#6112,#6113,#6114,#6115,#6116),
  .UNSPECIFIED.,.F.,.F.,(9,7,7,7,7,9),(0.,1.570796326795,2.748893571891,
    4.516039439535,5.399612373357,6.28318530718),.UNSPECIFIED.);
#6080 = CARTESIAN_POINT('',(0.,346.05221159323));
#6081 = CARTESIAN_POINT('',(0.196349540849,346.05221159323));
#6082 = CARTESIAN_POINT('',(0.392699081698,345.5157920368));
#6083 = CARTESIAN_POINT('',(0.58904862255,344.44295748265));
#6084 = CARTESIAN_POINT('',(0.785398163393,342.87780755083));
#6085 = CARTESIAN_POINT('',(0.981747704249,340.90863107913));
#6086 = CARTESIAN_POINT('',(1.178097245095,338.6586045426));
#6087 = CARTESIAN_POINT('',(1.374446785946,336.26813918743));
#6088 = CARTESIAN_POINT('',(1.718058482432,332.08482580831));
#6089 = CARTESIAN_POINT('',(1.865320638069,330.29197787338));
#6090 = CARTESIAN_POINT('',(2.012582793706,328.55837192044));
#6091 = CARTESIAN_POINT('',(2.159844949344,326.9432657494));
#6092 = CARTESIAN_POINT('',(2.307107104981,325.50177608284));
#6093 = CARTESIAN_POINT('',(2.454369260617,324.28082377269));
#6094 = CARTESIAN_POINT('',(2.601631416254,323.31596212069));
#6095 = CARTESIAN_POINT('',(2.969786805347,321.60072848935));
#6096 = CARTESIAN_POINT('',(3.190680038803,321.19881599128));
#6097 = CARTESIAN_POINT('',(3.41157327224,321.50064228184));
#6098 = CARTESIAN_POINT('',(3.632466505711,322.51746863964));
#6099 = CARTESIAN_POINT('',(3.853359739158,324.1832051184));
#6100 = CARTESIAN_POINT('',(4.074252972624,326.35978821193));
#6101 = CARTESIAN_POINT('',(4.29514620608,328.86494075567));
#6102 = CARTESIAN_POINT('',(4.626486056263,332.82133964889));
#6103 = CARTESIAN_POINT('',(4.73693267299,334.17325121908));
#6104 = CARTESIAN_POINT('',(4.84737928972,335.53376089225));
#6105 = CARTESIAN_POINT('',(4.957825906446,336.87749252159));
#6106 = CARTESIAN_POINT('',(5.068272523172,338.17916617792));
#6107 = CARTESIAN_POINT('',(5.178719139903,339.41460969551));
#6108 = CARTESIAN_POINT('',(5.28916575663,340.56170100632));
#6109 = CARTESIAN_POINT('',(5.510058990085,342.64053705959));
#6110 = CARTESIAN_POINT('',(5.620505606813,343.57228172371));
#6111 = CARTESIAN_POINT('',(5.730952223541,344.37703296219));
#6112 = CARTESIAN_POINT('',(5.84139884027,345.03826974082));
#6113 = CARTESIAN_POINT('',(5.951845456997,345.54303302689));
#6114 = CARTESIAN_POINT('',(6.062292073724,345.882485138));
#6115 = CARTESIAN_POINT('',(6.172738690452,346.05221159323));
#6116 = CARTESIAN_POINT('',(6.28318530718,346.05221159323));
#6117 = ( GEOMETRIC_REPRESENTATION_CONTEXT(2) 
PARAMETRIC_REPRESENTATION_CONTEXT() REPRESENTATION_CONTEXT('2D SPACE',''
  ) );
#6118 = PCURVE('',#6119,#6124);
#6119 = PLANE('',#6120);
#6120 = AXIS2_PLACEMENT_3D('',#6121,#6122,#6123);
#6121 = CARTESIAN_POINT('',(-315.,-160.,490.));
#6122 = DIRECTION('',(0.,0.,1.));
#6123 = DIRECTION('',(1.,0.,-0.));
#6124 = DEFINITIONAL_REPRESENTATION('',(#6125),#6129);
#6125 = ELLIPSE('',#6126,15.442453039751,9.5);
#6126 = AXIS2_PLACEMENT_2D('',#6127,#6128);
#6127 = CARTESIAN_POINT('',(16.237193517649,96.));
#6128 = DIRECTION('',(-1.,0.));
#6129 = ( GEOMETRIC_REPRESENTATION_CONTEXT(2) 
PARAMETRIC_REPRESENTATION_CONTEXT() REPRESENTATION_CONTEXT('2D SPACE',''
  ) );
#6130 = ORIENTED_EDGE('',*,*,#6131,.F.);
#6131 = EDGE_CURVE('',#5815,#6067,#6132,.T.);
#6132 = SEAM_CURVE('',#6133,(#6137,#6144),.PCURVE_S1.);
#6133 = LINE('',#6134,#6135);
#6134 = CARTESIAN_POINT('',(-41.3842569121,-64.,277.11309649617));
#6135 = VECTOR('',#6136,1.);
#6136 = DIRECTION('',(-0.788381040404,2.465190328816E-32,0.615187235833)
  );
#6137 = PCURVE('',#5831,#6138);
#6138 = DEFINITIONAL_REPRESENTATION('',(#6139),#6143);
#6139 = LINE('',#6140,#6141);
#6140 = CARTESIAN_POINT('',(6.28318530718,-0.));
#6141 = VECTOR('',#6142,1.);
#6142 = DIRECTION('',(0.,1.));
#6143 = ( GEOMETRIC_REPRESENTATION_CONTEXT(2) 
PARAMETRIC_REPRESENTATION_CONTEXT() REPRESENTATION_CONTEXT('2D SPACE',''
  ) );
#6144 = PCURVE('',#5831,#6145);
#6145 = DEFINITIONAL_REPRESENTATION('',(#6146),#6150);
#6146 = LINE('',#6147,#6148);
#6147 = CARTESIAN_POINT('',(0.,-0.));
#6148 = VECTOR('',#6149,1.);
#6149 = DIRECTION('',(0.,1.));
#6150 = ( GEOMETRIC_REPRESENTATION_CONTEXT(2) 
PARAMETRIC_REPRESENTATION_CONTEXT() REPRESENTATION_CONTEXT('2D SPACE',''
  ) );
#6151 = ORIENTED_EDGE('',*,*,#5814,.T.);
#6152 = ORIENTED_EDGE('',*,*,#6131,.T.);
#6153 = ORIENTED_EDGE('',*,*,#6154,.F.);
#6154 = EDGE_CURVE('',#6155,#6067,#6157,.T.);
#6155 = VERTEX_POINT('',#6156);
#6156 = CARTESIAN_POINT('',(-285.,-59.69129458078,490.));
#6157 = SURFACE_CURVE('',#6158,(#6163,#6204),.PCURVE_S1.);
#6158 = ELLIPSE('',#6159,15.442453039751,9.5);
#6159 = AXIS2_PLACEMENT_3D('',#6160,#6161,#6162);
#6160 = CARTESIAN_POINT('',(-298.7628064823,-64.,490.));
#6161 = DIRECTION('',(0.,0.,1.));
#6162 = DIRECTION('',(-1.,0.,0.));
#6163 = PCURVE('',#5831,#6164);
#6164 = DEFINITIONAL_REPRESENTATION('',(#6165),#6203);
#6165 = B_SPLINE_CURVE_WITH_KNOTS('',8,(#6166,#6167,#6168,#6169,#6170,
    #6171,#6172,#6173,#6174,#6175,#6176,#6177,#6178,#6179,#6180,#6181,
    #6182,#6183,#6184,#6185,#6186,#6187,#6188,#6189,#6190,#6191,#6192,
    #6193,#6194,#6195,#6196,#6197,#6198,#6199,#6200,#6201,#6202),
  .UNSPECIFIED.,.F.,.F.,(9,7,7,7,7,9),(0.,1.570796326795,2.748893571891,
    4.516039439535,5.399612373357,6.28318530718),.UNSPECIFIED.);
#6166 = CARTESIAN_POINT('',(0.,346.05221159323));
#6167 = CARTESIAN_POINT('',(0.196349540849,346.05221159323));
#6168 = CARTESIAN_POINT('',(0.392699081698,345.5157920368));
#6169 = CARTESIAN_POINT('',(0.58904862255,344.44295748265));
#6170 = CARTESIAN_POINT('',(0.785398163393,342.87780755083));
#6171 = CARTESIAN_POINT('',(0.981747704249,340.90863107913));
#6172 = CARTESIAN_POINT('',(1.178097245095,338.6586045426));
#6173 = CARTESIAN_POINT('',(1.374446785946,336.26813918743));
#6174 = CARTESIAN_POINT('',(1.718058482432,332.08482580831));
#6175 = CARTESIAN_POINT('',(1.865320638069,330.29197787338));
#6176 = CARTESIAN_POINT('',(2.012582793706,328.55837192044));
#6177 = CARTESIAN_POINT('',(2.159844949344,326.9432657494));
#6178 = CARTESIAN_POINT('',(2.307107104981,325.50177608284));
#6179 = CARTESIAN_POINT('',(2.454369260617,324.28082377269));
#6180 = CARTESIAN_POINT('',(2.601631416254,323.31596212069));
#6181 = CARTESIAN_POINT('',(2.969786805347,321.60072848935));
#6182 = CARTESIAN_POINT('',(3.190680038803,321.19881599128));
#6183 = CARTESIAN_POINT('',(3.41157327224,321.50064228184));
#6184 = CARTESIAN_POINT('',(3.632466505711,322.51746863964));
#6185 = CARTESIAN_POINT('',(3.853359739158,324.1832051184));
#6186 = CARTESIAN_POINT('',(4.074252972624,326.35978821193));
#6187 = CARTESIAN_POINT('',(4.29514620608,328.86494075567));
#6188 = CARTESIAN_POINT('',(4.626486056263,332.82133964889));
#6189 = CARTESIAN_POINT('',(4.73693267299,334.17325121908));
#6190 = CARTESIAN_POINT('',(4.84737928972,335.53376089225));
#6191 = CARTESIAN_POINT('',(4.957825906446,336.87749252159));
#6192 = CARTESIAN_POINT('',(5.068272523172,338.17916617792));
#6193 = CARTESIAN_POINT('',(5.178719139903,339.41460969551));
#6194 = CARTESIAN_POINT('',(5.28916575663,340.56170100632));
#6195 = CARTESIAN_POINT('',(5.510058990085,342.64053705959));
#6196 = CARTESIAN_POINT('',(5.620505606813,343.57228172371));
#6197 = CARTESIAN_POINT('',(5.730952223541,344.37703296219));
#6198 = CARTESIAN_POINT('',(5.84139884027,345.03826974082));
#6199 = CARTESIAN_POINT('',(5.951845456997,345.54303302689));
#6200 = CARTESIAN_POINT('',(6.062292073724,345.882485138));
#6201 = CARTESIAN_POINT('',(6.172738690452,346.05221159323));
#6202 = CARTESIAN_POINT('',(6.28318530718,346.05221159323));
#6203 = ( GEOMETRIC_REPRESENTATION_CONTEXT(2) 
PARAMETRIC_REPRESENTATION_CONTEXT() REPRESENTATION_CONTEXT('2D SPACE',''
  ) );
#6204 = PCURVE('',#6119,#6205);
#6205 = DEFINITIONAL_REPRESENTATION('',(#6206),#6210);
#6206 = ELLIPSE('',#6207,15.442453039751,9.5);
#6207 = AXIS2_PLACEMENT_2D('',#6208,#6209);
#6208 = CARTESIAN_POINT('',(16.237193517649,96.));
#6209 = DIRECTION('',(-1.,0.));
#6210 = ( GEOMETRIC_REPRESENTATION_CONTEXT(2) 
PARAMETRIC_REPRESENTATION_CONTEXT() REPRESENTATION_CONTEXT('2D SPACE',''
  ) );
#6211 = ORIENTED_EDGE('',*,*,#6212,.T.);
#6212 = EDGE_CURVE('',#6155,#6069,#6213,.T.);
#6213 = SURFACE_CURVE('',#6214,(#6219,#6232),.PCURVE_S1.);
#6214 = ELLIPSE('',#6215,12.050010734823,9.5);
#6215 = AXIS2_PLACEMENT_3D('',#6216,#6217,#6218);
#6216 = CARTESIAN_POINT('',(-285.,-64.,479.26064625699));
#6217 = DIRECTION('',(1.,0.,-0.));
#6218 = DIRECTION('',(0.,0.,1.));
#6219 = PCURVE('',#5831,#6220);
#6220 = DEFINITIONAL_REPRESENTATION('',(#6221),#6231);
#6221 = B_SPLINE_CURVE_WITH_KNOTS('',8,(#6222,#6223,#6224,#6225,#6226,
    #6227,#6228,#6229,#6230),.UNSPECIFIED.,.F.,.F.,(9,9),(5.409844460932
    ,7.156526153427),.PIECEWISE_BEZIER_KNOTS.);
#6222 = CARTESIAN_POINT('',(4.014933499837,321.18177699843));
#6223 = CARTESIAN_POINT('',(3.796598288275,322.42233979868));
#6224 = CARTESIAN_POINT('',(3.578263076712,323.40351368655));
#6225 = CARTESIAN_POINT('',(3.359927865147,324.03518287115));
#6226 = CARTESIAN_POINT('',(3.141592653583,324.25361612252));
#6227 = CARTESIAN_POINT('',(2.923257442022,324.03518287069));
#6228 = CARTESIAN_POINT('',(2.704922230464,323.40351368679));
#6229 = CARTESIAN_POINT('',(2.486587018904,322.42233979868));
#6230 = CARTESIAN_POINT('',(2.268251807343,321.18177699843));
#6231 = ( GEOMETRIC_REPRESENTATION_CONTEXT(2) 
PARAMETRIC_REPRESENTATION_CONTEXT() REPRESENTATION_CONTEXT('2D SPACE',''
  ) );
#6232 = PCURVE('',#6233,#6238);
#6233 = PLANE('',#6234);
#6234 = AXIS2_PLACEMENT_3D('',#6235,#6236,#6237);
#6235 = CARTESIAN_POINT('',(-285.,-160.,490.));
#6236 = DIRECTION('',(1.,0.,-0.));
#6237 = DIRECTION('',(0.,0.,1.));
#6238 = DEFINITIONAL_REPRESENTATION('',(#6239),#6243);
#6239 = ELLIPSE('',#6240,12.050010734823,9.5);
#6240 = AXIS2_PLACEMENT_2D('',#6241,#6242);
#6241 = CARTESIAN_POINT('',(-10.739353743,-96.));
#6242 = DIRECTION('',(1.,0.));
#6243 = ( GEOMETRIC_REPRESENTATION_CONTEXT(2) 
PARAMETRIC_REPRESENTATION_CONTEXT() REPRESENTATION_CONTEXT('2D SPACE',''
  ) );
#6244 = ADVANCED_FACE('',(#6245,#6248),#5863,.T.);
#6245 = FACE_BOUND('',#6246,.T.);
#6246 = EDGE_LOOP('',(#6247));
#6247 = ORIENTED_EDGE('',*,*,#5846,.T.);
#6248 = FACE_BOUND('',#6249,.T.);
#6249 = EDGE_LOOP('',(#6250));
#6250 = ORIENTED_EDGE('',*,*,#6251,.F.);
#6251 = EDGE_CURVE('',#6252,#6252,#6254,.T.);
#6252 = VERTEX_POINT('',#6253);
#6253 = CARTESIAN_POINT('',(-296.,-135.,526.5));
#6254 = SURFACE_CURVE('',#6255,(#6260,#6267),.PCURVE_S1.);
#6255 = CIRCLE('',#6256,4.);
#6256 = AXIS2_PLACEMENT_3D('',#6257,#6258,#6259);
#6257 = CARTESIAN_POINT('',(-300.,-135.,526.5));
#6258 = DIRECTION('',(0.,0.,1.));
#6259 = DIRECTION('',(1.,0.,-0.));
#6260 = PCURVE('',#5863,#6261);
#6261 = DEFINITIONAL_REPRESENTATION('',(#6262),#6266);
#6262 = CIRCLE('',#6263,4.);
#6263 = AXIS2_PLACEMENT_2D('',#6264,#6265);
#6264 = CARTESIAN_POINT('',(0.,0.));
#6265 = DIRECTION('',(1.,0.));
#6266 = ( GEOMETRIC_REPRESENTATION_CONTEXT(2) 
PARAMETRIC_REPRESENTATION_CONTEXT() REPRESENTATION_CONTEXT('2D SPACE',''
  ) );
#6267 = PCURVE('',#6268,#6273);
#6268 = CYLINDRICAL_SURFACE('',#6269,4.);
#6269 = AXIS2_PLACEMENT_3D('',#6270,#6271,#6272);
#6270 = CARTESIAN_POINT('',(-300.,-135.,519.));
#6271 = DIRECTION('',(0.,0.,1.));
#6272 = DIRECTION('',(1.,0.,-0.));
#6273 = DEFINITIONAL_REPRESENTATION('',(#6274),#6278);
#6274 = LINE('',#6275,#6276);
#6275 = CARTESIAN_POINT('',(0.,7.5));
#6276 = VECTOR('',#6277,1.);
#6277 = DIRECTION('',(1.,0.));
#6278 = ( GEOMETRIC_REPRESENTATION_CONTEXT(2) 
PARAMETRIC_REPRESENTATION_CONTEXT() REPRESENTATION_CONTEXT('2D SPACE',''
  ) );
#6279 = ADVANCED_FACE('',(#6280,#6283),#5918,.T.);
#6280 = FACE_BOUND('',#6281,.T.);
#6281 = EDGE_LOOP('',(#6282));
#6282 = ORIENTED_EDGE('',*,*,#5901,.T.);
#6283 = FACE_BOUND('',#6284,.T.);
#6284 = EDGE_LOOP('',(#6285));
#6285 = ORIENTED_EDGE('',*,*,#6286,.F.);
#6286 = EDGE_CURVE('',#6287,#6287,#6289,.T.);
#6287 = VERTEX_POINT('',#6288);
#6288 = CARTESIAN_POINT('',(-296.,135.,526.5));
#6289 = SURFACE_CURVE('',#6290,(#6295,#6302),.PCURVE_S1.);
#6290 = CIRCLE('',#6291,4.);
#6291 = AXIS2_PLACEMENT_3D('',#6292,#6293,#6294);
#6292 = CARTESIAN_POINT('',(-300.,135.,526.5));
#6293 = DIRECTION('',(0.,0.,1.));
#6294 = DIRECTION('',(1.,0.,-0.));
#6295 = PCURVE('',#5918,#6296);
#6296 = DEFINITIONAL_REPRESENTATION('',(#6297),#6301);
#6297 = CIRCLE('',#6298,4.);
#6298 = AXIS2_PLACEMENT_2D('',#6299,#6300);
#6299 = CARTESIAN_POINT('',(0.,0.));
#6300 = DIRECTION('',(1.,0.));
#6301 = ( GEOMETRIC_REPRESENTATION_CONTEXT(2) 
PARAMETRIC_REPRESENTATION_CONTEXT() REPRESENTATION_CONTEXT('2D SPACE',''
  ) );
#6302 = PCURVE('',#6303,#6308);
#6303 = CYLINDRICAL_SURFACE('',#6304,4.);
#6304 = AXIS2_PLACEMENT_3D('',#6305,#6306,#6307);
#6305 = CARTESIAN_POINT('',(-300.,135.,519.));
#6306 = DIRECTION('',(0.,0.,1.));
#6307 = DIRECTION('',(1.,0.,-0.));
#6308 = DEFINITIONAL_REPRESENTATION('',(#6309),#6313);
#6309 = LINE('',#6310,#6311);
#6310 = CARTESIAN_POINT('',(0.,7.5));
#6311 = VECTOR('',#6312,1.);
#6312 = DIRECTION('',(1.,0.));
#6313 = ( GEOMETRIC_REPRESENTATION_CONTEXT(2) 
PARAMETRIC_REPRESENTATION_CONTEXT() REPRESENTATION_CONTEXT('2D SPACE',''
  ) );
#6314 = ADVANCED_FACE('',(#6315,#6318),#5973,.F.);
#6315 = FACE_BOUND('',#6316,.F.);
#6316 = EDGE_LOOP('',(#6317));
#6317 = ORIENTED_EDGE('',*,*,#5956,.T.);
#6318 = FACE_BOUND('',#6319,.F.);
#6319 = EDGE_LOOP('',(#6320));
#6320 = ORIENTED_EDGE('',*,*,#6321,.F.);
#6321 = EDGE_CURVE('',#6322,#6322,#6324,.T.);
#6322 = VERTEX_POINT('',#6323);
#6323 = CARTESIAN_POINT('',(-296.,-135.,520.));
#6324 = SURFACE_CURVE('',#6325,(#6330,#6337),.PCURVE_S1.);
#6325 = CIRCLE('',#6326,4.);
#6326 = AXIS2_PLACEMENT_3D('',#6327,#6328,#6329);
#6327 = CARTESIAN_POINT('',(-300.,-135.,520.));
#6328 = DIRECTION('',(0.,0.,1.));
#6329 = DIRECTION('',(1.,0.,-0.));
#6330 = PCURVE('',#5973,#6331);
#6331 = DEFINITIONAL_REPRESENTATION('',(#6332),#6336);
#6332 = CIRCLE('',#6333,4.);
#6333 = AXIS2_PLACEMENT_2D('',#6334,#6335);
#6334 = CARTESIAN_POINT('',(0.,0.));
#6335 = DIRECTION('',(1.,0.));
#6336 = ( GEOMETRIC_REPRESENTATION_CONTEXT(2) 
PARAMETRIC_REPRESENTATION_CONTEXT() REPRESENTATION_CONTEXT('2D SPACE',''
  ) );
#6337 = PCURVE('',#6268,#6338);
#6338 = DEFINITIONAL_REPRESENTATION('',(#6339),#6343);
#6339 = LINE('',#6340,#6341);
#6340 = CARTESIAN_POINT('',(0.,1.));
#6341 = VECTOR('',#6342,1.);
#6342 = DIRECTION('',(1.,0.));
#6343 = ( GEOMETRIC_REPRESENTATION_CONTEXT(2) 
PARAMETRIC_REPRESENTATION_CONTEXT() REPRESENTATION_CONTEXT('2D SPACE',''
  ) );
#6344 = ADVANCED_FACE('',(#6345,#6348),#6028,.F.);
#6345 = FACE_BOUND('',#6346,.F.);
#6346 = EDGE_LOOP('',(#6347));
#6347 = ORIENTED_EDGE('',*,*,#6011,.T.);
#6348 = FACE_BOUND('',#6349,.F.);
#6349 = EDGE_LOOP('',(#6350));
#6350 = ORIENTED_EDGE('',*,*,#6351,.F.);
#6351 = EDGE_CURVE('',#6352,#6352,#6354,.T.);
#6352 = VERTEX_POINT('',#6353);
#6353 = CARTESIAN_POINT('',(-296.,135.,520.));
#6354 = SURFACE_CURVE('',#6355,(#6360,#6367),.PCURVE_S1.);
#6355 = CIRCLE('',#6356,4.);
#6356 = AXIS2_PLACEMENT_3D('',#6357,#6358,#6359);
#6357 = CARTESIAN_POINT('',(-300.,135.,520.));
#6358 = DIRECTION('',(0.,0.,1.));
#6359 = DIRECTION('',(1.,0.,-0.));
#6360 = PCURVE('',#6028,#6361);
#6361 = DEFINITIONAL_REPRESENTATION('',(#6362),#6366);
#6362 = CIRCLE('',#6363,4.);
#6363 = AXIS2_PLACEMENT_2D('',#6364,#6365);
#6364 = CARTESIAN_POINT('',(0.,0.));
#6365 = DIRECTION('',(1.,0.));
#6366 = ( GEOMETRIC_REPRESENTATION_CONTEXT(2) 
PARAMETRIC_REPRESENTATION_CONTEXT() REPRESENTATION_CONTEXT('2D SPACE',''
  ) );
#6367 = PCURVE('',#6303,#6368);
#6368 = DEFINITIONAL_REPRESENTATION('',(#6369),#6373);
#6369 = LINE('',#6370,#6371);
#6370 = CARTESIAN_POINT('',(0.,1.));
#6371 = VECTOR('',#6372,1.);
#6372 = DIRECTION('',(1.,0.));
#6373 = ( GEOMETRIC_REPRESENTATION_CONTEXT(2) 
PARAMETRIC_REPRESENTATION_CONTEXT() REPRESENTATION_CONTEXT('2D SPACE',''
  ) );
#6374 = ADVANCED_FACE('',(#6375),#6119,.F.);
#6375 = FACE_BOUND('',#6376,.F.);
#6376 = EDGE_LOOP('',(#6377,#6378,#6399));
#6377 = ORIENTED_EDGE('',*,*,#6066,.T.);
#6378 = ORIENTED_EDGE('',*,*,#6379,.T.);
#6379 = EDGE_CURVE('',#6069,#6155,#6380,.T.);
#6380 = SURFACE_CURVE('',#6381,(#6385,#6392),.PCURVE_S1.);
#6381 = LINE('',#6382,#6383);
#6382 = CARTESIAN_POINT('',(-285.,-160.,490.));
#6383 = VECTOR('',#6384,1.);
#6384 = DIRECTION('',(-0.,1.,0.));
#6385 = PCURVE('',#6119,#6386);
#6386 = DEFINITIONAL_REPRESENTATION('',(#6387),#6391);
#6387 = LINE('',#6388,#6389);
#6388 = CARTESIAN_POINT('',(30.,0.));
#6389 = VECTOR('',#6390,1.);
#6390 = DIRECTION('',(0.,1.));
#6391 = ( GEOMETRIC_REPRESENTATION_CONTEXT(2) 
PARAMETRIC_REPRESENTATION_CONTEXT() REPRESENTATION_CONTEXT('2D SPACE',''
  ) );
#6392 = PCURVE('',#6233,#6393);
#6393 = DEFINITIONAL_REPRESENTATION('',(#6394),#6398);
#6394 = LINE('',#6395,#6396);
#6395 = CARTESIAN_POINT('',(0.,0.));
#6396 = VECTOR('',#6397,1.);
#6397 = DIRECTION('',(0.,-1.));
#6398 = ( GEOMETRIC_REPRESENTATION_CONTEXT(2) 
PARAMETRIC_REPRESENTATION_CONTEXT() REPRESENTATION_CONTEXT('2D SPACE',''
  ) );
#6399 = ORIENTED_EDGE('',*,*,#6154,.T.);
#6400 = ADVANCED_FACE('',(#6401),#6233,.T.);
#6401 = FACE_BOUND('',#6402,.T.);
#6402 = EDGE_LOOP('',(#6403,#6404));
#6403 = ORIENTED_EDGE('',*,*,#6212,.T.);
#6404 = ORIENTED_EDGE('',*,*,#6379,.T.);
#6405 = ADVANCED_FACE('',(#6406),#6268,.F.);
#6406 = FACE_BOUND('',#6407,.F.);
#6407 = EDGE_LOOP('',(#6408,#6409,#6430,#6431));
#6408 = ORIENTED_EDGE('',*,*,#6251,.F.);
#6409 = ORIENTED_EDGE('',*,*,#6410,.F.);
#6410 = EDGE_CURVE('',#6322,#6252,#6411,.T.);
#6411 = SEAM_CURVE('',#6412,(#6416,#6423),.PCURVE_S1.);
#6412 = LINE('',#6413,#6414);
#6413 = CARTESIAN_POINT('',(-296.,-135.,519.));
#6414 = VECTOR('',#6415,1.);
#6415 = DIRECTION('',(0.,0.,1.));
#6416 = PCURVE('',#6268,#6417);
#6417 = DEFINITIONAL_REPRESENTATION('',(#6418),#6422);
#6418 = LINE('',#6419,#6420);
#6419 = CARTESIAN_POINT('',(6.28318530718,-0.));
#6420 = VECTOR('',#6421,1.);
#6421 = DIRECTION('',(0.,1.));
#6422 = ( GEOMETRIC_REPRESENTATION_CONTEXT(2) 
PARAMETRIC_REPRESENTATION_CONTEXT() REPRESENTATION_CONTEXT('2D SPACE',''
  ) );
#6423 = PCURVE('',#6268,#6424);
#6424 = DEFINITIONAL_REPRESENTATION('',(#6425),#6429);
#6425 = LINE('',#6426,#6427);
#6426 = CARTESIAN_POINT('',(0.,-0.));
#6427 = VECTOR('',#6428,1.);
#6428 = DIRECTION('',(0.,1.));
#6429 = ( GEOMETRIC_REPRESENTATION_CONTEXT(2) 
PARAMETRIC_REPRESENTATION_CONTEXT() REPRESENTATION_CONTEXT('2D SPACE',''
  ) );
#6430 = ORIENTED_EDGE('',*,*,#6321,.T.);
#6431 = ORIENTED_EDGE('',*,*,#6410,.T.);
#6432 = ADVANCED_FACE('',(#6433),#6303,.F.);
#6433 = FACE_BOUND('',#6434,.F.);
#6434 = EDGE_LOOP('',(#6435,#6436,#6457,#6458));
#6435 = ORIENTED_EDGE('',*,*,#6286,.F.);
#6436 = ORIENTED_EDGE('',*,*,#6437,.F.);
#6437 = EDGE_CURVE('',#6352,#6287,#6438,.T.);
#6438 = SEAM_CURVE('',#6439,(#6443,#6450),.PCURVE_S1.);
#6439 = LINE('',#6440,#6441);
#6440 = CARTESIAN_POINT('',(-296.,135.,519.));
#6441 = VECTOR('',#6442,1.);
#6442 = DIRECTION('',(0.,0.,1.));
#6443 = PCURVE('',#6303,#6444);
#6444 = DEFINITIONAL_REPRESENTATION('',(#6445),#6449);
#6445 = LINE('',#6446,#6447);
#6446 = CARTESIAN_POINT('',(6.28318530718,-0.));
#6447 = VECTOR('',#6448,1.);
#6448 = DIRECTION('',(0.,1.));
#6449 = ( GEOMETRIC_REPRESENTATION_CONTEXT(2) 
PARAMETRIC_REPRESENTATION_CONTEXT() REPRESENTATION_CONTEXT('2D SPACE',''
  ) );
#6450 = PCURVE('',#6303,#6451);
#6451 = DEFINITIONAL_REPRESENTATION('',(#6452),#6456);
#6452 = LINE('',#6453,#6454);
#6453 = CARTESIAN_POINT('',(0.,-0.));
#6454 = VECTOR('',#6455,1.);
#6455 = DIRECTION('',(0.,1.));
#6456 = ( GEOMETRIC_REPRESENTATION_CONTEXT(2) 
PARAMETRIC_REPRESENTATION_CONTEXT() REPRESENTATION_CONTEXT('2D SPACE',''
  ) );
#6457 = ORIENTED_EDGE('',*,*,#6351,.T.);
#6458 = ORIENTED_EDGE('',*,*,#6437,.T.);
#6459 = MANIFOLD_SOLID_BREP('',#6460);
#6460 = CLOSED_SHELL('',(#6461,#6581,#6657,#6733,#6811,#6884,#6911,#6938
    ));
#6461 = ADVANCED_FACE('',(#6462),#6476,.F.);
#6462 = FACE_BOUND('',#6463,.F.);
#6463 = EDGE_LOOP('',(#6464,#6499,#6527,#6555));
#6464 = ORIENTED_EDGE('',*,*,#6465,.T.);
#6465 = EDGE_CURVE('',#6466,#6468,#6470,.T.);
#6466 = VERTEX_POINT('',#6467);
#6467 = CARTESIAN_POINT('',(-35.,-55.,227.));
#6468 = VERTEX_POINT('',#6469);
#6469 = CARTESIAN_POINT('',(-35.,-50.,227.));
#6470 = SURFACE_CURVE('',#6471,(#6475,#6487),.PCURVE_S1.);
#6471 = LINE('',#6472,#6473);
#6472 = CARTESIAN_POINT('',(-35.,-55.,227.));
#6473 = VECTOR('',#6474,1.);
#6474 = DIRECTION('',(0.,1.,0.));
#6475 = PCURVE('',#6476,#6481);
#6476 = PLANE('',#6477);
#6477 = AXIS2_PLACEMENT_3D('',#6478,#6479,#6480);
#6478 = CARTESIAN_POINT('',(-35.,-55.,227.));
#6479 = DIRECTION('',(0.894427191,-0.,0.4472135955));
#6480 = DIRECTION('',(-0.4472135955,0.,0.894427191));
#6481 = DEFINITIONAL_REPRESENTATION('',(#6482),#6486);
#6482 = LINE('',#6483,#6484);
#6483 = CARTESIAN_POINT('',(0.,0.));
#6484 = VECTOR('',#6485,1.);
#6485 = DIRECTION('',(0.,-1.));
#6486 = ( GEOMETRIC_REPRESENTATION_CONTEXT(2) 
PARAMETRIC_REPRESENTATION_CONTEXT() REPRESENTATION_CONTEXT('2D SPACE',''
  ) );
#6487 = PCURVE('',#6488,#6493);
#6488 = PLANE('',#6489);
#6489 = AXIS2_PLACEMENT_3D('',#6490,#6491,#6492);
#6490 = CARTESIAN_POINT('',(-35.,-55.,227.));
#6491 = DIRECTION('',(0.381418550482,-0.,0.924402449882));
#6492 = DIRECTION('',(-0.924402449882,0.,0.381418550482));
#6493 = DEFINITIONAL_REPRESENTATION('',(#6494),#6498);
#6494 = LINE('',#6495,#6496);
#6495 = CARTESIAN_POINT('',(0.,0.));
#6496 = VECTOR('',#6497,1.);
#6497 = DIRECTION('',(0.,-1.));
#6498 = ( GEOMETRIC_REPRESENTATION_CONTEXT(2) 
PARAMETRIC_REPRESENTATION_CONTEXT() REPRESENTATION_CONTEXT('2D SPACE',''
  ) );
#6499 = ORIENTED_EDGE('',*,*,#6500,.T.);
#6500 = EDGE_CURVE('',#6468,#6501,#6503,.T.);
#6501 = VERTEX_POINT('',#6502);
#6502 = CARTESIAN_POINT('',(-50.,-50.,257.));
#6503 = SURFACE_CURVE('',#6504,(#6508,#6515),.PCURVE_S1.);
#6504 = LINE('',#6505,#6506);
#6505 = CARTESIAN_POINT('',(-35.,-50.,227.));
#6506 = VECTOR('',#6507,1.);
#6507 = DIRECTION('',(-0.4472135955,0.,0.894427191));
#6508 = PCURVE('',#6476,#6509);
#6509 = DEFINITIONAL_REPRESENTATION('',(#6510),#6514);
#6510 = LINE('',#6511,#6512);
#6511 = CARTESIAN_POINT('',(0.,-5.));
#6512 = VECTOR('',#6513,1.);
#6513 = DIRECTION('',(1.,0.));
#6514 = ( GEOMETRIC_REPRESENTATION_CONTEXT(2) 
PARAMETRIC_REPRESENTATION_CONTEXT() REPRESENTATION_CONTEXT('2D SPACE',''
  ) );
#6515 = PCURVE('',#6516,#6521);
#6516 = PLANE('',#6517);
#6517 = AXIS2_PLACEMENT_3D('',#6518,#6519,#6520);
#6518 = CARTESIAN_POINT('',(-71.05132832727,-50.,218.49520693128));
#6519 = DIRECTION('',(-0.,-1.,-0.));
#6520 = DIRECTION('',(0.,0.,-1.));
#6521 = DEFINITIONAL_REPRESENTATION('',(#6522),#6526);
#6522 = LINE('',#6523,#6524);
#6523 = CARTESIAN_POINT('',(-8.504793068716,36.051328327275));
#6524 = VECTOR('',#6525,1.);
#6525 = DIRECTION('',(-0.894427191,-0.4472135955));
#6526 = ( GEOMETRIC_REPRESENTATION_CONTEXT(2) 
PARAMETRIC_REPRESENTATION_CONTEXT() REPRESENTATION_CONTEXT('2D SPACE',''
  ) );
#6527 = ORIENTED_EDGE('',*,*,#6528,.F.);
#6528 = EDGE_CURVE('',#6529,#6501,#6531,.T.);
#6529 = VERTEX_POINT('',#6530);
#6530 = CARTESIAN_POINT('',(-50.,-55.,257.));
#6531 = SURFACE_CURVE('',#6532,(#6536,#6543),.PCURVE_S1.);
#6532 = LINE('',#6533,#6534);
#6533 = CARTESIAN_POINT('',(-50.,-55.,257.));
#6534 = VECTOR('',#6535,1.);
#6535 = DIRECTION('',(0.,1.,0.));
#6536 = PCURVE('',#6476,#6537);
#6537 = DEFINITIONAL_REPRESENTATION('',(#6538),#6542);
#6538 = LINE('',#6539,#6540);
#6539 = CARTESIAN_POINT('',(33.541019662497,0.));
#6540 = VECTOR('',#6541,1.);
#6541 = DIRECTION('',(0.,-1.));
#6542 = ( GEOMETRIC_REPRESENTATION_CONTEXT(2) 
PARAMETRIC_REPRESENTATION_CONTEXT() REPRESENTATION_CONTEXT('2D SPACE',''
  ) );
#6543 = PCURVE('',#6544,#6549);
#6544 = PLANE('',#6545);
#6545 = AXIS2_PLACEMENT_3D('',#6546,#6547,#6548);
#6546 = CARTESIAN_POINT('',(-50.54998149518,-55.,188.55513627132));
#6547 = DIRECTION('',(0.999967717779,0.,-8.035135298718E-03));
#6548 = DIRECTION('',(8.035135298718E-03,0.,0.999967717779));
#6549 = DEFINITIONAL_REPRESENTATION('',(#6550),#6554);
#6550 = LINE('',#6551,#6552);
#6551 = CARTESIAN_POINT('',(68.447073352199,0.));
#6552 = VECTOR('',#6553,1.);
#6553 = DIRECTION('',(0.,-1.));
#6554 = ( GEOMETRIC_REPRESENTATION_CONTEXT(2) 
PARAMETRIC_REPRESENTATION_CONTEXT() REPRESENTATION_CONTEXT('2D SPACE',''
  ) );
#6555 = ORIENTED_EDGE('',*,*,#6556,.F.);
#6556 = EDGE_CURVE('',#6466,#6529,#6557,.T.);
#6557 = SURFACE_CURVE('',#6558,(#6562,#6569),.PCURVE_S1.);
#6558 = LINE('',#6559,#6560);
#6559 = CARTESIAN_POINT('',(-35.,-55.,227.));
#6560 = VECTOR('',#6561,1.);
#6561 = DIRECTION('',(-0.4472135955,0.,0.894427191));
#6562 = PCURVE('',#6476,#6563);
#6563 = DEFINITIONAL_REPRESENTATION('',(#6564),#6568);
#6564 = LINE('',#6565,#6566);
#6565 = CARTESIAN_POINT('',(0.,0.));
#6566 = VECTOR('',#6567,1.);
#6567 = DIRECTION('',(1.,0.));
#6568 = ( GEOMETRIC_REPRESENTATION_CONTEXT(2) 
PARAMETRIC_REPRESENTATION_CONTEXT() REPRESENTATION_CONTEXT('2D SPACE',''
  ) );
#6569 = PCURVE('',#6570,#6575);
#6570 = PLANE('',#6571);
#6571 = AXIS2_PLACEMENT_3D('',#6572,#6573,#6574);
#6572 = CARTESIAN_POINT('',(-71.05132832727,-55.,218.49520693128));
#6573 = DIRECTION('',(-0.,-1.,-0.));
#6574 = DIRECTION('',(0.,0.,-1.));
#6575 = DEFINITIONAL_REPRESENTATION('',(#6576),#6580);
#6576 = LINE('',#6577,#6578);
#6577 = CARTESIAN_POINT('',(-8.504793068716,36.051328327275));
#6578 = VECTOR('',#6579,1.);
#6579 = DIRECTION('',(-0.894427191,-0.4472135955));
#6580 = ( GEOMETRIC_REPRESENTATION_CONTEXT(2) 
PARAMETRIC_REPRESENTATION_CONTEXT() REPRESENTATION_CONTEXT('2D SPACE',''
  ) );
#6581 = ADVANCED_FACE('',(#6582),#6488,.T.);
#6582 = FACE_BOUND('',#6583,.T.);
#6583 = EDGE_LOOP('',(#6584,#6585,#6608,#6636));
#6584 = ORIENTED_EDGE('',*,*,#6465,.T.);
#6585 = ORIENTED_EDGE('',*,*,#6586,.T.);
#6586 = EDGE_CURVE('',#6468,#6587,#6589,.T.);
#6587 = VERTEX_POINT('',#6588);
#6588 = CARTESIAN_POINT('',(-84.54998149518,-50.,247.44486372867));
#6589 = SURFACE_CURVE('',#6590,(#6594,#6601),.PCURVE_S1.);
#6590 = LINE('',#6591,#6592);
#6591 = CARTESIAN_POINT('',(-35.,-50.,227.));
#6592 = VECTOR('',#6593,1.);
#6593 = DIRECTION('',(-0.924402449882,0.,0.381418550482));
#6594 = PCURVE('',#6488,#6595);
#6595 = DEFINITIONAL_REPRESENTATION('',(#6596),#6600);
#6596 = LINE('',#6597,#6598);
#6597 = CARTESIAN_POINT('',(0.,-5.));
#6598 = VECTOR('',#6599,1.);
#6599 = DIRECTION('',(1.,0.));
#6600 = ( GEOMETRIC_REPRESENTATION_CONTEXT(2) 
PARAMETRIC_REPRESENTATION_CONTEXT() REPRESENTATION_CONTEXT('2D SPACE',''
  ) );
#6601 = PCURVE('',#6516,#6602);
#6602 = DEFINITIONAL_REPRESENTATION('',(#6603),#6607);
#6603 = LINE('',#6604,#6605);
#6604 = CARTESIAN_POINT('',(-8.504793068716,36.051328327275));
#6605 = VECTOR('',#6606,1.);
#6606 = DIRECTION('',(-0.381418550482,-0.924402449882));
#6607 = ( GEOMETRIC_REPRESENTATION_CONTEXT(2) 
PARAMETRIC_REPRESENTATION_CONTEXT() REPRESENTATION_CONTEXT('2D SPACE',''
  ) );
#6608 = ORIENTED_EDGE('',*,*,#6609,.F.);
#6609 = EDGE_CURVE('',#6610,#6587,#6612,.T.);
#6610 = VERTEX_POINT('',#6611);
#6611 = CARTESIAN_POINT('',(-84.54998149518,-55.,247.44486372867));
#6612 = SURFACE_CURVE('',#6613,(#6617,#6624),.PCURVE_S1.);
#6613 = LINE('',#6614,#6615);
#6614 = CARTESIAN_POINT('',(-84.54998149518,-55.,247.44486372867));
#6615 = VECTOR('',#6616,1.);
#6616 = DIRECTION('',(0.,1.,0.));
#6617 = PCURVE('',#6488,#6618);
#6618 = DEFINITIONAL_REPRESENTATION('',(#6619),#6623);
#6619 = LINE('',#6620,#6621);
#6620 = CARTESIAN_POINT('',(53.602174573959,0.));
#6621 = VECTOR('',#6622,1.);
#6622 = DIRECTION('',(0.,-1.));
#6623 = ( GEOMETRIC_REPRESENTATION_CONTEXT(2) 
PARAMETRIC_REPRESENTATION_CONTEXT() REPRESENTATION_CONTEXT('2D SPACE',''
  ) );
#6624 = PCURVE('',#6625,#6630);
#6625 = PLANE('',#6626);
#6626 = AXIS2_PLACEMENT_3D('',#6627,#6628,#6629);
#6627 = CARTESIAN_POINT('',(-84.54998149518,-55.,247.44486372867));
#6628 = DIRECTION('',(-0.5,0.,0.866025403784));
#6629 = DIRECTION('',(-0.866025403784,0.,-0.5));
#6630 = DEFINITIONAL_REPRESENTATION('',(#6631),#6635);
#6631 = LINE('',#6632,#6633);
#6632 = CARTESIAN_POINT('',(0.,0.));
#6633 = VECTOR('',#6634,1.);
#6634 = DIRECTION('',(0.,-1.));
#6635 = ( GEOMETRIC_REPRESENTATION_CONTEXT(2) 
PARAMETRIC_REPRESENTATION_CONTEXT() REPRESENTATION_CONTEXT('2D SPACE',''
  ) );
#6636 = ORIENTED_EDGE('',*,*,#6637,.F.);
#6637 = EDGE_CURVE('',#6466,#6610,#6638,.T.);
#6638 = SURFACE_CURVE('',#6639,(#6643,#6650),.PCURVE_S1.);
#6639 = LINE('',#6640,#6641);
#6640 = CARTESIAN_POINT('',(-35.,-55.,227.));
#6641 = VECTOR('',#6642,1.);
#6642 = DIRECTION('',(-0.924402449882,0.,0.381418550482));
#6643 = PCURVE('',#6488,#6644);
#6644 = DEFINITIONAL_REPRESENTATION('',(#6645),#6649);
#6645 = LINE('',#6646,#6647);
#6646 = CARTESIAN_POINT('',(0.,0.));
#6647 = VECTOR('',#6648,1.);
#6648 = DIRECTION('',(1.,0.));
#6649 = ( GEOMETRIC_REPRESENTATION_CONTEXT(2) 
PARAMETRIC_REPRESENTATION_CONTEXT() REPRESENTATION_CONTEXT('2D SPACE',''
  ) );
#6650 = PCURVE('',#6570,#6651);
#6651 = DEFINITIONAL_REPRESENTATION('',(#6652),#6656);
#6652 = LINE('',#6653,#6654);
#6653 = CARTESIAN_POINT('',(-8.504793068716,36.051328327275));
#6654 = VECTOR('',#6655,1.);
#6655 = DIRECTION('',(-0.381418550482,-0.924402449882));
#6656 = ( GEOMETRIC_REPRESENTATION_CONTEXT(2) 
PARAMETRIC_REPRESENTATION_CONTEXT() REPRESENTATION_CONTEXT('2D SPACE',''
  ) );
#6657 = ADVANCED_FACE('',(#6658),#6544,.T.);
#6658 = FACE_BOUND('',#6659,.T.);
#6659 = EDGE_LOOP('',(#6660,#6690,#6711,#6712));
#6660 = ORIENTED_EDGE('',*,*,#6661,.T.);
#6661 = EDGE_CURVE('',#6662,#6664,#6666,.T.);
#6662 = VERTEX_POINT('',#6663);
#6663 = CARTESIAN_POINT('',(-50.54998149518,-55.,188.55513627132));
#6664 = VERTEX_POINT('',#6665);
#6665 = CARTESIAN_POINT('',(-50.54998149518,-50.,188.55513627132));
#6666 = SURFACE_CURVE('',#6667,(#6671,#6678),.PCURVE_S1.);
#6667 = LINE('',#6668,#6669);
#6668 = CARTESIAN_POINT('',(-50.54998149518,-55.,188.55513627132));
#6669 = VECTOR('',#6670,1.);
#6670 = DIRECTION('',(0.,1.,0.));
#6671 = PCURVE('',#6544,#6672);
#6672 = DEFINITIONAL_REPRESENTATION('',(#6673),#6677);
#6673 = LINE('',#6674,#6675);
#6674 = CARTESIAN_POINT('',(0.,0.));
#6675 = VECTOR('',#6676,1.);
#6676 = DIRECTION('',(0.,-1.));
#6677 = ( GEOMETRIC_REPRESENTATION_CONTEXT(2) 
PARAMETRIC_REPRESENTATION_CONTEXT() REPRESENTATION_CONTEXT('2D SPACE',''
  ) );
#6678 = PCURVE('',#6679,#6684);
#6679 = PLANE('',#6680);
#6680 = AXIS2_PLACEMENT_3D('',#6681,#6682,#6683);
#6681 = CARTESIAN_POINT('',(-83.45894683899,-55.,169.55513627132));
#6682 = DIRECTION('',(0.5,0.,-0.866025403784));
#6683 = DIRECTION('',(0.866025403784,0.,0.5));
#6684 = DEFINITIONAL_REPRESENTATION('',(#6685),#6689);
#6685 = LINE('',#6686,#6687);
#6686 = CARTESIAN_POINT('',(38.,0.));
#6687 = VECTOR('',#6688,1.);
#6688 = DIRECTION('',(0.,-1.));
#6689 = ( GEOMETRIC_REPRESENTATION_CONTEXT(2) 
PARAMETRIC_REPRESENTATION_CONTEXT() REPRESENTATION_CONTEXT('2D SPACE',''
  ) );
#6690 = ORIENTED_EDGE('',*,*,#6691,.T.);
#6691 = EDGE_CURVE('',#6664,#6501,#6692,.T.);
#6692 = SURFACE_CURVE('',#6693,(#6697,#6704),.PCURVE_S1.);
#6693 = LINE('',#6694,#6695);
#6694 = CARTESIAN_POINT('',(-50.54998149518,-50.,188.55513627132));
#6695 = VECTOR('',#6696,1.);
#6696 = DIRECTION('',(8.035135298718E-03,0.,0.999967717779));
#6697 = PCURVE('',#6544,#6698);
#6698 = DEFINITIONAL_REPRESENTATION('',(#6699),#6703);
#6699 = LINE('',#6700,#6701);
#6700 = CARTESIAN_POINT('',(0.,-5.));
#6701 = VECTOR('',#6702,1.);
#6702 = DIRECTION('',(1.,0.));
#6703 = ( GEOMETRIC_REPRESENTATION_CONTEXT(2) 
PARAMETRIC_REPRESENTATION_CONTEXT() REPRESENTATION_CONTEXT('2D SPACE',''
  ) );
#6704 = PCURVE('',#6516,#6705);
#6705 = DEFINITIONAL_REPRESENTATION('',(#6706),#6710);
#6706 = LINE('',#6707,#6708);
#6707 = CARTESIAN_POINT('',(29.940070659955,20.501346832088));
#6708 = VECTOR('',#6709,1.);
#6709 = DIRECTION('',(-0.999967717779,8.035135298718E-03));
#6710 = ( GEOMETRIC_REPRESENTATION_CONTEXT(2) 
PARAMETRIC_REPRESENTATION_CONTEXT() REPRESENTATION_CONTEXT('2D SPACE',''
  ) );
#6711 = ORIENTED_EDGE('',*,*,#6528,.F.);
#6712 = ORIENTED_EDGE('',*,*,#6713,.F.);
#6713 = EDGE_CURVE('',#6662,#6529,#6714,.T.);
#6714 = SURFACE_CURVE('',#6715,(#6719,#6726),.PCURVE_S1.);
#6715 = LINE('',#6716,#6717);
#6716 = CARTESIAN_POINT('',(-50.54998149518,-55.,188.55513627132));
#6717 = VECTOR('',#6718,1.);
#6718 = DIRECTION('',(8.035135298718E-03,0.,0.999967717779));
#6719 = PCURVE('',#6544,#6720);
#6720 = DEFINITIONAL_REPRESENTATION('',(#6721),#6725);
#6721 = LINE('',#6722,#6723);
#6722 = CARTESIAN_POINT('',(0.,0.));
#6723 = VECTOR('',#6724,1.);
#6724 = DIRECTION('',(1.,0.));
#6725 = ( GEOMETRIC_REPRESENTATION_CONTEXT(2) 
PARAMETRIC_REPRESENTATION_CONTEXT() REPRESENTATION_CONTEXT('2D SPACE',''
  ) );
#6726 = PCURVE('',#6570,#6727);
#6727 = DEFINITIONAL_REPRESENTATION('',(#6728),#6732);
#6728 = LINE('',#6729,#6730);
#6729 = CARTESIAN_POINT('',(29.940070659955,20.501346832088));
#6730 = VECTOR('',#6731,1.);
#6731 = DIRECTION('',(-0.999967717779,8.035135298718E-03));
#6732 = ( GEOMETRIC_REPRESENTATION_CONTEXT(2) 
PARAMETRIC_REPRESENTATION_CONTEXT() REPRESENTATION_CONTEXT('2D SPACE',''
  ) );
#6733 = ADVANCED_FACE('',(#6734),#6570,.T.);
#6734 = FACE_BOUND('',#6735,.T.);
#6735 = EDGE_LOOP('',(#6736,#6737,#6760,#6788,#6809,#6810));
#6736 = ORIENTED_EDGE('',*,*,#6637,.T.);
#6737 = ORIENTED_EDGE('',*,*,#6738,.T.);
#6738 = EDGE_CURVE('',#6610,#6739,#6741,.T.);
#6739 = VERTEX_POINT('',#6740);
#6740 = CARTESIAN_POINT('',(-117.4589468389,-55.,228.44486372867));
#6741 = SURFACE_CURVE('',#6742,(#6746,#6753),.PCURVE_S1.);
#6742 = LINE('',#6743,#6744);
#6743 = CARTESIAN_POINT('',(-84.54998149518,-55.,247.44486372867));
#6744 = VECTOR('',#6745,1.);
#6745 = DIRECTION('',(-0.866025403784,0.,-0.5));
#6746 = PCURVE('',#6570,#6747);
#6747 = DEFINITIONAL_REPRESENTATION('',(#6748),#6752);
#6748 = LINE('',#6749,#6750);
#6749 = CARTESIAN_POINT('',(-28.94965679738,-13.49865316791));
#6750 = VECTOR('',#6751,1.);
#6751 = DIRECTION('',(0.5,-0.866025403784));
#6752 = ( GEOMETRIC_REPRESENTATION_CONTEXT(2) 
PARAMETRIC_REPRESENTATION_CONTEXT() REPRESENTATION_CONTEXT('2D SPACE',''
  ) );
#6753 = PCURVE('',#6625,#6754);
#6754 = DEFINITIONAL_REPRESENTATION('',(#6755),#6759);
#6755 = LINE('',#6756,#6757);
#6756 = CARTESIAN_POINT('',(0.,0.));
#6757 = VECTOR('',#6758,1.);
#6758 = DIRECTION('',(1.,0.));
#6759 = ( GEOMETRIC_REPRESENTATION_CONTEXT(2) 
PARAMETRIC_REPRESENTATION_CONTEXT() REPRESENTATION_CONTEXT('2D SPACE',''
  ) );
#6760 = ORIENTED_EDGE('',*,*,#6761,.T.);
#6761 = EDGE_CURVE('',#6739,#6762,#6764,.T.);
#6762 = VERTEX_POINT('',#6763);
#6763 = CARTESIAN_POINT('',(-83.45894683899,-55.,169.55513627132));
#6764 = SURFACE_CURVE('',#6765,(#6769,#6776),.PCURVE_S1.);
#6765 = LINE('',#6766,#6767);
#6766 = CARTESIAN_POINT('',(-117.4589468389,-55.,228.44486372867));
#6767 = VECTOR('',#6768,1.);
#6768 = DIRECTION('',(0.5,0.,-0.866025403784));
#6769 = PCURVE('',#6570,#6770);
#6770 = DEFINITIONAL_REPRESENTATION('',(#6771),#6775);
#6771 = LINE('',#6772,#6773);
#6772 = CARTESIAN_POINT('',(-9.949656797387,-46.40761851172));
#6773 = VECTOR('',#6774,1.);
#6774 = DIRECTION('',(0.866025403784,0.5));
#6775 = ( GEOMETRIC_REPRESENTATION_CONTEXT(2) 
PARAMETRIC_REPRESENTATION_CONTEXT() REPRESENTATION_CONTEXT('2D SPACE',''
  ) );
#6776 = PCURVE('',#6777,#6782);
#6777 = PLANE('',#6778);
#6778 = AXIS2_PLACEMENT_3D('',#6779,#6780,#6781);
#6779 = CARTESIAN_POINT('',(-117.4589468389,-55.,228.44486372867));
#6780 = DIRECTION('',(-0.866025403784,0.,-0.5));
#6781 = DIRECTION('',(0.5,0.,-0.866025403784));
#6782 = DEFINITIONAL_REPRESENTATION('',(#6783),#6787);
#6783 = LINE('',#6784,#6785);
#6784 = CARTESIAN_POINT('',(0.,0.));
#6785 = VECTOR('',#6786,1.);
#6786 = DIRECTION('',(1.,0.));
#6787 = ( GEOMETRIC_REPRESENTATION_CONTEXT(2) 
PARAMETRIC_REPRESENTATION_CONTEXT() REPRESENTATION_CONTEXT('2D SPACE',''
  ) );
#6788 = ORIENTED_EDGE('',*,*,#6789,.T.);
#6789 = EDGE_CURVE('',#6762,#6662,#6790,.T.);
#6790 = SURFACE_CURVE('',#6791,(#6795,#6802),.PCURVE_S1.);
#6791 = LINE('',#6792,#6793);
#6792 = CARTESIAN_POINT('',(-83.45894683899,-55.,169.55513627132));
#6793 = VECTOR('',#6794,1.);
#6794 = DIRECTION('',(0.866025403784,0.,0.5));
#6795 = PCURVE('',#6570,#6796);
#6796 = DEFINITIONAL_REPRESENTATION('',(#6797),#6801);
#6797 = LINE('',#6798,#6799);
#6798 = CARTESIAN_POINT('',(48.940070659955,-12.40761851172));
#6799 = VECTOR('',#6800,1.);
#6800 = DIRECTION('',(-0.5,0.866025403784));
#6801 = ( GEOMETRIC_REPRESENTATION_CONTEXT(2) 
PARAMETRIC_REPRESENTATION_CONTEXT() REPRESENTATION_CONTEXT('2D SPACE',''
  ) );
#6802 = PCURVE('',#6679,#6803);
#6803 = DEFINITIONAL_REPRESENTATION('',(#6804),#6808);
#6804 = LINE('',#6805,#6806);
#6805 = CARTESIAN_POINT('',(0.,0.));
#6806 = VECTOR('',#6807,1.);
#6807 = DIRECTION('',(1.,0.));
#6808 = ( GEOMETRIC_REPRESENTATION_CONTEXT(2) 
PARAMETRIC_REPRESENTATION_CONTEXT() REPRESENTATION_CONTEXT('2D SPACE',''
  ) );
#6809 = ORIENTED_EDGE('',*,*,#6713,.T.);
#6810 = ORIENTED_EDGE('',*,*,#6556,.F.);
#6811 = ADVANCED_FACE('',(#6812),#6516,.F.);
#6812 = FACE_BOUND('',#6813,.F.);
#6813 = EDGE_LOOP('',(#6814,#6815,#6838,#6861,#6882,#6883));
#6814 = ORIENTED_EDGE('',*,*,#6586,.T.);
#6815 = ORIENTED_EDGE('',*,*,#6816,.T.);
#6816 = EDGE_CURVE('',#6587,#6817,#6819,.T.);
#6817 = VERTEX_POINT('',#6818);
#6818 = CARTESIAN_POINT('',(-117.4589468389,-50.,228.44486372867));
#6819 = SURFACE_CURVE('',#6820,(#6824,#6831),.PCURVE_S1.);
#6820 = LINE('',#6821,#6822);
#6821 = CARTESIAN_POINT('',(-84.54998149518,-50.,247.44486372867));
#6822 = VECTOR('',#6823,1.);
#6823 = DIRECTION('',(-0.866025403784,0.,-0.5));
#6824 = PCURVE('',#6516,#6825);
#6825 = DEFINITIONAL_REPRESENTATION('',(#6826),#6830);
#6826 = LINE('',#6827,#6828);
#6827 = CARTESIAN_POINT('',(-28.94965679738,-13.49865316791));
#6828 = VECTOR('',#6829,1.);
#6829 = DIRECTION('',(0.5,-0.866025403784));
#6830 = ( GEOMETRIC_REPRESENTATION_CONTEXT(2) 
PARAMETRIC_REPRESENTATION_CONTEXT() REPRESENTATION_CONTEXT('2D SPACE',''
  ) );
#6831 = PCURVE('',#6625,#6832);
#6832 = DEFINITIONAL_REPRESENTATION('',(#6833),#6837);
#6833 = LINE('',#6834,#6835);
#6834 = CARTESIAN_POINT('',(0.,-5.));
#6835 = VECTOR('',#6836,1.);
#6836 = DIRECTION('',(1.,0.));
#6837 = ( GEOMETRIC_REPRESENTATION_CONTEXT(2) 
PARAMETRIC_REPRESENTATION_CONTEXT() REPRESENTATION_CONTEXT('2D SPACE',''
  ) );
#6838 = ORIENTED_EDGE('',*,*,#6839,.T.);
#6839 = EDGE_CURVE('',#6817,#6840,#6842,.T.);
#6840 = VERTEX_POINT('',#6841);
#6841 = CARTESIAN_POINT('',(-83.45894683899,-50.,169.55513627132));
#6842 = SURFACE_CURVE('',#6843,(#6847,#6854),.PCURVE_S1.);
#6843 = LINE('',#6844,#6845);
#6844 = CARTESIAN_POINT('',(-117.4589468389,-50.,228.44486372867));
#6845 = VECTOR('',#6846,1.);
#6846 = DIRECTION('',(0.5,0.,-0.866025403784));
#6847 = PCURVE('',#6516,#6848);
#6848 = DEFINITIONAL_REPRESENTATION('',(#6849),#6853);
#6849 = LINE('',#6850,#6851);
#6850 = CARTESIAN_POINT('',(-9.949656797387,-46.40761851172));
#6851 = VECTOR('',#6852,1.);
#6852 = DIRECTION('',(0.866025403784,0.5));
#6853 = ( GEOMETRIC_REPRESENTATION_CONTEXT(2) 
PARAMETRIC_REPRESENTATION_CONTEXT() REPRESENTATION_CONTEXT('2D SPACE',''
  ) );
#6854 = PCURVE('',#6777,#6855);
#6855 = DEFINITIONAL_REPRESENTATION('',(#6856),#6860);
#6856 = LINE('',#6857,#6858);
#6857 = CARTESIAN_POINT('',(0.,-5.));
#6858 = VECTOR('',#6859,1.);
#6859 = DIRECTION('',(1.,0.));
#6860 = ( GEOMETRIC_REPRESENTATION_CONTEXT(2) 
PARAMETRIC_REPRESENTATION_CONTEXT() REPRESENTATION_CONTEXT('2D SPACE',''
  ) );
#6861 = ORIENTED_EDGE('',*,*,#6862,.T.);
#6862 = EDGE_CURVE('',#6840,#6664,#6863,.T.);
#6863 = SURFACE_CURVE('',#6864,(#6868,#6875),.PCURVE_S1.);
#6864 = LINE('',#6865,#6866);
#6865 = CARTESIAN_POINT('',(-83.45894683899,-50.,169.55513627132));
#6866 = VECTOR('',#6867,1.);
#6867 = DIRECTION('',(0.866025403784,0.,0.5));
#6868 = PCURVE('',#6516,#6869);
#6869 = DEFINITIONAL_REPRESENTATION('',(#6870),#6874);
#6870 = LINE('',#6871,#6872);
#6871 = CARTESIAN_POINT('',(48.940070659955,-12.40761851172));
#6872 = VECTOR('',#6873,1.);
#6873 = DIRECTION('',(-0.5,0.866025403784));
#6874 = ( GEOMETRIC_REPRESENTATION_CONTEXT(2) 
PARAMETRIC_REPRESENTATION_CONTEXT() REPRESENTATION_CONTEXT('2D SPACE',''
  ) );
#6875 = PCURVE('',#6679,#6876);
#6876 = DEFINITIONAL_REPRESENTATION('',(#6877),#6881);
#6877 = LINE('',#6878,#6879);
#6878 = CARTESIAN_POINT('',(0.,-5.));
#6879 = VECTOR('',#6880,1.);
#6880 = DIRECTION('',(1.,0.));
#6881 = ( GEOMETRIC_REPRESENTATION_CONTEXT(2) 
PARAMETRIC_REPRESENTATION_CONTEXT() REPRESENTATION_CONTEXT('2D SPACE',''
  ) );
#6882 = ORIENTED_EDGE('',*,*,#6691,.T.);
#6883 = ORIENTED_EDGE('',*,*,#6500,.F.);
#6884 = ADVANCED_FACE('',(#6885),#6625,.T.);
#6885 = FACE_BOUND('',#6886,.T.);
#6886 = EDGE_LOOP('',(#6887,#6888,#6889,#6910));
#6887 = ORIENTED_EDGE('',*,*,#6609,.T.);
#6888 = ORIENTED_EDGE('',*,*,#6816,.T.);
#6889 = ORIENTED_EDGE('',*,*,#6890,.F.);
#6890 = EDGE_CURVE('',#6739,#6817,#6891,.T.);
#6891 = SURFACE_CURVE('',#6892,(#6896,#6903),.PCURVE_S1.);
#6892 = LINE('',#6893,#6894);
#6893 = CARTESIAN_POINT('',(-117.4589468389,-55.,228.44486372867));
#6894 = VECTOR('',#6895,1.);
#6895 = DIRECTION('',(0.,1.,0.));
#6896 = PCURVE('',#6625,#6897);
#6897 = DEFINITIONAL_REPRESENTATION('',(#6898),#6902);
#6898 = LINE('',#6899,#6900);
#6899 = CARTESIAN_POINT('',(38.,0.));
#6900 = VECTOR('',#6901,1.);
#6901 = DIRECTION('',(0.,-1.));
#6902 = ( GEOMETRIC_REPRESENTATION_CONTEXT(2) 
PARAMETRIC_REPRESENTATION_CONTEXT() REPRESENTATION_CONTEXT('2D SPACE',''
  ) );
#6903 = PCURVE('',#6777,#6904);
#6904 = DEFINITIONAL_REPRESENTATION('',(#6905),#6909);
#6905 = LINE('',#6906,#6907);
#6906 = CARTESIAN_POINT('',(0.,0.));
#6907 = VECTOR('',#6908,1.);
#6908 = DIRECTION('',(0.,-1.));
#6909 = ( GEOMETRIC_REPRESENTATION_CONTEXT(2) 
PARAMETRIC_REPRESENTATION_CONTEXT() REPRESENTATION_CONTEXT('2D SPACE',''
  ) );
#6910 = ORIENTED_EDGE('',*,*,#6738,.F.);
#6911 = ADVANCED_FACE('',(#6912),#6679,.T.);
#6912 = FACE_BOUND('',#6913,.T.);
#6913 = EDGE_LOOP('',(#6914,#6935,#6936,#6937));
#6914 = ORIENTED_EDGE('',*,*,#6915,.T.);
#6915 = EDGE_CURVE('',#6762,#6840,#6916,.T.);
#6916 = SURFACE_CURVE('',#6917,(#6921,#6928),.PCURVE_S1.);
#6917 = LINE('',#6918,#6919);
#6918 = CARTESIAN_POINT('',(-83.45894683899,-55.,169.55513627132));
#6919 = VECTOR('',#6920,1.);
#6920 = DIRECTION('',(0.,1.,0.));
#6921 = PCURVE('',#6679,#6922);
#6922 = DEFINITIONAL_REPRESENTATION('',(#6923),#6927);
#6923 = LINE('',#6924,#6925);
#6924 = CARTESIAN_POINT('',(0.,0.));
#6925 = VECTOR('',#6926,1.);
#6926 = DIRECTION('',(0.,-1.));
#6927 = ( GEOMETRIC_REPRESENTATION_CONTEXT(2) 
PARAMETRIC_REPRESENTATION_CONTEXT() REPRESENTATION_CONTEXT('2D SPACE',''
  ) );
#6928 = PCURVE('',#6777,#6929);
#6929 = DEFINITIONAL_REPRESENTATION('',(#6930),#6934);
#6930 = LINE('',#6931,#6932);
#6931 = CARTESIAN_POINT('',(68.,0.));
#6932 = VECTOR('',#6933,1.);
#6933 = DIRECTION('',(0.,-1.));
#6934 = ( GEOMETRIC_REPRESENTATION_CONTEXT(2) 
PARAMETRIC_REPRESENTATION_CONTEXT() REPRESENTATION_CONTEXT('2D SPACE',''
  ) );
#6935 = ORIENTED_EDGE('',*,*,#6862,.T.);
#6936 = ORIENTED_EDGE('',*,*,#6661,.F.);
#6937 = ORIENTED_EDGE('',*,*,#6789,.F.);
#6938 = ADVANCED_FACE('',(#6939),#6777,.T.);
#6939 = FACE_BOUND('',#6940,.T.);
#6940 = EDGE_LOOP('',(#6941,#6942,#6943,#6944));
#6941 = ORIENTED_EDGE('',*,*,#6890,.T.);
#6942 = ORIENTED_EDGE('',*,*,#6839,.T.);
#6943 = ORIENTED_EDGE('',*,*,#6915,.F.);
#6944 = ORIENTED_EDGE('',*,*,#6761,.F.);
#6945 = ( GEOMETRIC_REPRESENTATION_CONTEXT(3) 
GLOBAL_UNCERTAINTY_ASSIGNED_CONTEXT((#6949)) 
GLOBAL_UNIT_ASSIGNED_CONTEXT((#6946,#6947,#6948)) REPRESENTATION_CONTEXT
('Context #1','3D Context with UNIT and UNCERTAINTY') );
#6946 = ( LENGTH_UNIT() NAMED_UNIT(*) SI_UNIT(.MILLI.,.METRE.) );
#6947 = ( NAMED_UNIT(*) PLANE_ANGLE_UNIT() SI_UNIT($,.RADIAN.) );
#6948 = ( NAMED_UNIT(*) SI_UNIT($,.STERADIAN.) SOLID_ANGLE_UNIT() );
#6949 = UNCERTAINTY_MEASURE_WITH_UNIT(LENGTH_MEASURE(1.E-07),#6946,
  'distance_accuracy_value','confusion accuracy');
#6950 = PRODUCT_RELATED_PRODUCT_CATEGORY('part',$,(#7));
ENDSEC;
END-ISO-10303-21;
